-- phpMyAdmin SQL Dump
-- version 3.5.6
-- http://www.phpmyadmin.net
--
-- 主机: localhost
-- 生成日期: 2014 年 06 月 17 日 13:26
-- 服务器版本: 5.5.25a-log
-- PHP 版本: 5.4.11

SET SQL_MODE="NO_AUTO_VALUE_ON_ZERO";
SET time_zone = "+00:00";


/*!40101 SET @OLD_CHARACTER_SET_CLIENT=@@CHARACTER_SET_CLIENT */;
/*!40101 SET @OLD_CHARACTER_SET_RESULTS=@@CHARACTER_SET_RESULTS */;
/*!40101 SET @OLD_COLLATION_CONNECTION=@@COLLATION_CONNECTION */;
/*!40101 SET NAMES utf8 */;

--
-- 数据库: `teachingmanagement`
--

-- --------------------------------------------------------

--
-- 表的结构 `admin_group`
--

CREATE TABLE IF NOT EXISTS `admin_group` (
  `gid` int(11) NOT NULL AUTO_INCREMENT COMMENT 'ID索引字段',
  `gname` varchar(100) NOT NULL COMMENT '组名称',
  `flag` int(4) NOT NULL COMMENT '1 超级管理员用户组和0 其他用户组',
  `type` int(4) NOT NULL COMMENT '0正常，1只读组 2.写入组 3.课程审核组 只读组不允许编辑或删除 可写组没有删除 ,课程审核组可以审核发布课程。',
  `authority` varchar(64) NOT NULL COMMENT '当前所具有的模块权限',
  `addtime` datetime NOT NULL COMMENT '添加时间',
  `status` int(4) NOT NULL COMMENT '0正常 -1删除',
  PRIMARY KEY (`gid`)
) ENGINE=MyISAM  DEFAULT CHARSET=utf8 COMMENT='后台管理群组表' AUTO_INCREMENT=11 ;

--
-- 转存表中的数据 `admin_group`
--

INSERT INTO `admin_group` (`gid`, `gname`, `flag`, `type`, `authority`, `addtime`, `status`) VALUES
(1, '系统管理用户组', 0, 0, '8388607', '2014-03-10 05:12:13', 0),
(2, '操作用户组', 0, 2, '65467', '2014-03-10 06:14:17', -1),
(3, '浏览用户组', 0, 1, '65467', '2014-03-10 05:14:12', -1),
(4, '课程管理创建分组', 0, 2, '65408', '0000-00-00 00:00:00', -1),
(5, '课程管理浏览分组', 0, 1, '32640', '2014-03-21 14:28:37', -1),
(6, '审核课程分组', 0, 3, '65456', '2014-03-27 14:08:41', -1),
(7, '协会管理组', 0, 0, '901048', '2014-05-08 16:49:07', 0),
(8, '企业账号管理组', 0, 2, '44984', '2014-05-09 09:55:42', 0),
(9, '专家管理组', 0, 0, '110496', '2014-05-09 11:51:02', 0),
(10, '学校信息审核用户组', 0, 3, '4194304', '2014-05-29 09:26:03', 0);

-- --------------------------------------------------------

--
-- 表的结构 `admin_user`
--

CREATE TABLE IF NOT EXISTS `admin_user` (
  `id` int(11) NOT NULL AUTO_INCREMENT,
  `loginname` varchar(64) NOT NULL,
  `password` varchar(64) NOT NULL,
  `authority` varchar(64) NOT NULL DEFAULT '0' COMMENT '特殊权限:默认为0',
  `funid` int(11) NOT NULL DEFAULT '0' COMMENT '所属机构ID 默认为0不属于任何机构',
  `createtime` datetime NOT NULL,
  PRIMARY KEY (`id`)
) ENGINE=MyISAM  DEFAULT CHARSET=utf8 AUTO_INCREMENT=31 ;

--
-- 转存表中的数据 `admin_user`
--

INSERT INTO `admin_user` (`id`, `loginname`, `password`, `authority`, `funid`, `createtime`) VALUES
(1, 'admin', '900150983cd24fb0d6963f7d28e17f72', '0', 0, '2013-06-03 21:46:49'),
(4, 'juvenile', 'cc468714d352a097fb04c4dd2c425524', '0', 0, '2014-01-20 09:29:24'),
(17, '米莱', '96e79218965eb72c92a549dd5a330112', '0', 0, '2014-03-21 17:01:06'),
(20, 'ldzh_chensj', '96e79218965eb72c92a549dd5a330112', '0', 1, '2014-05-12 09:42:13'),
(19, 'pengjf', '96e79218965eb72c92a549dd5a330112', '0', 1, '2014-05-09 13:27:53'),
(12, '小席', '96e79218965eb72c92a549dd5a330112', '0', 0, '2014-03-14 13:52:49'),
(13, 'adminApp', '96e79218965eb72c92a549dd5a330112', '0', 0, '2014-03-17 10:24:00'),
(14, 'chensj', '96e79218965eb72c92a549dd5a330112', '0', 3, '2014-03-18 11:11:49'),
(21, 'Lindu', '96e79218965eb72c92a549dd5a330112', '0', 0, '2014-05-12 09:50:58'),
(22, 'erdo', '96e79218965eb72c92a549dd5a330112', '0', 9, '2014-05-12 16:46:31'),
(30, 'teacherAdmin', 'a66abb5684c45962d887564f08346e8d', '0', 0, '2014-05-29 09:27:24'),
(29, 'longying5726', '96e79218965eb72c92a549dd5a330112', '0', 18, '2014-05-14 17:16:54');

-- --------------------------------------------------------

--
-- 表的结构 `admin_usergroupmap`
--

CREATE TABLE IF NOT EXISTS `admin_usergroupmap` (
  `mapid` int(11) NOT NULL AUTO_INCREMENT COMMENT '索引ID',
  `gid` int(11) NOT NULL COMMENT '组ID',
  `userid` int(11) NOT NULL COMMENT '后台管理 用户ID',
  PRIMARY KEY (`mapid`)
) ENGINE=MyISAM  DEFAULT CHARSET=utf8 COMMENT='admin_usergroupmap' AUTO_INCREMENT=71 ;

--
-- 转存表中的数据 `admin_usergroupmap`
--

INSERT INTO `admin_usergroupmap` (`mapid`, `gid`, `userid`) VALUES
(62, 8, 20),
(51, 1, 13),
(34, 3, 10),
(20, 2, 11),
(55, 7, 21),
(35, 2, 9),
(59, 8, 14),
(37, 6, 7),
(31, 4, 15),
(32, 4, 16),
(39, 1, 17),
(46, 7, 4),
(44, 9, 18),
(60, 9, 19),
(49, 1, 12),
(63, 8, 22),
(64, 8, 23),
(65, 8, 28),
(70, 10, 30),
(69, 8, 29);

-- --------------------------------------------------------

--
-- 表的结构 `books`
--

CREATE TABLE IF NOT EXISTS `books` (
  `bid` int(11) NOT NULL AUTO_INCREMENT COMMENT '书籍id',
  `bookname` varchar(100) NOT NULL COMMENT '书籍名称',
  `authorid` int(11) NOT NULL COMMENT '作者id',
  `bookinro` text NOT NULL COMMENT '书籍简介',
  `picture` varchar(100) NOT NULL,
  `price` float NOT NULL COMMENT '价格',
  `createtime` datetime NOT NULL COMMENT '创建时间',
  PRIMARY KEY (`bid`)
) ENGINE=MyISAM  DEFAULT CHARSET=utf8 COMMENT='书籍表' AUTO_INCREMENT=5 ;

--
-- 转存表中的数据 `books`
--

INSERT INTO `books` (`bid`, `bookname`, `authorid`, `bookinro`, `picture`, `price`, `createtime`) VALUES
(2, '吧哈哈哈', 6, '哈哈哈哈', '/Uploads/books/20140507191520.jpg', 0, '2014-05-07 19:15:20'),
(3, '你你你你', 23, '飞凤飞飞飞', '/Uploads/books//20140507191733.jpg', 0, '2014-05-07 19:17:33'),
(4, '追风筝的人', 1, '第一章 第二章 第三章 第四章 第五章 第六章 第七章 第八章 第九章 第十章 第十一章 第十二章 第十三章 第十四章 第十五章 第十六章 第十七章 第十八章 第十九章 第二十章 第二十一章 第二十二章 第二十三章 第二十四章 第二十五章 译后记 ', '', 0, '2014-05-07 19:23:48');

-- --------------------------------------------------------

--
-- 表的结构 `category`
--

CREATE TABLE IF NOT EXISTS `category` (
  `categoryid` int(11) NOT NULL AUTO_INCREMENT COMMENT '自增长ID',
  `name` varchar(64) DEFAULT NULL COMMENT '分类名称',
  `iocurl` varchar(200) DEFAULT NULL COMMENT '图标地址',
  PRIMARY KEY (`categoryid`)
) ENGINE=MyISAM  DEFAULT CHARSET=utf8 CHECKSUM=1 DELAY_KEY_WRITE=1 ROW_FORMAT=DYNAMIC COMMENT='课程分类' AUTO_INCREMENT=21 ;

--
-- 转存表中的数据 `category`
--

INSERT INTO `category` (`categoryid`, `name`, `iocurl`) VALUES
(1, '科技', '/Uploads/images/0/5359d58e9787b.png'),
(2, '音乐', '/Uploads/images/4/5359d5983ba26.png'),
(3, '艺术', '/Uploads/images/8/5359d5a48f46f.png'),
(5, '数学', NULL),
(6, '历史', '/Uploads/images/3/5359d5af62009.png'),
(7, '娱乐', '/Uploads/images/3/5359d5b8823b8.png'),
(8, '北京文化', NULL),
(9, '公民素养', NULL),
(10, '文化艺术', NULL),
(11, '家居生活', NULL),
(12, '保健养生', NULL),
(13, '心理健康', NULL),
(14, '职业发展', NULL),
(20, '书籍', '');

-- --------------------------------------------------------

--
-- 表的结构 `cloud_app_addonInfo`
--

CREATE TABLE IF NOT EXISTS `cloud_app_addonInfo` (
  `appid` int(11) NOT NULL,
  `views` int(11) NOT NULL COMMENT '查看次数',
  `opentimes` int(11) NOT NULL COMMENT '使用次数',
  `sumscore` int(11) NOT NULL COMMENT '打分总分',
  `addtime` datetime NOT NULL,
  `lastupdate` datetime NOT NULL
) ENGINE=MyISAM DEFAULT CHARSET=utf8 COMMENT='应用附助信息';

-- --------------------------------------------------------

--
-- 表的结构 `cloud_app_cates`
--

CREATE TABLE IF NOT EXISTS `cloud_app_cates` (
  `cateid` int(11) NOT NULL,
  `pid` int(11) NOT NULL,
  `name` varchar(200) NOT NULL,
  `description` text NOT NULL,
  `status` int(11) NOT NULL,
  `addtime` datetime NOT NULL,
  `lastupdate` datetime NOT NULL
) ENGINE=MyISAM DEFAULT CHARSET=utf8 COMMENT='应用分类';

-- --------------------------------------------------------

--
-- 表的结构 `cloud_app_info`
--

CREATE TABLE IF NOT EXISTS `cloud_app_info` (
  `appid` int(11) NOT NULL,
  `cateid` int(11) NOT NULL COMMENT '应用所属分类',
  `name` varchar(100) NOT NULL,
  `appicon` varchar(100) NOT NULL,
  `description` text NOT NULL,
  `status` tinyint(2) NOT NULL,
  `addtime` datetime NOT NULL,
  `lastupdate` datetime NOT NULL
) ENGINE=MyISAM DEFAULT CHARSET=utf8 COMMENT='(应用)';

-- --------------------------------------------------------

--
-- 表的结构 `cloud_manage_userLog`
--

CREATE TABLE IF NOT EXISTS `cloud_manage_userLog` (
  `logid` int(11) NOT NULL AUTO_INCREMENT COMMENT '日志id',
  `uid` int(11) NOT NULL COMMENT '用户id',
  `action` varchar(50) NOT NULL COMMENT '操作控制器',
  `loginfo` varchar(100) NOT NULL,
  `status` tinyint(2) NOT NULL DEFAULT '0' COMMENT '-1删除0正常',
  `addtime` datetime NOT NULL COMMENT '创建时间',
  `lastupdate` int(11) NOT NULL COMMENT '最后一次跟新',
  PRIMARY KEY (`logid`)
) ENGINE=MyISAM DEFAULT CHARSET=utf8 COMMENT='管理用户操作记录' AUTO_INCREMENT=1 ;

-- --------------------------------------------------------

--
-- 表的结构 `cloud_userreviews`
--

CREATE TABLE IF NOT EXISTS `cloud_userreviews` (
  `appid` int(11) NOT NULL AUTO_INCREMENT,
  `ssouid` int(11) NOT NULL COMMENT '统一用户id',
  `score` int(11) NOT NULL COMMENT '打分',
  `content` varchar(200) NOT NULL,
  `status` int(11) NOT NULL,
  `addtime` datetime NOT NULL,
  `lastupdate` datetime NOT NULL,
  PRIMARY KEY (`appid`)
) ENGINE=MyISAM DEFAULT CHARSET=utf8 COMMENT='用户评分' AUTO_INCREMENT=1 ;

-- --------------------------------------------------------

--
-- 表的结构 `collect`
--

CREATE TABLE IF NOT EXISTS `collect` (
  `collectid` int(11) NOT NULL AUTO_INCREMENT COMMENT '自增长ID',
  `userid` int(11) DEFAULT NULL COMMENT '用户id',
  `courseid` int(11) DEFAULT NULL COMMENT '课程id',
  `lessonsid` int(11) DEFAULT NULL COMMENT '视频id',
  `descp` varchar(255) DEFAULT NULL COMMENT '描述',
  PRIMARY KEY (`collectid`)
) ENGINE=MyISAM DEFAULT CHARSET=utf8 CHECKSUM=1 DELAY_KEY_WRITE=1 ROW_FORMAT=DYNAMIC COMMENT='用户收藏表' AUTO_INCREMENT=1 ;

-- --------------------------------------------------------

--
-- 表的结构 `comment`
--

CREATE TABLE IF NOT EXISTS `comment` (
  `commentid` int(11) NOT NULL AUTO_INCREMENT COMMENT '自增长ID',
  `userid` int(11) NOT NULL COMMENT '用户id',
  `courseid` int(11) NOT NULL COMMENT '课程id',
  `createtime` char(50) DEFAULT NULL COMMENT '创建时间',
  `ctitle` varchar(100) DEFAULT NULL COMMENT '评论标题',
  `content` text COMMENT '评论内容',
  `assesslevel` int(2) DEFAULT NULL COMMENT '课程星级评价',
  `releases` int(2) DEFAULT '0' COMMENT '审核字段，0未审核 1 审核通过',
  PRIMARY KEY (`commentid`)
) ENGINE=MyISAM  DEFAULT CHARSET=utf8 CHECKSUM=1 DELAY_KEY_WRITE=1 ROW_FORMAT=DYNAMIC COMMENT='课程评论表' AUTO_INCREMENT=144 ;

--
-- 转存表中的数据 `comment`
--

INSERT INTO `comment` (`commentid`, `userid`, `courseid`, `createtime`, `ctitle`, `content`, `assesslevel`, `releases`) VALUES
(17, 13, 15, '2013-12-26 01:52', 'ｇｈｄｂｎ', 'ｇｈｄｂｎ', 4, 1),
(12, 13, 17, '2013-12-25 05:23', '测试评论星级', '测试评论星级', 5, 0),
(21, 13, 15, '2013-12-27 03:26', '输入评论内容', '输入评论内容', 5, 1),
(22, 13, 17, '2013-12-27 03:31', 'fgg', 'fgg', 0, 1),
(23, 13, 15, '2013-12-27 03:59', NULL, '输入评论内容', 2, 1),
(25, 13, 17, '2013-12-27 04:53', NULL, '输入评论内容', 0, 1),
(26, 13, 17, '2013-12-27 05:33', NULL, '输入评论内容', 1, 1),
(27, 13, 17, '2013-12-27 05:56', 'ceshi', 'ceshi', 4, 1),
(28, 13, 17, '2013-12-30 09:31', NULL, '输入评论内容', 0, 1),
(29, 13, 17, '2014-01-02 06:16', NULL, '输入评论内容', 0, 1),
(30, 13, 17, '2014-01-03 02:18', NULL, '输入评论内容', 0, 1),
(31, 13, 17, '2014-01-03 02:19', NULL, '输入评论内容', 0, 1),
(32, 13, 15, '2014-01-03 02:50', NULL, '输入评论内容', 4, 1),
(33, 13, 15, '2014-01-03 02:51', NULL, '输入评论内容', 0, 1),
(34, 13, 17, '2014-01-03 02:51', NULL, '输入评论内容', 0, 1),
(35, 13, 17, '2014-01-03 02:51', NULL, '输入评论内容', 0, 1),
(36, 13, 17, '2014-01-03 02:58', NULL, '输入评论内容', 0, 1),
(37, 13, 17, '2014-01-03 04:59', NULL, '输入评论内容', 0, 1),
(38, 13, 17, '2014-01-03 05:00', NULL, '输入评论内容', 0, 1),
(39, 13, 17, '2014-01-03 05:01', NULL, '输入评论内容', 0, 1),
(40, 13, 15, '2014-01-07 03:34', NULL, '测试', 5, 1),
(41, 13, 17, '2014-01-09 01:52', NULL, '输入评论内容', 1, 1),
(42, 13, 17, '2014-01-10 06:21', NULL, '输入评论内容', 0, 1),
(43, 13, 17, '2014-01-11 03:21', NULL, '输入评论内容', 0, 1),
(44, 13, 17, '2014-01-11 06:38', NULL, '测试评论内容', 5, 1),
(45, 13, 17, '2014-01-13 10:02', NULL, '这个课程不错', 5, 1),
(46, 13, 17, '2014-01-13 04:13', NULL, '输入评论内容', 0, 1),
(51, 13, 17, '2014-01-15 05:32', NULL, '输入评论内容', 0, 1),
(52, 13, 17, '2014-01-15 05:33', NULL, '情侣', 0, 1),
(133, 13, 17, '2014-04-25 16:22:26', 'Ghvfg', '', 0, 0),
(134, 13, 17, '2014-04-25 16:25:01', 'Gg', 'Ccf\r\n', 0, 0),
(135, 13, 17, '2014-04-25 16:25:59', 'Jjjdd', 'Ghu', 0, 0),
(58, 13, 17, '2014-01-15 05:45', 'Bdjedd', 'Bdjeddjdhsjdsbshdjs', 4, 1),
(59, 13, 17, '2014-01-15 05:47', 'Bdjedd', 'Bdjeddjdhsjdsbshdjs', 4, 1),
(60, 13, 17, '2014-01-15 05:47', 'Bdjedd', 'Bdjeddjdhsjdsbshdjs', 4, 1),
(121, 13, 37, '2014-04-22 14:01:30', 'Gfhhghh', 'Hfhvvkfhhcxfjh', 4, 0),
(120, 13, 37, '2014-04-22 13:57:44', 'dgfsdfs', 'fhdfhs', NULL, 0),
(65, 13, 17, '2014-01-15 05:47', NULL, 'Bdjeddjdhsjdsbshdjs', 4, 1),
(119, 13, 37, '2014-04-22 11:16:47', 'chenshuangjiang', 'chenshuangjiang', NULL, 0),
(137, 13, 34, '2014-04-25 16:37:44', '', '', 5, 1),
(138, 13, 34, '2014-04-25 16:39:04', '', '', 5, 1),
(126, 13, 17, '2014-04-22 18:41:23', 'FCC', 'Vjfjdd', 3, 0),
(125, 13, 17, '2014-04-22 18:34:41', 'Gcb', 'Hfknh', 4, 0),
(124, 13, 17, '2014-04-22 18:33:54', 'TV. Be xcmd', 'DVDs ', 3, 0),
(123, 13, 17, '2014-04-22 18:29:20', 'Givkk', 'Hchvkvjbd', 3, 0),
(122, 13, 37, '2014-04-22 14:12:02', 'Gfhhghh', 'Hfhvvkfhhcxfjh', NULL, 0),
(99, 13, 17, '2014-01-16 02:56', NULL, '也蝇营狗苟', 3, 1),
(102, 13, 17, '2014-01-28 11:52', NULL, '何厚铧', 0, 1),
(141, 13, 17, '2014-04-25 18:15:06', 'Guff', 'Hfhh', 4, 0),
(104, 13, 17, '2014-02-19 11:56', NULL, 'ccccc', 3, 1),
(105, 13, 17, '2014-02-19 11:57', NULL, 'cccc', 2, 1),
(106, 13, 17, '2014-02-19 11:58', NULL, 'vvvvv', 2, 1),
(107, 13, 17, '2014-02-19 12:58', NULL, 'ffff', 0, 1),
(108, 13, 17, '2014-02-19 12:58', NULL, '输入评论内容', 0, 1),
(110, 13, 17, '2014-02-19 01:16', NULL, 'ggggggg', 3, 1),
(111, 13, 17, '2014-02-19 01:25', 'fff', 'fff', 0, 1),
(112, 13, 17, '2014-02-19 01:27', 'bbb', 'bbbbbb', 0, 1),
(113, 13, 17, '2014-02-19 01:27', NULL, 'hhhh', 0, 1),
(114, 13, 17, '2014-02-19 01:28', NULL, 'jjjjjjjjjjjj', 0, 1),
(115, 13, 17, '2014-02-19 01:47', 'fff', 'fffff', 0, 1),
(116, 13, 17, '2014-02-19 01:50', 'gggg', 'ggggg', 0, 1),
(117, 13, 17, '2014-02-19 01:55', '测试', '嘎嘎嘎', 0, 0),
(127, 13, 17, '2014-04-22 18:42:29', 'TVA', 'Vifg', 3, 0),
(128, 13, 17, '2014-04-22 18:47:11', '', 'GggggggggggggggGggggggggggggggGggggggggggggggGggggggggggggggGggggggggggggggGggggggggggggggGggggggggggggggGggggggggggggggGggggggggggggggGgggggggGggggggggggggggGggggggggggggggGggggggggggggggGgggggggggggggggggggggGggggggggggggggGgggggggggggggg', NULL, 0),
(142, 13, 20, '2014-04-29 14:02:13', '测试', '性福人生 草丛', 1, 1),
(143, 13, 20, '2014-04-29 14:10:18', '测试', '性福人生 草丛', 3, 0);

-- --------------------------------------------------------

--
-- 表的结构 `courseauthormap`
--

CREATE TABLE IF NOT EXISTS `courseauthormap` (
  `authormapID` int(11) NOT NULL AUTO_INCREMENT COMMENT '自增长ID',
  `userid` int(11) NOT NULL COMMENT '用户作者ID',
  `courseid` int(11) NOT NULL COMMENT '课程ID',
  `sectionsid` int(11) DEFAULT NULL COMMENT '章节ID',
  `lessonsid` int(11) DEFAULT NULL COMMENT '视频ID',
  `admin` int(2) DEFAULT NULL COMMENT '是否是课程管理者1 管理者0不是管理者',
  `visible` int(2) DEFAULT NULL COMMENT '是否可见 0不可见1可见',
  `edit` int(2) DEFAULT NULL COMMENT '是否可编辑 0不可编辑1可编辑',
  PRIMARY KEY (`authormapID`)
) ENGINE=MyISAM  DEFAULT CHARSET=utf8 ROW_FORMAT=COMPACT COMMENT='课程作者关系信息表' AUTO_INCREMENT=31 ;

--
-- 转存表中的数据 `courseauthormap`
--

INSERT INTO `courseauthormap` (`authormapID`, `userid`, `courseid`, `sectionsid`, `lessonsid`, `admin`, `visible`, `edit`) VALUES
(1, 1, 17, 19, 32, 1, 1, 1),
(6, 4, 15, 0, 0, 1, 1, 1),
(10, 18, 20, 0, 0, 1, 0, 1),
(11, 4, 21, 0, 0, 1, 0, 1),
(13, 13, 23, 0, 0, 1, 0, 1),
(14, 14, 24, 0, 0, 1, 0, 1),
(15, 13, 25, 0, 0, 1, 0, 1),
(21, 13, 31, 0, 0, 1, 0, 1),
(22, 23, 32, 0, 0, 1, 0, 1),
(23, 24, 33, 0, 0, 1, 0, 1),
(24, 25, 34, 0, 0, 1, 0, 1),
(25, 26, 35, 0, 0, 1, 0, 1),
(26, 6, 36, 0, 0, 1, 0, 1),
(27, 28, 37, 0, 0, 1, 0, 1),
(28, 6, 38, 0, 0, 1, 0, 1),
(29, 13, 39, 0, 0, 1, 0, 1),
(30, 13, 40, 0, 0, 1, 0, 1);

-- --------------------------------------------------------

--
-- 表的结构 `courses`
--

CREATE TABLE IF NOT EXISTS `courses` (
  `courseid` int(11) NOT NULL AUTO_INCREMENT COMMENT '自增长ID',
  `categoryid` int(11) NOT NULL COMMENT '课程分类索引',
  `classfile` int(4) NOT NULL DEFAULT '0' COMMENT '课程类型 0 多节内容 3纯文本 4 纯视频',
  `name` varchar(64) NOT NULL COMMENT '课程名称',
  `duration` varchar(200) NOT NULL COMMENT '时长',
  `brief` text COMMENT '简介     ',
  `keyword` varchar(100) DEFAULT NULL COMMENT '关键词',
  `description` varchar(200) DEFAULT '0' COMMENT '详细介绍',
  `target` varchar(200) DEFAULT NULL COMMENT '课程目标',
  `audience` varchar(200) DEFAULT NULL COMMENT '目标听众',
  `claim` varchar(200) DEFAULT NULL COMMENT '课程要求',
  `picture` varchar(200) DEFAULT NULL COMMENT '课程图像',
  `spreadvideo` varchar(200) DEFAULT NULL COMMENT '课程推广简介视频播放地址',
  `level` int(2) DEFAULT '1' COMMENT '课程级别 0 容易理解1初级 2中级 3 高级',
  `assesslevel` int(2) DEFAULT '1' COMMENT '课程星级评价级别',
  `free` int(2) DEFAULT '0' COMMENT '是否是免费课程 0免费1收费',
  `purview` int(2) DEFAULT '0' COMMENT '课程权限 0公开1邀请2密码保护',
  `password` varchar(64) DEFAULT NULL COMMENT '课程密码',
  `releases` int(2) DEFAULT '0' COMMENT '是否发布 0未发布 1发布',
  `price` float DEFAULT '0' COMMENT '价格',
  `cheapprice` float NOT NULL DEFAULT '0' COMMENT '优惠价格',
  `studentnum` int(11) DEFAULT '0' COMMENT '学生数量',
  `visitnums` int(10) NOT NULL COMMENT '浏览次数',
  `createtime` datetime NOT NULL COMMENT '创建时间',
  `createAdminid` int(11) NOT NULL COMMENT '创建者ID',
  PRIMARY KEY (`courseid`)
) ENGINE=MyISAM  DEFAULT CHARSET=utf8 CHECKSUM=1 DELAY_KEY_WRITE=1 ROW_FORMAT=DYNAMIC COMMENT='课程信息表' AUTO_INCREMENT=41 ;

--
-- 转存表中的数据 `courses`
--

INSERT INTO `courses` (`courseid`, `categoryid`, `classfile`, `name`, `duration`, `brief`, `keyword`, `description`, `target`, `audience`, `claim`, `picture`, `spreadvideo`, `level`, `assesslevel`, `free`, `purview`, `password`, `releases`, `price`, `cheapprice`, `studentnum`, `visitnums`, `createtime`, `createAdminid`) VALUES
(15, 1, 0, '企业文化发展方向', '0.21', '对华为究竟怎么来认识，尤其是中小企业，我们如何从华为的成长和发展过程中去探索华为为什么成功？它成功的关键是什么？华为在每一个发展阶段经历了哪些重要的事件，当年华为为什么这么做？本课程主要是从企业发展史的角度来分享交流。\r\n　　主要探索企业在每一个发展阶段所面临的问题与挑战，成长的瓶颈，企业家的思考、企业进行战略转型、系统管理变革与创新的主要举措，成效与得失，从而探究华为成功的关键要素', NULL, '23', NULL, NULL, NULL, '/Uploads/images/d/52bd486420e12.jpg', NULL, 1, 5, 1, 0, NULL, NULL, 100, 0, 0, 234, '2014-01-25 10:16:22', 19),
(31, 1, 0, 'test测试csf', '0', 'test测试csf', NULL, '34', NULL, NULL, NULL, '/Uploads/images/b/532bc1d835243.jpg', '', 0, 0, 0, 0, NULL, 1, 0, 0, 0, 0, '2014-03-21 12:36:40', 0),
(17, 1, 0, '人力资源管理', '1', '对华为究竟怎么来认识，尤其是中小企业，我们如何从华为的成长和发展过程中去探索华为为什么成功？它成功的关键是什么？华为在每一个发展阶段经历了哪些重要的事件，当年华为为什么这么做？本课程主要是从企业发展史的角度来分享交流。\r\n　　主要探索企业在每一个发展阶段所面临的问题与挑战，成长的瓶颈，企业家的思考、企业进行战略转型、系统管理变革与创新的主要举措，成效与得失，从而探究华为成功的关键要\r\n      对华为究竟怎么来认识，尤其是中小企业，我们如何从华为的成长和发展过程中去探索华为为什么成功？它成功的关键是什么？华为在每一个发展阶段经历了哪些重要的事件，当年华为为什么这么做？本课程主要是从企业发展史的角度来分享交流。\r\n　　主要探索企业在每一个发展阶段所面临的问题与挑战，成长的瓶颈，企业家的思考、企业进行战略转型、系统管理变革与创新的主要举措，成效与得失，从而探究华为成功的关键要        对华为究竟怎么来认识，尤其是中小企业，我们如何从华为的成长和发展过程中去探索华为为什么成功？它成功的关键是什么？华为在每一个发展阶段经历了哪些重要的事件，当年华为为什么这么做？本课程主要是从企业发展史的角度来分享交流。\r\n　　主要探索企业在每一个发展阶段所面临的问题与挑战，成长的瓶颈，企业家的思考、企业进行战略转型、系统管理变革与创新的主要举措，成效与得失，从而探究华为成功的关键要\r\n      对华为究竟怎么来认识，尤其是中小企业，我们如何从华为的成长和发展过程中去探索华为为什么成功？它成功的关键是什么？华为在每一个发展阶段经历了哪些重要的事件，当年华为为什么这么做？本课程主要是从企业发展史的角度来分享交流。\r\n　　主要探索企业在每一个发展阶段所面临的问题与挑战，成长的瓶颈，企业家的思考、企业进行战略转型、系统管理变革与创新的主要举措，成效与得失，从而探究华为成功的关键要        对华为究竟怎么来认识，尤其是中小企业，我们如何从华为的成长和发展过程中去探索华为为什么成功？它成功的关键是什么？华为在每一个发展阶段经历了哪些重要的事件，当年华为为什么这么做？本课程主要是从企业发展史的角度来分享交流。\r\n　　主要探索企业在每一个发展阶段所面临的问题与挑战，成长的瓶颈，企业家的思考、企业进行战略转型、系统管理变革与创新的主要举措，成效与得失，从而探究华为成功的关键要\r\n      对华为究竟怎么来认识，尤其是中小企业，我们如何从华为的成长和发展过程中去探索华为为什么成功？它成功的关键是什么？华为在每一个发展阶段经历了哪些重要的事件，当年华为为什么这么做？本课程主要是从企业发展史的角度来分享交流。\r\n　　主要探索企业在每一个发展阶段所面临的问题与挑战，成长的瓶颈，企业家的思考、企业进行战略转型、系统管理变革与创新的主要举措，成效与得失，从而探究华为成功的关键要', NULL, NULL, NULL, NULL, NULL, '/Uploads/images/8/52b8fa26352ca.jpg', NULL, 3, 5, 1, 0, NULL, 1, 120, 90, 0, 2525, '2014-01-25 05:21:15', 19),
(20, 6, 0, '易中天品三国', '8.8', '《易中天品三国》，央视CCTV-10历史演播类节目，《百家讲坛》系列之一。主讲人易中天，还原真实曹操，替周瑜辩诬，正说诸葛亮，重评司马懿。纵论天下，闲话三分。细品是非功过，总结成败得失。厦门大学易中天教授将以故事说人物，以人物说历史，以历史说文化，以文化说人性。纵论三国天下大事，细品英雄成败得失。易中天教授将从平民角度为大家解读。《易中天品三国》，央视CCTV-10历史演播类节目，《百家讲坛》系列之一。主讲人易中天，还原真实曹操，替周瑜辩诬，正说诸葛亮，重评司马懿。纵论天下，闲话三分。细品是非功过，总结成败得失。厦门大学易中天教授将以故事说人物，以人物说历史，以历史说文化，以文化说人性。纵论三国天下大事，细品英雄成败得失。易中天教授将从平民角度为大家解读。', NULL, NULL, NULL, NULL, NULL, '/Uploads/images/4/52ce9d2487b94.jpg', NULL, 0, 5, 0, 0, NULL, 1, 90, 0, 0, 1942, '2014-01-28 07:27:18', 0),
(21, 7, 0, '测试1', '1.14', '测试1', NULL, NULL, NULL, NULL, NULL, '/Uploads/images/9/52fb7e6a5c74a.jpg', NULL, 0, 0, 0, 0, NULL, 0, 12, 0, 0, 2, '2014-01-24 09:23:15', 0),
(23, 7, 0, 'CSJ个人视频作品集', '0.7', 'CSJ 个人视频集\r\n	岑双江测试', NULL, NULL, NULL, NULL, NULL, '/Uploads/images/d/5350a0ebc4454.jpg', NULL, 0, 4, 0, 0, NULL, NULL, 0, 0, 0, 90, '2014-01-16 10:12:14', 0),
(24, 7, 3, '纯文本测试1', '0.1', '对华为究竟怎么来认识，尤其是中小企业，我们如何从华为的成长和发展过程中去探索华为为什么成功？它成功的关键是什么？华为在每一个发展阶段经历了哪些重要的事件，当年华为为什么这么做？本课程主要是从企业发展史的角度来分享交流。 　　主要探索企业在每一个发展阶段所面临的问题与挑战，成长的瓶颈，企业家的思考、企业进行战略转型、系统管理变革与创新的主要举措，成效与得失，从而探究华为成功的关键要 对华为究竟怎么来认识，尤其是中小企业，我们如何从华为的成长和发展过程中去探索华为为什么成功？它成功的关键是什么？\r\n	华为在每一个发展阶段经历了哪些重要的事件，当年华为为什么这么做？本课程主要是从企业发展史的角度来分享交流。\r\n	主要探索企业在每一个发展阶段所面临的问题与挑战，成长的瓶颈，企业家的思考、企业进行战略转型、系统管理变革与创新的主要举措，成效与得失，从而探究华为成功的关键要 对华为究竟怎么来认识，尤其是中小企业，我们如何从华为的成长和发展过程中去探索华为为什么成功？它成功的关键是什么？华为在每一个发展阶段经历了哪些重要的事件，当年华为为什么这么做？本课程主要是从企业发展史的角度来分享交流。 　　主要探索企业在每一个发展阶段所面临的问题与挑战，成长的瓶颈，企业家的思考、企业进行战略转型、系统管理变革与创新的主要举措，成效与得失，从而探究华为成功的关键要 对华为究竟怎么来认识，尤其是中小企业，我们如何从华为的成长和发展过程中去探索华为为什么成功？它成功的关键是什么？华为在每一个发展阶段经历了哪些重要的事件，当年华为为什么这么做？本课程主要是从企业发展史的角度来分享交流。 　　主要探索企业在每一个发展阶段所面临的问题与挑战，成长的瓶颈，企业家的思考、企业进行战略转型、系统管理变革与创新的主要举措，成效与得失，从而探究华为成功的关键要 对华为究竟怎么来认识，尤其是中小企业，我们如何从华为的成长和发展过程中去探索华为为什么成功？\r\n	它成功的关键是什么？华为在每一个发展阶段经历了哪些重要的事件，当年华为为什么这么做？本课程主要是从企业发展史的角度来分享交流。 　　主要探索企业在每一个发展阶段所面临的问题与挑战，成长的瓶颈，企业家的思考、企业进行战略转型、系统管理变革与创新的主要举措，成效与得失，从而探究华为成功的关键要 对华为究竟怎么来认识，尤其是中小企业，我们如何从华为的成长和发展过程中去探索华为为什么成功？它成功的关键是什么？华为在每一个发展阶段经历了哪些重要的事件，当年华为为什么这么做？本课程主要是从企业发展史的角度来分享交流。 　　主要探索企业在每一个发展阶段所面临的问题与挑战，成长的瓶颈，企业家的思考、企业进行战略转型、系统管理变革与创新的主要举措，成效与得失，从而探究华为成功的关键要', NULL, NULL, NULL, NULL, NULL, '/Uploads/images/c/52f712c7e8a5b.jpg', '', 0, 0, 0, 0, NULL, 0, 156, 0, 0, 43, '2014-02-09 13:31:51', 0),
(25, 7, 4, '纯视频测试', '0.1', '纯视频测试', NULL, NULL, NULL, NULL, NULL, '/Uploads/images/b/52fb4296438c5.jpg', '', 0, 0, 0, 0, NULL, 0, 58, 0, 0, 21, '2014-02-12 17:44:54', 0),
(32, 10, 0, '名画赏析', '0.25', '该项课程共二十集，从名画的深远影响和价值深入解析，从绘画作者本人的绘画功底和作品中以实际画作讲解绘画风格，画面思想，画面上体现的精神，艺术手法和更深一层的东西。\r\n\r\n	<br />\r\n', NULL, NULL, NULL, NULL, NULL, '/Uploads/images/0/533cc72e94c49.jpg', '', 0, 5, 1, 0, NULL, 1, 99, 0, 0, 49, '2014-04-01 18:40:47', 0),
(33, 10, 0, '文物鉴赏', '0.25', '古代瓷器是最能代表中国文化的文物。学习如何鉴赏中国文物-瓷器，成为当下国人文化素养提升的必修课程。该项课程共二十集，以历史为时间轴，以中国瓷器为核心，《文物鉴赏》既吸收了学术界专家学者的研究成果，又有主讲者师的许多研究心得。主讲师以丰富的文化学识、形象生动地介绍了文物产生的历史背景，总结了文物的演变规律，揭示了文物的历史价值、艺术价值和科学价值。\r\n\r\n	<br />\r\n', NULL, NULL, NULL, NULL, NULL, '/Uploads/images/7/533cc70c808af.jpg', '', 0, 5, 1, 0, NULL, 1, 99, 0, 0, 8, '2014-04-01 18:42:14', 0),
(34, 10, 0, '集邮趣谈', '9.45', '该项课程共二十集，由主讲师从邮票的鉴赏、收藏、投资、品鉴等多方面多角度讲述解读，以邮票为媒介讲述邮票图案中的历史文化，人文艺术。主讲师以实际实例操作的方式教授如何收集保存制作邮集。课程中展现大量的珍惜邮品，每一张邮票记录着不仅仅是价值，更重要的还是历史的缩影和鉴证。主讲老师以小见大，由浅入深，以丰富的专业知识和博览的文化素养为基础，展开趣味深刻的文化教学。', NULL, NULL, NULL, NULL, NULL, '/Uploads/images/e/5343c0f4ed466.jpg', '', 0, 5, 1, 0, NULL, 1, 99, 0, 0, 436, '2014-04-01 18:44:32', 0),
(35, 10, 0, '收藏与投资', '0.25', '该项课程共二十集，主讲师以历史时间轴为划分，以玉石收藏为课题，讲述玉石收藏的市场前景及玉石文化的历史发展和收藏方式。课程中的玉石投资内容紧贴市场需求，主讲师结合丰富的收藏投资案例，讲述投资与收藏的经验，并直接的分析艺术品市场走向。', NULL, NULL, NULL, NULL, NULL, '/Uploads/images/a/5343c1e864f9a.jpg', '', 0, 5, 1, 0, NULL, 1, 99, 0, 0, 58, '2014-04-01 18:47:44', 0),
(36, 9, 0, '中国俚语俗语趣谈', '0.27', '俚语、俗语是中国五千年的文化底蕴，是不同民族对于不同时期不同文化背景不同地域独特语言文化反应出来的结晶。该项课程共二十集，主讲师以生动的俚语、俗语故事、由来为例，解读一个民族的语言文化，生动的事例故事在普及语言文化知识的同时还可以增进不同地域人群相互了解，可以更加和谐的交流与生活。', NULL, NULL, NULL, NULL, NULL, '/Uploads/images/e/5343c2e26b7e1.jpg', '', 0, 5, 1, 0, NULL, 1, 99, 0, 0, 140, '2014-04-01 18:52:10', 0),
(37, 10, 0, '中国的童话故事', '0.26', '该课程共二十集，由金牌童话讲师形象的柔和的嗓音讲述唯美的中国童话故事，用细心的讲解诠释每一个童话故事所传达出来的深层含义，解读童话故事中所包含的现实意义，和普世价值。讲述童话故事中特有的文化知识点，教学与趣味有机的相结合，在寓教于乐中完成教学内容。', NULL, NULL, NULL, NULL, NULL, '/Uploads/images/2/5343bf668df70.jpg', '', 0, 5, 1, 0, NULL, 1, 99, 0, 0, 484, '2014-04-01 18:53:33', 0),
(38, 8, 0, '北京特色小吃', '0.29', '此课程聘请电视台知名主持人出镜，带领观众去品尝地道的北京传统小吃，由各个老字号美食传人为大家讲解北京小吃的历史文化和美食特色，分享各自的传承故事和制作工艺。该课程共二十集，在解读北京独特的饮食文化的同时，由主持人品尝美食后加以细心详细的点评。\r\n\r\n	<br />\r\n', NULL, NULL, NULL, NULL, NULL, '/Uploads/images/b/533cc58997178.jpg', '', 0, 5, 1, 0, NULL, 0, 99, 0, 0, 246, '2014-04-01 18:55:57', 0),
(39, 1, 0, '语法那些事儿', '', '', NULL, NULL, NULL, NULL, NULL, '/Uploads/images/8/53929b0399f22.png', '', 0, 0, 0, 0, NULL, NULL, 0, 0, 0, 0, '2014-06-07 12:54:27', 0),
(40, 1, 0, '金山词霸 ', '', '', NULL, NULL, NULL, NULL, NULL, '/Uploads/images/7/53929e7e8432f.png', '', 0, 0, 0, 0, NULL, NULL, 0, 0, 0, 0, '2014-06-07 13:09:18', 0);

-- --------------------------------------------------------

--
-- 表的结构 `department`
--

CREATE TABLE IF NOT EXISTS `department` (
  `departmentid` int(11) NOT NULL AUTO_INCREMENT COMMENT '部门ID',
  `deparname` varchar(64) NOT NULL COMMENT '部门名称',
  PRIMARY KEY (`departmentid`)
) ENGINE=MyISAM DEFAULT CHARSET=utf8 COMMENT='部门表' AUTO_INCREMENT=1 ;

-- --------------------------------------------------------

--
-- 表的结构 `dingzhinews`
--

CREATE TABLE IF NOT EXISTS `dingzhinews` (
  `nid` int(11) NOT NULL AUTO_INCREMENT COMMENT '新闻id',
  `title` varchar(200) NOT NULL COMMENT '新闻标题',
  `type` varchar(100) NOT NULL COMMENT '新闻类型',
  `smallpic` varchar(200) NOT NULL COMMENT '缩略图',
  `createtime` datetime NOT NULL COMMENT '更新时间',
  `content` text NOT NULL COMMENT '内容',
  `brief` varchar(200) NOT NULL COMMENT '简介',
  PRIMARY KEY (`nid`)
) ENGINE=InnoDB  DEFAULT CHARSET=utf8 COMMENT='定制新闻表' AUTO_INCREMENT=4 ;

--
-- 转存表中的数据 `dingzhinews`
--

INSERT INTO `dingzhinews` (`nid`, `title`, `type`, `smallpic`, `createtime`, `content`, `brief`) VALUES
(1, '测试新闻标头', '新闻类', '/upload/images/a.png', '2014-05-21 00:00:00', '进行内容的测试啦啦啦啦啦啦啦', ''),
(2, '表单名', '', '/Uploads/logopic/6/5387e735d3e57.jpg', '2014-05-30 09:58:38', '哈哈哈', '那您呢你'),
(3, '表单名', '', '/Uploads/logopic/9/5387f1ec3a6f0.jpg', '2014-05-30 09:58:38', 'nnnnn&lt;img src=&quot;/Uploads/editor/image/20140121/20140121053117_65700.png&quot; alt=&quot;&quot; align=&quot;left&quot; /&gt;&lt;img src=&quot;/Common/kindeditor/php/../../../Uploads/editor/image/20140530/20140530100621_82055.jpg&quot; alt=&quot;&quot; /&gt;bbbbbbbbbbbbbbbbbbbb', '韩国韩华');

-- --------------------------------------------------------

--
-- 表的结构 `duty`
--

CREATE TABLE IF NOT EXISTS `duty` (
  `deid` int(11) NOT NULL AUTO_INCREMENT,
  `unid` int(11) NOT NULL,
  `depname` varchar(100) NOT NULL,
  `createtime` datetime NOT NULL,
  PRIMARY KEY (`deid`)
) ENGINE=InnoDB DEFAULT CHARSET=utf8 COMMENT='职务表' AUTO_INCREMENT=1 ;

-- --------------------------------------------------------

--
-- 表的结构 `gatherinfo`
--

CREATE TABLE IF NOT EXISTS `gatherinfo` (
  `gid` int(11) NOT NULL AUTO_INCREMENT COMMENT 'ID、唯一、必要',
  `uid` int(11) NOT NULL COMMENT '用户id',
  `name` varchar(100) DEFAULT NULL COMMENT '学校名称、唯一、必要',
  `alias` varchar(200) DEFAULT NULL COMMENT ' 别名、',
  `logourl` varchar(200) DEFAULT NULL COMMENT '品牌连接、唯一',
  `province` int(11) DEFAULT NULL COMMENT '省份、唯一、需要',
  `city` int(11) DEFAULT NULL COMMENT '城市、唯一、需要',
  `area` int(11) DEFAULT NULL COMMENT '区域',
  `address` varchar(200) DEFAULT NULL COMMENT '地址',
  `address_note` text COMMENT '地址备注、唯一、不必要',
  `bizarea` varchar(200) DEFAULT NULL COMMENT '商圈',
  `longtitude` varchar(100) DEFAULT NULL COMMENT '经度坐标、唯一、不必要',
  `latitude` varchar(100) DEFAULT NULL COMMENT '纬度坐标',
  `telephone` varchar(200) DEFAULT NULL COMMENT '座机电话、必要',
  `telephone_others` varchar(100) DEFAULT NULL COMMENT '其他电话',
  `category1` varchar(200) DEFAULT NULL COMMENT '一级分类、唯一',
  `tag` varchar(200) DEFAULT NULL COMMENT '标签',
  `schooldetail` text COMMENT '简介',
  `recommend_dish_name` varchar(200) DEFAULT NULL COMMENT '推荐课程名称',
  `recommend_dish_url` varchar(200) DEFAULT NULL COMMENT '推荐课程链接',
  `recommend_description` text COMMENT '推荐课程描述',
  `recommend_price` varchar(20) DEFAULT NULL COMMENT '推荐课程价格',
  `shop_hours` varchar(100) DEFAULT NULL COMMENT '学校作息时间',
  `panoramaurl` varchar(255) DEFAULT NULL COMMENT '学校全景图连接',
  `indoormapurl` varchar(255) DEFAULT NULL COMMENT '教室内图链接',
  `homepageurl` varchar(255) DEFAULT NULL COMMENT '学校官网地址',
  `weiboaccounturl` varchar(255) DEFAULT NULL COMMENT '学校新浪微博',
  `webchataccount` varchar(100) DEFAULT NULL COMMENT '微信官方账号',
  `webchataccount_picurl` varchar(255) DEFAULT NULL COMMENT '微信官方账号二维 码图片链接',
  `atmosphere` varchar(255) DEFAULT NULL COMMENT '学校氛围',
  `featured_service` varchar(200) DEFAULT NULL COMMENT '特色课程',
  `featured_service_description` text COMMENT '特色课程描述',
  `featured_service_url` varchar(200) DEFAULT NULL COMMENT '特色课程链接',
  `takeaway_menu_dishname` varchar(100) DEFAULT NULL COMMENT '课程名称',
  `takeaway_description` text COMMENT '课程描述',
  `star` varchar(100) DEFAULT NULL COMMENT '学校级别',
  `rating_equipment` int(4) DEFAULT NULL COMMENT '设施评分',
  `rating_condition` int(4) DEFAULT NULL COMMENT '卫生评分',
  `rating_service` int(4) DEFAULT NULL COMMENT '服务态度评分',
  `hotel_facilities` varchar(255) DEFAULT NULL COMMENT '学校综合设施',
  `room_facilities` varchar(255) DEFAULT NULL COMMENT '学校教室设施',
  `hotel_service` varchar(255) DEFAULT NULL COMMENT '学校服务项目',
  `hotel_environment` varchar(255) DEFAULT NULL COMMENT '学校周边环境',
  `facilities_parking` varchar(200) DEFAULT NULL COMMENT '学校停车信息',
  `facilities_cater` varchar(255) DEFAULT NULL COMMENT '学校餐厅信息',
  `scenery_type` varchar(255) DEFAULT NULL COMMENT '学校类型',
  `spots_details` text COMMENT '校园景点描述',
  `spots_url` varchar(255) DEFAULT NULL COMMENT '校园景点链接',
  `article_details` text COMMENT '校园游览攻略介绍',
  `article_url` varchar(255) DEFAULT NULL COMMENT '校园游览攻略链接',
  `facilities_supermarket` text COMMENT '学校附属超市信息',
  `building_time` varchar(100) DEFAULT NULL COMMENT '学校建成时间',
  `building_type` varchar(100) DEFAULT NULL COMMENT '物业类型',
  `onsale_num` varchar(100) DEFAULT NULL COMMENT '学校占地面积',
  `hospital_medicare` varchar(100) DEFAULT NULL COMMENT '学校医保定点医院',
  `consult_url` varchar(255) DEFAULT NULL COMMENT '在线咨询链接',
  `master_num` int(5) DEFAULT NULL COMMENT '推荐教师数量',
  `master_listurl` varchar(255) DEFAULT NULL COMMENT '推荐教师列表链接',
  `master_details` text COMMENT '推荐教师描述',
  `master_details_name` varchar(100) DEFAULT NULL COMMENT '推荐教师名称',
  `master_details_catalog` varchar(100) DEFAULT NULL COMMENT '推荐教师职称',
  `master_details_picurl` varchar(255) DEFAULT NULL COMMENT '推荐教师图片链接',
  `master_details_intro` text COMMENT '推荐教师介绍',
  `master_details_url` varchar(255) DEFAULT NULL COMMENT '推荐教师链接',
  `isok` int(11) DEFAULT '0' COMMENT '是否完善0未完善、1完善',
  `status` int(11) DEFAULT '0' COMMENT '审核状态0表示等待审核，1审核通过',
  `createtime` datetime DEFAULT NULL COMMENT '更新时间',
  PRIMARY KEY (`gid`)
) ENGINE=InnoDB  DEFAULT CHARSET=utf8 COMMENT='数据收集表' AUTO_INCREMENT=15 ;

--
-- 转存表中的数据 `gatherinfo`
--

INSERT INTO `gatherinfo` (`gid`, `uid`, `name`, `alias`, `logourl`, `province`, `city`, `area`, `address`, `address_note`, `bizarea`, `longtitude`, `latitude`, `telephone`, `telephone_others`, `category1`, `tag`, `schooldetail`, `recommend_dish_name`, `recommend_dish_url`, `recommend_description`, `recommend_price`, `shop_hours`, `panoramaurl`, `indoormapurl`, `homepageurl`, `weiboaccounturl`, `webchataccount`, `webchataccount_picurl`, `atmosphere`, `featured_service`, `featured_service_description`, `featured_service_url`, `takeaway_menu_dishname`, `takeaway_description`, `star`, `rating_equipment`, `rating_condition`, `rating_service`, `hotel_facilities`, `room_facilities`, `hotel_service`, `hotel_environment`, `facilities_parking`, `facilities_cater`, `scenery_type`, `spots_details`, `spots_url`, `article_details`, `article_url`, `facilities_supermarket`, `building_time`, `building_type`, `onsale_num`, `hospital_medicare`, `consult_url`, `master_num`, `master_listurl`, `master_details`, `master_details_name`, `master_details_catalog`, `master_details_picurl`, `master_details_intro`, `master_details_url`, `isok`, `status`, `createtime`) VALUES
(11, 18, NULL, '北京二中', NULL, 1, 1, 1, '北京市东城区内务部街15号', NULL, '', '116.430085', '39.925398', '010-65252231', '', NULL, NULL, '北京二中是一所历史悠久的学校，它前身是清朝左翼宗学，始建于公元1724年（清雍正二年）。校庆日为每年的4月1日。从有学校相关历史记载到现在，二中已有290年的历史。学校处在北京市的中心区域，坐落在北京市东城区灯市东口内务部街。', '集邮趣谈', NULL, NULL, NULL, NULL, NULL, NULL, NULL, '', '', NULL, NULL, NULL, NULL, NULL, NULL, NULL, NULL, NULL, NULL, NULL, NULL, NULL, NULL, NULL, NULL, NULL, NULL, NULL, NULL, NULL, NULL, NULL, NULL, 'Beijing No. 2 Middle School', NULL, NULL, NULL, NULL, '', '钮小桦', '教务处', '现有40余个教学班，学生一千五百余名，教职工总数215名，其中专任教师134名', '北京市示范高中校', '“敬业乐群”和“扎实、创造、团结、有恒”', '公办', 1, 0, '2014-06-05 21:52:59'),
(12, 19, NULL, '开放大学', NULL, 1, 1, 1, '皂君庙4号', NULL, '蓟门桥', '116.346212', '39.968191', '010-873459238', '', NULL, NULL, ' 北京开放大学是在我国高等教育改革发展的宏观背景下，教育部、北京市人民政府落实《国家中长期教育改革和发展规划纲要2010-2020》、《北京市中长期教育改革和发展规划纲要2010-2020》要求，以新的教育思想和机制建设的一所新型高等学校。\r\n\r\n　　北京开放大学理事会负责重大事务的决策与协调，理事长由北京市副市长洪峰同志兼任，成员来自有关政府部门、高等学校及各相关行业企业。\r\n\r\n　　北京开放大学是北京市承担的国家教育体制改革试点项目学校，承载着探索远程开放教育人才培养模式的重任。\r\n\r\n　　学校对学生入学开放、对课程选择开放，实行注册入学制度。任何人，无论背景资质，只要有上大学的愿望，都可以注册学习北京开放大学的课程，累积学分，达到标准，即可依次获得相关行业职业证书、毕业证书，获得学位。学校实施学分银行制度，学习者既有工作、学习经历经过科学认证程序，可折算为北京开放大学学分，成为获得相关行业证书、北京开放大学毕业证和学位的基础。北京开放大学致力于促进全民终身学习，为每个学习者建立个人学习档案、工作档案和个人信用档案。通过学分银行的认证、转换、存取等功能实现学历教育与非学历教育之间的沟通和衔接，搭建终身学习“立交桥”，促进首都终身教育体系的形成。\r\n\r\n\r\n　　学校对学习环境开放、对学习媒体开放、对学习方法开放，对教学模式开放，对教学理念开放。学校致力于探索技术和教育的深度融合，通过网络学习平台，把技术作为教学手段创新的核心要素，探索新的教学组织形式、教学内容和呈现方式，从而形成新型“教与学”关系，构建“有支持的自主学习”模式，学习者在这里自主学习、自我设计、自我选择、自我构建，实现发展。\r\n\r\n　　学校对教学人员开放、对教学理念开放，与国内外高等教育界、工商界“美美与共、共创共享”。通过共建、引进等形式，与国内外优秀的大学、行业企业合作，结合北京市经济社会发展需要，以培养学习者职业发展能力、追求更高生活品质能力为目标，共同建设、运行北京开放大学的专业、课程，保证北京开放大学的教学质量，从而建成一所规模与质量并重并举的教学型大学。\r\n', 'Java面向对象程序设计', NULL, NULL, NULL, NULL, NULL, NULL, NULL, '', '', NULL, NULL, NULL, NULL, NULL, NULL, NULL, NULL, NULL, NULL, NULL, NULL, NULL, NULL, NULL, NULL, NULL, NULL, NULL, NULL, NULL, NULL, NULL, NULL, 'BEIJING OPEN UNIVERSITY', NULL, NULL, NULL, NULL, 'jyjszx@mail.btvu.org', '沈玉宝,胡晓松', '党委办公室,会议室,图书馆，档案室', '', '本科', '北京开放大学秉承“开放、一流”办学理念，以推动高等教育向开放、灵活、全纳、终身转型为宗旨', '公办大学', 1, 0, '2014-06-05 22:12:03'),
(13, 17, NULL, '', NULL, 0, 0, 0, '北京市黄寺大街23号，北广大厦1123是后面的', NULL, '', '', '', '', '', NULL, NULL, '', '', NULL, NULL, NULL, NULL, NULL, NULL, NULL, '', '', NULL, NULL, NULL, NULL, NULL, NULL, NULL, NULL, NULL, NULL, NULL, NULL, NULL, NULL, NULL, NULL, NULL, NULL, NULL, NULL, NULL, NULL, NULL, NULL, '', NULL, NULL, NULL, NULL, '', '', '', '', '', '', '', 0, 0, '2014-06-05 21:55:52'),
(14, 1, NULL, '实验中学', NULL, 1, 1, 0, '', NULL, '', '', '', '', '', NULL, NULL, '', '', NULL, NULL, NULL, NULL, NULL, NULL, NULL, '', '', NULL, NULL, NULL, NULL, NULL, NULL, NULL, NULL, NULL, NULL, NULL, NULL, NULL, NULL, NULL, NULL, NULL, NULL, NULL, NULL, NULL, NULL, NULL, NULL, 'The Experimental High School Attached to Beijing Normal  University', NULL, NULL, NULL, NULL, '', '', '计算机房10个，化学实验室9个，物理实验室11个，生物实验室5个，语音教室2个。所有教室都有一整套多媒体设备，并有多个Internet网络接口。设有200平米的多媒体教室和150平米的演播厅。建有20', '本部占地面积35359.26平方米，建筑面积51667.7平方米，运动场(馆)面积12000平方米。图书馆藏书约几万种，约十几万册，有两个电子阅览室，可供110人同时上网阅览，电子图书千余种；期刊百余', '本科', '注重学科基础、培养学生良好的科学素养是学校教学的重要特色，严谨、和谐、开放是实验中学的特点。注重品牌培养。“以人为本，服务社会，追求发展，追求卓越”的办学宗旨，已经成为全体师生的共同教育价值观。尊重学生个性，满足学生发展要求，使全体学生在生动活泼的教育教学活动中得到主动的、充分的发展成为教育教学改革的永恒主题和教育追求。注重学科基础，培养学生良好的科学素养是学校教学的重要特色。注重品德培养，关注学生心理健康和人格发展是全体教师共同的认识。', '公办大学', 0, 0, '2014-06-06 00:18:30');

-- --------------------------------------------------------

--
-- 表的结构 `global_media_resources`
--

CREATE TABLE IF NOT EXISTS `global_media_resources` (
  `resourceid` int(11) NOT NULL AUTO_INCREMENT COMMENT '自增长索引',
  `userid` int(11) NOT NULL COMMENT '用户索引',
  `username` varchar(50) NOT NULL COMMENT '上传者姓名',
  `typeid` int(11) NOT NULL COMMENT '资源类型',
  `updetail` varchar(100) NOT NULL COMMENT '上传文件描述',
  `guid` varchar(200) NOT NULL COMMENT 'Guid exp 认证串',
  `filename` varchar(200) DEFAULT NULL COMMENT '上传资源文件名称',
  `filepath` varchar(200) DEFAULT NULL COMMENT '上传资源文件绝对路径',
  `zipfilepath` varchar(200) DEFAULT NULL COMMENT 'm3u压缩包解压缩后的路径',
  `createtime` datetime NOT NULL COMMENT '上传时间',
  `status` int(2) NOT NULL DEFAULT '0' COMMENT '软删除标志 0 为普通状态   -1 未删除状态',
  `usetag` int(4) NOT NULL COMMENT '资源是否使用',
  PRIMARY KEY (`resourceid`)
) ENGINE=MyISAM  DEFAULT CHARSET=utf8 CHECKSUM=1 DELAY_KEY_WRITE=1 ROW_FORMAT=DYNAMIC COMMENT='用户资源表' AUTO_INCREMENT=247 ;

--
-- 转存表中的数据 `global_media_resources`
--

INSERT INTO `global_media_resources` (`resourceid`, `userid`, `username`, `typeid`, `updetail`, `guid`, `filename`, `filepath`, `zipfilepath`, `createtime`, `status`, `usetag`) VALUES
(5, 13, 'admin', 3, '多对多', 'CF448170-20A5-D16F-3A43-288436BADBC0', 'CF448170-20A5-D16F-3A43-288436BADBC0.txt', '/GResources/updoc/C/F/4/4/8/CF448170-20A5-D16F-3A43-288436BADBC0.txt', NULL, '0000-00-00 00:00:00', 0, 0),
(8, 13, 'admin', 2, '进行下属下', 'DC049251-5FAB-EE04-6F72-99464E738481', 'DC049251-5FAB-EE04-6F72-99464E738481.jpg', '/GResources/uppic/D/C/0/4/9/DC049251-5FAB-EE04-6F72-99464E738481.jpg', NULL, '0000-00-00 00:00:00', 0, 0),
(4, 13, 'admin', 2, '', 'CBD4D87C-ECDC-1B34-837F-8D009950BD2C', 'CBD4D87C-ECDC-1B34-837F-8D009950BD2C.jpg', '/GResources/C/B/D/4/D/CBD4D87C-ECDC-1B34-837F-8D009950BD2C.jpg', NULL, '0000-00-00 00:00:00', -1, 0),
(6, 13, 'admin', 1, '多对多', '6804FF95-BB83-3C10-6457-6D08834EA602', '6804FF95-BB83-3C10-6457-6D08834EA602.mp3', '/GResources/upvoice/6/8/0/4/F/6804FF95-BB83-3C10-6457-6D08834EA602.mp3', NULL, '0000-00-00 00:00:00', 0, 0),
(7, 13, 'admin', 4, '反反复复', '01A96669-8D9B-9EE1-904C-B3618AA63CC7', '01A96669-8D9B-9EE1-904C-B3618AA63CC7.avi', '/GResources/upvideo/0/1/A/9/6/01A96669-8D9B-9EE1-904C-B3618AA63CC7.avi', NULL, '0000-00-00 00:00:00', 0, 0),
(9, 13, 'admin', 2, 'test', '543FC5C8-E232-971A-7A32-6CB7B673C3E8', '543FC5C8-E232-971A-7A32-6CB7B673C3E8.jpg', '/GResources/uppic/5/4/3/F/C/543FC5C8-E232-971A-7A32-6CB7B673C3E8.jpg', NULL, '0000-00-00 00:00:00', 0, 0),
(10, 13, 'admin', 2, 'test1', 'C776A77D-B1F9-9D89-C48A-AFB6AC5F7CE1', 'C776A77D-B1F9-9D89-C48A-AFB6AC5F7CE1.jpg', '/GResources/uppic/C/7/7/6/A/C776A77D-B1F9-9D89-C48A-AFB6AC5F7CE1.jpg', NULL, '0000-00-00 00:00:00', 0, 0),
(11, 13, 'admin', 4, 'test1', 'F8ED7DED-E930-6E20-2841-D9CAFC43E613', 'F8ED7DED-E930-6E20-2841-D9CAFC43E613.mp4', '/GResources/upvideo/F/8/E/D/7/F8ED7DED-E930-6E20-2841-D9CAFC43E613.mp4', NULL, '0000-00-00 00:00:00', 0, 0),
(12, 13, 'admin', 4, 'test1', '2BBE6D7B-DA06-18CB-CB25-60C12E9194E9', '2BBE6D7B-DA06-18CB-CB25-60C12E9194E9.mp4', '/GResources/upvideo/2/B/B/E/6/2BBE6D7B-DA06-18CB-CB25-60C12E9194E9.mp4', NULL, '0000-00-00 00:00:00', 0, 0),
(13, 13, 'admin', 4, 'test1', '629574F9-B56D-7672-615F-8147AE21FAC0', '629574F9-B56D-7672-615F-8147AE21FAC0.mp4', '/GResources/upvideo/6/2/9/5/7/629574F9-B56D-7672-615F-8147AE21FAC0.mp4', NULL, '0000-00-00 00:00:00', 0, 0),
(14, 13, 'admin', 4, 'test2', '1EE9D06C-CB03-0EB0-3087-52B034619577', '1EE9D06C-CB03-0EB0-3087-52B034619577.mp4', '/GResources/upvideo/1/E/E/9/D/1EE9D06C-CB03-0EB0-3087-52B034619577.mp4', NULL, '0000-00-00 00:00:00', 0, 0),
(15, 13, 'admin', 4, 'test3', 'C11B6BD4-132A-8F08-683C-44139D95E5E7', 'C11B6BD4-132A-8F08-683C-44139D95E5E7.mp4', '/GResources/upvideo/C/1/1/B/6/C11B6BD4-132A-8F08-683C-44139D95E5E7.mp4', NULL, '0000-00-00 00:00:00', 0, 0),
(16, 13, 'admin', 4, 'test1', '4CB5C2F7-3DFC-BE43-7A52-6F5F052A976A', '4CB5C2F7-3DFC-BE43-7A52-6F5F052A976A.mp4', '/GResources/upvideo/4/C/B/5/C/4CB5C2F7-3DFC-BE43-7A52-6F5F052A976A.mp4', NULL, '0000-00-00 00:00:00', 0, 0),
(17, 13, 'admin', 4, 'test2', '1AF96FDD-00DC-33DC-6F89-06DD23FF0BD4', '1AF96FDD-00DC-33DC-6F89-06DD23FF0BD4.mp4', '/GResources/upvideo/1/A/F/9/6/1AF96FDD-00DC-33DC-6F89-06DD23FF0BD4.mp4', NULL, '0000-00-00 00:00:00', 0, 0),
(18, 13, 'admin', 4, '人力资源管理', '762A682E-076D-A9C5-3409-6E0193D69A5A', '762A682E-076D-A9C5-3409-6E0193D69A5A.mp4', '/GResources/upvideo/7/6/2/A/6/762A682E-076D-A9C5-3409-6E0193D69A5A.mp4', NULL, '0000-00-00 00:00:00', 0, 0),
(19, 13, 'admin', 4, '人力资源管理', '5249F010-5BFF-5C80-3C2B-04EB444D7BC3', '5249F010-5BFF-5C80-3C2B-04EB444D7BC3.mp4', '/GResources/upvideo/5/2/4/9/F/5249F010-5BFF-5C80-3C2B-04EB444D7BC3.mp4', NULL, '0000-00-00 00:00:00', 0, 0),
(20, 13, 'admin', 4, 'dfgdfg', 'E28981CF-7EE2-157B-E0E7-C4ED8C0B73E6', 'E28981CF-7EE2-157B-E0E7-C4ED8C0B73E6.mp4', '/GResources/upvideo/E/2/8/9/8/E28981CF-7EE2-157B-E0E7-C4ED8C0B73E6.mp4', NULL, '0000-00-00 00:00:00', 0, 0),
(21, 13, 'admin', 4, '人力资源管理', '576526D6-1744-A800-F9D1-2F19B0769E9C', '576526D6-1744-A800-F9D1-2F19B0769E9C.mp4', '/GResources/upvideo/5/7/6/5/2/576526D6-1744-A800-F9D1-2F19B0769E9C.mp4', NULL, '0000-00-00 00:00:00', 0, 0),
(22, 13, 'admin', 4, '人力资源管理', '8F0CD44F-EEC7-8D9C-4741-7950E0E3A743', '8F0CD44F-EEC7-8D9C-4741-7950E0E3A743.mp4', '/GResources/upvideo/8/F/0/C/D/8F0CD44F-EEC7-8D9C-4741-7950E0E3A743.mp4', NULL, '0000-00-00 00:00:00', 0, 0),
(23, 13, 'admin', 4, 'php测试', 'D70B8C95-0014-B9A5-40D9-2C958342E1FB', 'D70B8C95-0014-B9A5-40D9-2C958342E1FB.mp4', '/GResources/upvideo/D/7/0/B/8/D70B8C95-0014-B9A5-40D9-2C958342E1FB.mp4', NULL, '0000-00-00 00:00:00', 0, 0),
(24, 13, 'admin', 4, '人力资源管理第二章 第一节', '51A67220-6A1D-096E-321F-688D5F7C7820', '51A67220-6A1D-096E-321F-688D5F7C7820.mp4', '/GResources/upvideo/5/1/A/6/7/51A67220-6A1D-096E-321F-688D5F7C7820.mp4', NULL, '0000-00-00 00:00:00', 0, 0),
(25, 13, 'admin', 4, '人力资源管理 第一章 第二节', 'A14AD670-D808-A8D4-F46B-7C03225FF33F', 'A14AD670-D808-A8D4-F46B-7C03225FF33F.mp4', '/GResources/upvideo/A/1/4/A/D/A14AD670-D808-A8D4-F46B-7C03225FF33F.mp4', NULL, '0000-00-00 00:00:00', 0, 0),
(30, 13, 'admin', 4, 'xzcvzx', 'D71F4091-447E-82E7-2C7E-64BA4E3947C5', 'D71F4091-447E-82E7-2C7E-64BA4E3947C5.mp4', '/GResources/upvideo/D/7/1/F/4/D71F4091-447E-82E7-2C7E-64BA4E3947C5.mp4', NULL, '0000-00-00 00:00:00', 0, 0),
(31, 13, 'admin', 4, 'xzcvzx', '8742341A-569F-E0C0-B422-344D64961F03', '8742341A-569F-E0C0-B422-344D64961F03.mp4', '/GResources/upvideo/8/7/4/2/3/8742341A-569F-E0C0-B422-344D64961F03.mp4', NULL, '0000-00-00 00:00:00', 0, 0),
(32, 1, 'admin', 4, 'test2', '2F8CA51E-EF8B-F338-03E0-E5B75F84AAC4', '2F8CA51E-EF8B-F338-03E0-E5B75F84AAC4.mp4', '/GResources/upvideo/2/F/8/C/A/2F8CA51E-EF8B-F338-03E0-E5B75F84AAC4.mp4', NULL, '0000-00-00 00:00:00', 0, 0),
(33, 1, 'admin', 4, '人力资源 课程概况', '038B215E-610A-C753-86DA-C4E1C174AA31', '038B215E-610A-C753-86DA-C4E1C174AA31.mp4', '/GResources/upvideo/0/3/8/B/2/038B215E-610A-C753-86DA-C4E1C174AA31.mp4', NULL, '0000-00-00 00:00:00', 0, 0),
(34, 1, 'admin', 4, '人力资源管理第一节 ', 'D6010E7F-D77B-8F8A-2611-C11FAF150F93', 'D6010E7F-D77B-8F8A-2611-C11FAF150F93.mp4', '/GResources/upvideo/D/6/0/1/0/D6010E7F-D77B-8F8A-2611-C11FAF150F93.mp4', NULL, '0000-00-00 00:00:00', -1, 0),
(35, 1, 'admin', 4, '人力资源管理第一节 ', 'A389B25A-FA63-BF38-5EFC-331EBA03B6DB', 'A389B25A-FA63-BF38-5EFC-331EBA03B6DB.mp4', '/GResources/upvideo/A/3/8/9/B/A389B25A-FA63-BF38-5EFC-331EBA03B6DB.mp4', NULL, '0000-00-00 00:00:00', 0, 0),
(36, 1, 'admin', 4, '人力资源管理第二章第三节', '04BE83D4-5C5D-6C03-585C-0D26A60A4866', '04BE83D4-5C5D-6C03-585C-0D26A60A4866.mp4', '/GResources/upvideo/0/4/B/E/8/04BE83D4-5C5D-6C03-585C-0D26A60A4866.mp4', NULL, '0000-00-00 00:00:00', 0, 0),
(37, 1, 'admin', 4, '人力资源管理第二章第四节', 'F64C9DD5-5B80-EEAE-B381-4958D1752F76', 'F64C9DD5-5B80-EEAE-B381-4958D1752F76.mp4', '/GResources/upvideo/F/6/4/C/9/F64C9DD5-5B80-EEAE-B381-4958D1752F76.mp4', NULL, '0000-00-00 00:00:00', 0, 0),
(38, 1, 'admin', 4, '人力资源管理第二章第4节', '30183CCD-6837-0767-437F-BF562503DEB0', '30183CCD-6837-0767-437F-BF562503DEB0.mp4', '/GResources/upvideo/3/0/1/8/3/30183CCD-6837-0767-437F-BF562503DEB0.mp4', NULL, '0000-00-00 00:00:00', -1, 0),
(39, 1, 'admin', 4, '人力资源管理第二章第 4 小节', 'E66AA237-5079-1EEA-7AD9-9567F0B7F640', 'E66AA237-5079-1EEA-7AD9-9567F0B7F640.mp4', '/GResources/upvideo/E/6/6/A/A/E66AA237-5079-1EEA-7AD9-9567F0B7F640.mp4', NULL, '0000-00-00 00:00:00', -1, 0),
(40, 1, 'admin', 4, '人力资源管理第二章第4节', '29E45D1D-8277-26AF-BB7A-1ABA3810ED2E', '29E45D1D-8277-26AF-BB7A-1ABA3810ED2E.mp4', '/GResources/upvideo/2/9/E/4/5/29E45D1D-8277-26AF-BB7A-1ABA3810ED2E.mp4', NULL, '0000-00-00 00:00:00', 0, 0),
(41, 1, 'admin', 4, '人力资源管理第二章 第5节', '7986EA9B-914F-A56B-FAA5-9473BECA6CD4', '7986EA9B-914F-A56B-FAA5-9473BECA6CD4.mp4', '/GResources/upvideo/7/9/8/6/E/7986EA9B-914F-A56B-FAA5-9473BECA6CD4.mp4', NULL, '0000-00-00 00:00:00', 0, 0),
(42, 1, 'admin', 4, '人力资源管理第二章第6节', '9DB20079-3CB3-DC7F-39BA-B8E5CC4CEED3', '9DB20079-3CB3-DC7F-39BA-B8E5CC4CEED3.mp4', '/GResources/upvideo/9/D/B/2/0/9DB20079-3CB3-DC7F-39BA-B8E5CC4CEED3.mp4', NULL, '0000-00-00 00:00:00', 0, 0),
(43, 1, 'admin', 4, '人力资源管理第二章第7节', '8FAD6AED-9828-9964-3DA0-9CC8E780CAEB', '8FAD6AED-9828-9964-3DA0-9CC8E780CAEB.mp4', '/GResources/upvideo/8/F/A/D/6/8FAD6AED-9828-9964-3DA0-9CC8E780CAEB.mp4', NULL, '0000-00-00 00:00:00', 0, 0),
(44, 1, 'admin', 4, '人力资源管理第二章第8节', 'F67E6054-0B7F-E503-5FA9-61386A58FEA8', 'F67E6054-0B7F-E503-5FA9-61386A58FEA8.mp4', '/GResources/upvideo/F/6/7/E/6/F67E6054-0B7F-E503-5FA9-61386A58FEA8.mp4', NULL, '0000-00-00 00:00:00', 0, 0),
(45, 1, 'admin', 4, '人力资源管理第二章第9节', '15F5AE73-6D1F-4672-4DD9-180C110946E6', '15F5AE73-6D1F-4672-4DD9-180C110946E6.mp4', '/GResources/upvideo/1/5/F/5/A/15F5AE73-6D1F-4672-4DD9-180C110946E6.mp4', NULL, '0000-00-00 00:00:00', 0, 0),
(46, 1, 'admin', 4, '人力资源管理第二章第10节', '9DB92909-69A8-AB97-878A-A6148FDC6A9D', '9DB92909-69A8-AB97-878A-A6148FDC6A9D.mp4', '/GResources/upvideo/9/D/B/9/2/9DB92909-69A8-AB97-878A-A6148FDC6A9D.mp4', NULL, '0000-00-00 00:00:00', 0, 0),
(47, 1, 'admin', 4, '人力资源管理第二章第11节', 'B6BF3EC0-30D8-83AE-3FDA-AF65D92FDB61', 'B6BF3EC0-30D8-83AE-3FDA-AF65D92FDB61.mp4', '/GResources/upvideo/B/6/B/F/3/B6BF3EC0-30D8-83AE-3FDA-AF65D92FDB61.mp4', NULL, '0000-00-00 00:00:00', 0, 0),
(48, 1, 'admin', 4, '人力资源管理第二章第12节', '1E494C87-BE38-2024-6896-97B397615594', '1E494C87-BE38-2024-6896-97B397615594.mp4', '/GResources/upvideo/1/E/4/9/4/1E494C87-BE38-2024-6896-97B397615594.mp4', NULL, '0000-00-00 00:00:00', 0, 0),
(49, 1, 'admin', 4, '人力资源管理 第二章 第13节', '821F2F71-F573-C030-AFE0-58CB30F2D06F', '821F2F71-F573-C030-AFE0-58CB30F2D06F.mp4', '/GResources/upvideo/8/2/1/F/2/821F2F71-F573-C030-AFE0-58CB30F2D06F.mp4', NULL, '0000-00-00 00:00:00', 0, 0),
(50, 1, 'admin', 4, '人力资源管理 第二章 第14节', '5AAFC8C4-8D94-D3F3-F9FE-B961E7BF60C9', '5AAFC8C4-8D94-D3F3-F9FE-B961E7BF60C9.mp4', '/GResources/upvideo/5/A/A/F/C/5AAFC8C4-8D94-D3F3-F9FE-B961E7BF60C9.mp4', NULL, '0000-00-00 00:00:00', 0, 0),
(51, 1, 'admin', 4, '人力资源管理 第二章 第15节', '0C79DAA1-37BE-3488-4BFD-2A831E4BA94F', '0C79DAA1-37BE-3488-4BFD-2A831E4BA94F.mp4', '/GResources/upvideo/0/C/7/9/D/0C79DAA1-37BE-3488-4BFD-2A831E4BA94F.mp4', NULL, '0000-00-00 00:00:00', 0, 0),
(52, 1, 'admin', 4, '人力资源管理 第二章 第16节', '768C112C-D7EA-2E71-F6D5-7E0FBB0C7E2B', '768C112C-D7EA-2E71-F6D5-7E0FBB0C7E2B.mp4', '/GResources/upvideo/7/6/8/C/1/768C112C-D7EA-2E71-F6D5-7E0FBB0C7E2B.mp4', NULL, '0000-00-00 00:00:00', 0, 0),
(53, 1, 'admin', 4, '人力资源管理 第二章 第17节', '1B868E7A-A376-8E02-4566-FCB3EF06464D', '1B868E7A-A376-8E02-4566-FCB3EF06464D.mp4', '/GResources/upvideo/1/B/8/6/8/1B868E7A-A376-8E02-4566-FCB3EF06464D.mp4', NULL, '0000-00-00 00:00:00', 0, 0),
(54, 1, 'admin', 4, '人力资源管理 第二章 第18节', '4D8F2263-AA3C-A3D6-231C-85C1FE129221', '4D8F2263-AA3C-A3D6-231C-85C1FE129221.mp4', '/GResources/upvideo/4/D/8/F/2/4D8F2263-AA3C-A3D6-231C-85C1FE129221.mp4', NULL, '0000-00-00 00:00:00', 0, 0),
(55, 1, 'admin', 4, '人力资源管理 第二章 第19节', '538B7769-312D-1DB9-0585-E87AFC38731B', '538B7769-312D-1DB9-0585-E87AFC38731B.mp4', '/GResources/upvideo/5/3/8/B/7/538B7769-312D-1DB9-0585-E87AFC38731B.mp4', NULL, '0000-00-00 00:00:00', 0, 0),
(56, 1, 'admin', 4, '人力资源管理 第二章 第20节', '25BC53CC-EBA7-6651-2E1C-94AD4C2030C0', '25BC53CC-EBA7-6651-2E1C-94AD4C2030C0.mp4', '/GResources/upvideo/2/5/B/C/5/25BC53CC-EBA7-6651-2E1C-94AD4C2030C0.mp4', NULL, '0000-00-00 00:00:00', 0, 0),
(57, 1, 'admin', 4, '大江东去', '254B5C1E-2EF3-022F-142A-2B15F5C1B423', '254B5C1E-2EF3-022F-142A-2B15F5C1B423.mp4', '/GResources/upvideo/2/5/4/B/5/254B5C1E-2EF3-022F-142A-2B15F5C1B423.mp4', NULL, '0000-00-00 00:00:00', 0, 0),
(58, 13, '彭剑锋', 4, '第 2 节 真假曹操', 'E7E2AE14-E661-1C2F-EFDD-1DEF02939CD5', 'E7E2AE14-E661-1C2F-EFDD-1DEF02939CD5.mp4', '/GResources/upvideo/E/7/E/2/A/E7E2AE14-E661-1C2F-EFDD-1DEF02939CD5.mp4', NULL, '0000-00-00 00:00:00', 0, 0),
(59, 13, '彭剑锋', 4, '第3节 奸雄之谜', '8C668A7A-75F9-72BA-DF12-5868F84F538F', '8C668A7A-75F9-72BA-DF12-5868F84F538F.mp4', '/GResources/upvideo/8/C/6/6/8/8C668A7A-75F9-72BA-DF12-5868F84F538F.mp4', NULL, '0000-00-00 00:00:00', 0, 0),
(60, 13, '彭剑锋', 4, '第4节 能臣之路', '84BD6EAC-0255-C811-DBDB-93BACB101927', '84BD6EAC-0255-C811-DBDB-93BACB101927.mp4', '/GResources/upvideo/8/4/B/D/6/84BD6EAC-0255-C811-DBDB-93BACB101927.mp4', NULL, '0000-00-00 00:00:00', 0, 0),
(61, 13, '彭剑锋', 4, '第5节 何去何从', '3EEF5F43-034F-8601-E914-73C16661C2DB', '3EEF5F43-034F-8601-E914-73C16661C2DB.mp4', '/GResources/upvideo/3/E/E/F/5/3EEF5F43-034F-8601-E914-73C16661C2DB.mp4', NULL, '0000-00-00 00:00:00', 0, 0),
(62, 13, '彭剑锋', 4, '第6节 一错再错', 'AFE71624-4A23-0A27-B52C-52D1EB5F33F8', 'AFE71624-4A23-0A27-B52C-52D1EB5F33F8.mp4', '/GResources/upvideo/A/F/E/7/1/AFE71624-4A23-0A27-B52C-52D1EB5F33F8.mp4', NULL, '0000-00-00 00:00:00', 0, 0),
(63, 13, '彭剑锋', 4, '第7节 深谋远虑', '58D3D93A-CFC5-E792-7CE9-79D8B990B2F2', '58D3D93A-CFC5-E792-7CE9-79D8B990B2F2.mp4', '/GResources/upvideo/5/8/D/3/D/58D3D93A-CFC5-E792-7CE9-79D8B990B2F2.mp4', NULL, '0000-00-00 00:00:00', 0, 0),
(64, 13, '彭剑锋', 4, '第8节 鬼使神差', '0E48A85B-6851-1364-FEE1-9C40EA8BCD8B', '0E48A85B-6851-1364-FEE1-9C40EA8BCD8B.mp4', '/GResources/upvideo/0/E/4/8/A/0E48A85B-6851-1364-FEE1-9C40EA8BCD8B.mp4', NULL, '0000-00-00 00:00:00', 0, 0),
(65, 13, '彭剑锋', 4, '第9节 一决雌雄', '7CAA0D27-F885-85AC-837D-C784395CC5ED', '7CAA0D27-F885-85AC-837D-C784395CC5ED.mp4', '/GResources/upvideo/7/C/A/A/0/7CAA0D27-F885-85AC-837D-C784395CC5ED.mp4', NULL, '0000-00-00 00:00:00', 0, 0),
(66, 13, '彭剑锋', 4, '第10节 胜败有凭', '56A47A26-EF9C-4790-D420-5CE3A990C8C9', '56A47A26-EF9C-4790-D420-5CE3A990C8C9.mp4', '/GResources/upvideo/5/6/A/4/7/56A47A26-EF9C-4790-D420-5CE3A990C8C9.mp4', NULL, '0000-00-00 00:00:00', 0, 0),
(67, 13, '彭剑锋', 4, '第11节 海纳百川', '503885F3-1949-7A40-5199-94D204F9E6E1', '503885F3-1949-7A40-5199-94D204F9E6E1.mp4', '/GResources/upvideo/5/0/3/8/8/503885F3-1949-7A40-5199-94D204F9E6E1.mp4', NULL, '0000-00-00 00:00:00', 0, 0),
(68, 13, '彭剑锋', 4, '第12节 天下归心', '71CD2418-B468-70AC-F28A-8F8B202E0E79', '71CD2418-B468-70AC-F28A-8F8B202E0E79.mp4', '/GResources/upvideo/7/1/C/D/2/71CD2418-B468-70AC-F28A-8F8B202E0E79.mp4', NULL, '0000-00-00 00:00:00', 0, 0),
(69, 13, '彭剑锋', 4, '个人视频作品', '7381C462-C1EF-E117-00E1-C34E6E9FBA6E', '7381C462-C1EF-E117-00E1-C34E6E9FBA6E.mp4', 'upvideo/7/3/8/1/C/7381C462-C1EF-E117-00E1-C34E6E9FBA6E.mp4', NULL, '0000-00-00 00:00:00', -1, 0),
(70, 13, '彭剑锋', 4, '个人视频2', 'D3D57E0B-4463-70B7-1D2D-3931BAF3BB96', 'D3D57E0B-4463-70B7-1D2D-3931BAF3BB96.mp4', 'upvideo/D/3/D/5/7/D3D57E0B-4463-70B7-1D2D-3931BAF3BB96.mp4', NULL, '0000-00-00 00:00:00', -1, 0),
(71, 13, '彭剑锋', 4, '测试1', '11675985-CE6E-577A-20EF-024A838891DD', '11675985-CE6E-577A-20EF-024A838891DD.mp4', 'upvideo/1/1/6/7/5/11675985-CE6E-577A-20EF-024A838891DD.mp4', NULL, '0000-00-00 00:00:00', 0, 0),
(72, 13, '彭剑锋', 4, '个人视频1', 'E0FF6DEB-9EEC-B605-657F-BB85F4EA8185', 'E0FF6DEB-9EEC-B605-657F-BB85F4EA8185.mp4', '/GResources/upvideo/E/0/F/F/6/E0FF6DEB-9EEC-B605-657F-BB85F4EA8185.mp4', NULL, '0000-00-00 00:00:00', 0, 0),
(73, 13, '彭剑锋', 4, '测试3', '554E4826-7160-E0F3-0BE4-BD5623D589DA', '554E4826-7160-E0F3-0BE4-BD5623D589DA.mp4', '/GResources/upvideo/5/5/4/E/4/554E4826-7160-E0F3-0BE4-BD5623D589DA.mp4', NULL, '0000-00-00 00:00:00', 0, 0),
(74, 1, 'admin', 2, '测试1', 'B476EEA9-F331-35D6-73E3-71F4DCFD83EE', 'B476EEA9-F331-35D6-73E3-71F4DCFD83EE.jpg', '/GResources/uppic/B/4/7/6/E/B476EEA9-F331-35D6-73E3-71F4DCFD83EE.jpg', NULL, '0000-00-00 00:00:00', 0, 0),
(75, 13, '彭剑锋', 4, '第4节 测试4', '35F7B42C-89AE-3205-AEDE-0D53A7C4BF56', '35F7B42C-89AE-3205-AEDE-0D53A7C4BF56.mp4', '/GResources/upvideo/3/5/F/7/B/35F7B42C-89AE-3205-AEDE-0D53A7C4BF56.mp4', NULL, '0000-00-00 00:00:00', 0, 0),
(76, 13, '彭剑锋', 4, '第4节 测试4', 'EBA2010A-5FAD-DEED-7A35-B610694E81E6', 'EBA2010A-5FAD-DEED-7A35-B610694E81E6.mp4', '/GResources/upvideo/E/B/A/2/0/EBA2010A-5FAD-DEED-7A35-B610694E81E6.mp4', NULL, '0000-00-00 00:00:00', 0, 0),
(77, 13, '彭剑锋', 4, '发撒范德萨', '018034E0-EB43-4F74-D2CA-0D4BB3BA8DE1', '018034E0-EB43-4F74-D2CA-0D4BB3BA8DE1.mp4', '/GResources/upvideo/0/1/8/0/3/018034E0-EB43-4F74-D2CA-0D4BB3BA8DE1.mp4', NULL, '0000-00-00 00:00:00', 0, 0),
(78, 13, '彭剑锋', 4, 'fsdf', 'E025288D-BE3C-BE7E-DB62-AAA7CCD7204C', 'E025288D-BE3C-BE7E-DB62-AAA7CCD7204C.mp4', '/GResources/upvideo/E/0/2/5/2/E025288D-BE3C-BE7E-DB62-AAA7CCD7204C.mp4', NULL, '0000-00-00 00:00:00', 0, 0),
(81, 13, '彭剑锋', 4, 'csjmy', '5CED0BAE-A910-A3EA-2344-E77BFBA80900', '5CED0BAE-A910-A3EA-2344-E77BFBA80900.mp4', '/GResources/upvideo/5/C/E/D/0/5CED0BAE-A910-A3EA-2344-E77BFBA80900.mp4', NULL, '0000-00-00 00:00:00', 0, 0),
(82, 13, '彭剑锋', 4, 'mycsj1', 'C72143D6-4EDB-AE85-2940-C0C6EF908B52', 'C72143D6-4EDB-AE85-2940-C0C6EF908B52.mp4', '/GResources/upvideo/C/7/2/1/4/C72143D6-4EDB-AE85-2940-C0C6EF908B52.mp4', NULL, '0000-00-00 00:00:00', 0, 0),
(83, 13, '彭剑锋', 4, 'csjmy2', 'E3B96242-C714-6522-8392-38A6F865D336', 'E3B96242-C714-6522-8392-38A6F865D336.mp4', '/GResources/upvideo/E/3/B/9/6/E3B96242-C714-6522-8392-38A6F865D336.mp4', NULL, '0000-00-00 00:00:00', 0, 0),
(84, 13, '彭剑锋', 4, 'csjmy2', '011667A0-247D-D3D1-763D-6F0EEB262390', '011667A0-247D-D3D1-763D-6F0EEB262390.mp4', '/GResources/upvideo/0/1/1/6/6/011667A0-247D-D3D1-763D-6F0EEB262390.mp4', NULL, '0000-00-00 00:00:00', 0, 0),
(85, 13, '彭剑锋', 4, 'csjmy2', '43E104A2-7199-85CF-75AC-D956C1DFA2C6', '43E104A2-7199-85CF-75AC-D956C1DFA2C6.mp4', '/GResources/upvideo/4/3/E/1/0/43E104A2-7199-85CF-75AC-D956C1DFA2C6.mp4', NULL, '0000-00-00 00:00:00', 0, 0),
(86, 13, '彭剑锋', 4, 'csjmy2', 'C5329550-07F7-EBFE-1D34-9C35E03DC150', 'C5329550-07F7-EBFE-1D34-9C35E03DC150.mp4', '/GResources/upvideo/C/5/3/2/9/C5329550-07F7-EBFE-1D34-9C35E03DC150.mp4', NULL, '0000-00-00 00:00:00', 0, 0),
(87, 13, '彭剑锋', 4, 'mycsj4', '2CFDA9B5-8BC5-73F0-47C8-2C46F1358902', '2CFDA9B5-8BC5-73F0-47C8-2C46F1358902.mp4', '/GResources/upvideo/2/C/F/D/A/2CFDA9B5-8BC5-73F0-47C8-2C46F1358902.mp4', NULL, '0000-00-00 00:00:00', 0, 0),
(88, 13, '彭剑锋', 4, 'mycsj11', '2DCE9476-2C9A-9DD9-C9E6-FEE1B1568590', '2DCE9476-2C9A-9DD9-C9E6-FEE1B1568590.mp4', '/GResources/upvideo/2/D/C/E/9/2DCE9476-2C9A-9DD9-C9E6-FEE1B1568590.mp4', NULL, '0000-00-00 00:00:00', 0, 0),
(89, 13, '彭剑锋', 4, 'mycsj12', '63888692-0615-1FE4-04A2-5CF743FA3DA7', '63888692-0615-1FE4-04A2-5CF743FA3DA7.mp4', '/GResources/upvideo/6/3/8/8/8/63888692-0615-1FE4-04A2-5CF743FA3DA7.mp4', NULL, '0000-00-00 00:00:00', 0, 0),
(90, 13, '彭剑锋', 4, 'mycsj12', 'B1FC16E2-5E91-6568-3616-A2708C8008C6', 'B1FC16E2-5E91-6568-3616-A2708C8008C6.mp4', '/GResources/upvideo/B/1/F/C/1/B1FC16E2-5E91-6568-3616-A2708C8008C6.mp4', NULL, '0000-00-00 00:00:00', 0, 0),
(91, 13, '彭剑锋', 4, 'mycsj11 ', '336C5C6B-BB68-A551-1143-4589273B9D4C', '336C5C6B-BB68-A551-1143-4589273B9D4C.mp4', '/GResources/upvideo/3/3/6/C/5/336C5C6B-BB68-A551-1143-4589273B9D4C.mp4', NULL, '0000-00-00 00:00:00', 0, 0),
(92, 13, '彭剑锋', 4, 'csj1', '2889FD5B-5372-FB66-9057-D7AA1D92D1E9', '2889FD5B-5372-FB66-9057-D7AA1D92D1E9.mp4', '/GResources/upvideo/2/8/8/9/F/2889FD5B-5372-FB66-9057-D7AA1D92D1E9.mp4', NULL, '0000-00-00 00:00:00', 0, 0),
(93, 13, '彭剑锋', 4, 'csj1', 'DF4A72AE-B237-D55E-F1C5-2CA7D598399C', 'DF4A72AE-B237-D55E-F1C5-2CA7D598399C.mp4', '/GResources/upvideo/D/F/4/A/7/DF4A72AE-B237-D55E-F1C5-2CA7D598399C.mp4', NULL, '0000-00-00 00:00:00', 0, 0),
(94, 13, '彭剑锋', 4, 'csj2', '49B7F7B0-9CF1-0335-200D-5B5F8E1DBF15', '49B7F7B0-9CF1-0335-200D-5B5F8E1DBF15.mp4', '/GResources/upvideo/4/9/B/7/F/49B7F7B0-9CF1-0335-200D-5B5F8E1DBF15.mp4', NULL, '0000-00-00 00:00:00', 0, 0),
(95, 13, '彭剑锋', 4, 'csj2', '1E3A0116-E049-A130-1233-F3B45B45F6F9', '1E3A0116-E049-A130-1233-F3B45B45F6F9.mp4', '/GResources/upvideo/1/E/3/A/0/1E3A0116-E049-A130-1233-F3B45B45F6F9.mp4', NULL, '0000-00-00 00:00:00', 0, 0),
(96, 13, '彭剑锋', 4, '第2节 个人视频1', 'C2918D05-EF92-1624-50E9-44D343E0EBE1', 'C2918D05-EF92-1624-50E9-44D343E0EBE1.mp4', '/GResources/upvideo/C/2/9/1/8/C2918D05-EF92-1624-50E9-44D343E0EBE1.mp4', NULL, '0000-00-00 00:00:00', 0, 0),
(97, 13, '彭剑锋', 2, 'csjtest1', 'F1BA27D4-1306-74C3-966E-91F0C95C064D', 'F1BA27D4-1306-74C3-966E-91F0C95C064D.jpg', '/GResources/uppic/F/1/B/A/2/F1BA27D4-1306-74C3-966E-91F0C95C064D.jpg', NULL, '0000-00-00 00:00:00', 0, 0),
(98, 13, '彭剑锋', 2, 'testcsj2', 'EBBA4754-DA78-A00C-5041-F5D9AAECBA85', 'EBBA4754-DA78-A00C-5041-F5D9AAECBA85.jpg', '/GResources/uppic/E/B/B/A/4/EBBA4754-DA78-A00C-5041-F5D9AAECBA85.jpg', NULL, '0000-00-00 00:00:00', 0, 0),
(99, 13, '彭剑锋', 2, 'testcsj3', 'C971639B-0C5E-96E3-30BF-5FFA808860C9', 'C971639B-0C5E-96E3-30BF-5FFA808860C9.jpg', '/GResources/uppic/C/9/7/1/6/C971639B-0C5E-96E3-30BF-5FFA808860C9.jpg', NULL, '0000-00-00 00:00:00', 0, 0),
(100, 13, '彭剑锋', 4, 'testcsj4', 'F7E646BF-CD79-5E4E-7D5E-D448AF6E2FAD', 'F7E646BF-CD79-5E4E-7D5E-D448AF6E2FAD.mp4', '/GResources/upvideo/F/7/E/6/4/F7E646BF-CD79-5E4E-7D5E-D448AF6E2FAD.mp4', NULL, '0000-00-00 00:00:00', 0, 0),
(101, 13, '彭剑锋', 4, 'testcsj4', 'C7195F5D-B02D-0939-A5BC-533FC16F7097', 'C7195F5D-B02D-0939-A5BC-533FC16F7097.mp4', '/GResources/upvideo/C/7/1/9/5/C7195F5D-B02D-0939-A5BC-533FC16F7097.mp4', NULL, '0000-00-00 00:00:00', 0, 0),
(102, 13, '彭剑锋', 4, 'csj1', '37F41EFA-DEEC-2AC0-AEF3-E45377632840', '37F41EFA-DEEC-2AC0-AEF3-E45377632840.mp4', '/GResources/upvideo/3/7/F/4/1/37F41EFA-DEEC-2AC0-AEF3-E45377632840.mp4', NULL, '2014-02-19 17:45:21', 0, 0),
(103, 13, '彭剑锋', 4, 'csj2', 'BFB53D2A-1087-91A9-6FD4-F7A8DA4FFEC5', 'BFB53D2A-1087-91A9-6FD4-F7A8DA4FFEC5.mp4', '/GResources/upvideo/B/F/B/5/3/BFB53D2A-1087-91A9-6FD4-F7A8DA4FFEC5.mp4', NULL, '2014-02-19 17:48:18', 0, 0),
(104, 13, '彭剑锋', 4, 'csj3', '1F489DB7-5908-A552-357B-244468AFE104', '1F489DB7-5908-A552-357B-244468AFE104.mp4', '/GResources/upvideo/1/F/4/8/9/1F489DB7-5908-A552-357B-244468AFE104.mp4', NULL, '2014-02-19 17:55:16', 0, 0),
(105, 13, '彭剑锋', 2, 'csj3截图', '5326D302-84BC-BE9D-D75B-8F06A5F704D9', '5326D302-84BC-BE9D-D75B-8F06A5F704D9.jpg', '/GResources/uppic/5/3/2/6/D/5326D302-84BC-BE9D-D75B-8F06A5F704D9.jpg', NULL, '2014-02-28 14:40:32', 0, 0),
(106, 13, '彭剑锋', 2, 'test5', 'D2B14686-6095-63CD-2614-D4BC673EB0BE', 'D2B14686-6095-63CD-2614-D4BC673EB0BE.jpg', '/GResources/uppic/D/2/B/1/4/D2B14686-6095-63CD-2614-D4BC673EB0BE.jpg', NULL, '2014-03-06 15:08:56', 0, 0),
(107, 1, 'admin', 2, '第4节 测试4截图', 'D2719E7D-0D0E-F091-43D7-FD0536807C37', 'D2719E7D-0D0E-F091-43D7-FD0536807C37.jpg', '/GResources/uppic/D/2/7/1/9/D2719E7D-0D0E-F091-43D7-FD0536807C37.jpg', NULL, '2014-03-20 14:18:58', 0, 0),
(108, 1, 'admin', 2, '第3节 测试3截图', 'B8347CAE-8043-5279-BAA5-55662BC06FB7', 'B8347CAE-8043-5279-BAA5-55662BC06FB7.jpg', '/GResources/uppic/B/8/3/4/7/B8347CAE-8043-5279-BAA5-55662BC06FB7.jpg', NULL, '2014-03-20 14:19:52', 0, 0),
(109, 1, 'admin', 2, '第1节 测试1截图', 'EF58FA0C-DD67-7569-B41F-C56D377E7069', 'EF58FA0C-DD67-7569-B41F-C56D377E7069.jpg', '/GResources/uppic/E/F/5/8/F/EF58FA0C-DD67-7569-B41F-C56D377E7069.jpg', NULL, '2014-03-20 15:27:53', 0, 0),
(110, 1, 'admin', 4, '第4节 测试4', '9FD845D3-3AD6-2E13-4CFE-42FD7A876886', '9FD845D3-3AD6-2E13-4CFE-42FD7A876886.mp4', '/GResources/upvideo/9/F/D/8/4/9FD845D3-3AD6-2E13-4CFE-42FD7A876886.mp4', NULL, '2014-03-20 15:30:13', 0, 0),
(111, 1, 'admin', 2, '第1节 测试1截图', '3919F17D-21AD-8567-BB57-B2E480AD19B7', '3919F17D-21AD-8567-BB57-B2E480AD19B7.jpg', '/GResources/uppic/3/9/1/9/F/3919F17D-21AD-8567-BB57-B2E480AD19B7.jpg', NULL, '2014-03-20 16:08:33', 0, 0),
(112, 1, 'admin', 2, '第2节 个人视频1截图', '3818C262-3592-3AEF-8DD4-4C44FA7D5C84', '3818C262-3592-3AEF-8DD4-4C44FA7D5C84.jpg', '/GResources/uppic/3/8/1/8/C/3818C262-3592-3AEF-8DD4-4C44FA7D5C84.jpg', NULL, '2014-03-20 17:02:26', 0, 0),
(113, 1, 'admin', 2, '第2节 个人视频1截图', '642986E4-1468-1F15-39EB-34918436D40A', '642986E4-1468-1F15-39EB-34918436D40A.jpg', '/GResources/uppic/6/4/2/9/8/642986E4-1468-1F15-39EB-34918436D40A.jpg', NULL, '2014-03-20 17:08:29', 0, 0),
(114, 1, 'admin', 2, '第4节 测试4截图', '3BF807C5-371F-3BC8-3A5C-9BA3633F545C', '3BF807C5-371F-3BC8-3A5C-9BA3633F545C.jpg', '/GResources/uppic/3/B/F/8/0/3BF807C5-371F-3BC8-3A5C-9BA3633F545C.jpg', NULL, '2014-03-20 17:29:31', 0, 0),
(115, 1, 'admin', 2, '第1节 测试1截图', 'C0EFBD17-E7BA-7EB4-28FD-3FA1C331D8F4', 'C0EFBD17-E7BA-7EB4-28FD-3FA1C331D8F4.jpg', '/GResources/uppic/C/0/E/F/B/C0EFBD17-E7BA-7EB4-28FD-3FA1C331D8F4.jpg', NULL, '2014-03-20 17:41:16', 0, 0),
(116, 1, 'admin', 2, '纯视频宣传视频截图', 'D886CD6F-DC35-2D57-0742-B203292021E2', 'D886CD6F-DC35-2D57-0742-B203292021E2.jpg', '/GResources/uppic/D/8/8/6/C/D886CD6F-DC35-2D57-0742-B203292021E2.jpg', NULL, '2014-03-20 17:45:17', 0, 0),
(117, 1, 'admin', 2, '第4节 测试4截图', '7E119628-FF83-9D84-2B4D-3044AD484D46', '7E119628-FF83-9D84-2B4D-3044AD484D46.jpg', '/GResources/uppic/7/E/1/1/9/7E119628-FF83-9D84-2B4D-3044AD484D46.jpg', NULL, '2014-03-20 17:45:51', 0, 0),
(118, 1, 'admin', 4, '第1节 测试1', '85850223-C636-B0F6-1E8E-7E08AEA44BBC', '85850223-C636-B0F6-1E8E-7E08AEA44BBC.mp4', '/GResources/upvideo/8/5/8/5/0/85850223-C636-B0F6-1E8E-7E08AEA44BBC.mp4', NULL, '2014-03-20 17:46:29', 0, 0),
(119, 1, 'admin', 2, '第3节 测试3截图', '12FE9043-8353-FEE5-140F-B22F61C5F2C6', '12FE9043-8353-FEE5-140F-B22F61C5F2C6.jpg', '/GResources/uppic/1/2/F/E/9/12FE9043-8353-FEE5-140F-B22F61C5F2C6.jpg', NULL, '2014-03-20 17:55:07', 0, 0),
(120, 1, 'admin', 4, '第3节 测试3', 'E1D0CE2A-77C4-6EA7-8D98-01476B88144F', 'E1D0CE2A-77C4-6EA7-8D98-01476B88144F.mp4', '/GResources/upvideo/E/1/D/0/C/E1D0CE2A-77C4-6EA7-8D98-01476B88144F.mp4', NULL, '2014-03-20 18:01:35', 0, 0),
(121, 1, 'admin', 2, '第4节 测试4截图', 'F602D38D-639F-B9D2-D629-80983AE0F26F', 'F602D38D-639F-B9D2-D629-80983AE0F26F.jpg', '/GResources/uppic/F/6/0/2/D/F602D38D-639F-B9D2-D629-80983AE0F26F.jpg', NULL, '2014-03-20 18:12:57', 0, 0),
(122, 1, 'admin', 2, '第4节 测试4截图', '68D7879E-C2EB-07B8-9669-3C3EF8C9F01A', '68D7879E-C2EB-07B8-9669-3C3EF8C9F01A.jpg', '/GResources/uppic/6/8/D/7/8/68D7879E-C2EB-07B8-9669-3C3EF8C9F01A.jpg', NULL, '2014-03-20 18:38:29', 0, 0),
(123, 1, 'admin', 4, '第4节 测试4', 'F766C6CB-6D11-38F2-9EB3-DEFC04E72735', 'F766C6CB-6D11-38F2-9EB3-DEFC04E72735.mp4', '/GResources/upvideo/F/7/6/6/C/F766C6CB-6D11-38F2-9EB3-DEFC04E72735.mp4', NULL, '2014-03-20 18:40:41', 0, 0),
(124, 1, 'admin', 4, '第2节 个人视频1', 'EA8C684A-C8F2-027C-638B-276C87F9A43C', 'EA8C684A-C8F2-027C-638B-276C87F9A43C.mp4', '/GResources/upvideo/E/A/8/C/6/EA8C684A-C8F2-027C-638B-276C87F9A43C.mp4', NULL, '2014-03-20 18:46:57', 0, 0),
(125, 1, 'admin', 2, '第2节 个人视频1截图', '9C449154-B3B2-8AE1-8932-040E4AB133F0', '9C449154-B3B2-8AE1-8932-040E4AB133F0.jpg', '/GResources/uppic/9/C/4/4/9/9C449154-B3B2-8AE1-8932-040E4AB133F0.jpg', NULL, '2014-03-20 18:47:03', 0, 0),
(126, 1, 'admin', 2, '第2节 个人视频1截图', 'DEE6299E-D03C-8C47-7C01-EF7BEBF5F5E9', 'DEE6299E-D03C-8C47-7C01-EF7BEBF5F5E9.jpg', '/GResources/uppic/D/E/E/6/2/DEE6299E-D03C-8C47-7C01-EF7BEBF5F5E9.jpg', NULL, '2014-03-20 18:48:16', 0, 0),
(127, 1, 'admin', 2, '第2节 个人视频1截图', 'D5DDA48A-EF31-FBD7-AA06-9AC5D9899867', 'D5DDA48A-EF31-FBD7-AA06-9AC5D9899867.jpg', '/GResources/uppic/D/5/D/D/A/D5DDA48A-EF31-FBD7-AA06-9AC5D9899867.jpg', NULL, '2014-03-20 18:48:27', 0, 0),
(128, 1, 'admin', 2, 'csjtest', '68EF1BDF-431E-43BA-185D-88E58D504043', '68EF1BDF-431E-43BA-185D-88E58D504043.jpg', '/GResources/uppic/6/8/E/F/1/68EF1BDF-431E-43BA-185D-88E58D504043.jpg', NULL, '2014-03-21 09:52:38', 0, 0),
(129, 13, '彭剑锋', 2, 'csjtest1', 'EC9FE271-8FA7-5C23-3C2E-EE02C49E5265', 'EC9FE271-8FA7-5C23-3C2E-EE02C49E5265.jpg', '/GResources/uppic/E/C/9/F/E/EC9FE271-8FA7-5C23-3C2E-EE02C49E5265.jpg', NULL, '2014-03-21 09:53:25', 0, 0),
(130, 1, 'admin', 4, '多对多', '54BBCACE-0875-1CA0-5233-77A8C769C9FA', '54BBCACE-0875-1CA0-5233-77A8C769C9FA.mp4', '/GResources/upvideo/5/4/B/B/C/54BBCACE-0875-1CA0-5233-77A8C769C9FA.mp4', NULL, '2014-03-27 12:53:20', 0, 0),
(131, 1, 'admin', 2, '测试时间', '0D5FCE45-2BEF-DC4A-BBF2-558DE4989801', '0D5FCE45-2BEF-DC4A-BBF2-558DE4989801.jpg', '/GResources/uppic/0/D/5/F/C/0D5FCE45-2BEF-DC4A-BBF2-558DE4989801.jpg', NULL, '2014-03-27 12:58:53', 0, 0),
(132, 1, 'admin', 2, '111csj', '8F26BB15-46F8-BB56-48EA-02F4CBD4B042', '8F26BB15-46F8-BB56-48EA-02F4CBD4B042.jpg', '/GResources/uppic/8/F/2/6/B/8F26BB15-46F8-BB56-48EA-02F4CBD4B042.jpg', NULL, '2014-03-31 20:00:11', 0, 0),
(133, 1, 'admin', 2, '222csf', '9F07B011-2907-32D6-AB9B-B81B68EB8B92', '9F07B011-2907-32D6-AB9B-B81B68EB8B92.jpg', '/GResources/uppic/9/F/0/7/B/9F07B011-2907-32D6-AB9B-B81B68EB8B92.jpg', NULL, '2014-04-01 00:16:52', 0, 0),
(134, 1, 'admin', 4, '100M文件上传', 'E1AF3320-550E-51BB-2ADB-BAA846525000', 'E1AF3320-550E-51BB-2ADB-BAA846525000.mp4', '/GResources/upvideo/E/1/A/F/3/E1AF3320-550E-51BB-2ADB-BAA846525000.mp4', NULL, '2014-04-01 00:53:33', 0, 0),
(135, 1, 'admin', 4, '测试6', '9DBDD565-7862-ECE3-8A9E-78AD4CDB7461', '9DBDD565-7862-ECE3-8A9E-78AD4CDB7461.mp4', '/GResources/upvideo/9/D/B/D/D/9DBDD565-7862-ECE3-8A9E-78AD4CDB7461.mp4', NULL, '2014-04-01 01:15:44', 0, 0),
(136, 1, 'admin', 2, '测试6截图', '30899397-1E07-51CF-C329-3884A67379AC', '30899397-1E07-51CF-C329-3884A67379AC.jpg', '/GResources/uppic/3/0/8/9/9/30899397-1E07-51CF-C329-3884A67379AC.jpg', NULL, '2014-04-01 01:15:56', 0, 0),
(137, 1, 'admin', 2, '第1节 大江东去截图', '90CCA423-44FB-9108-9F04-16AB1DE9D901', '90CCA423-44FB-9108-9F04-16AB1DE9D901.jpg', '/GResources/uppic/9/0/C/C/A/90CCA423-44FB-9108-9F04-16AB1DE9D901.jpg', NULL, '2014-04-01 15:22:32', 0, 0),
(138, 1, 'admin', 2, '第2节 真假曹操截图', 'F50A9373-5C26-FFA3-97B6-FE48D672EA9F', 'F50A9373-5C26-FFA3-97B6-FE48D672EA9F.jpg', '/GResources/uppic/F/5/0/A/9/F50A9373-5C26-FFA3-97B6-FE48D672EA9F.jpg', NULL, '2014-04-01 15:31:03', 0, 0),
(139, 1, 'admin', 2, '第3节 奸雄之谜截图', '9A636809-5161-B6D7-D8D5-CD14888117AF', '9A636809-5161-B6D7-D8D5-CD14888117AF.jpg', '/GResources/uppic/9/A/6/3/6/9A636809-5161-B6D7-D8D5-CD14888117AF.jpg', NULL, '2014-04-01 15:46:48', 0, 0),
(140, 1, 'admin', 2, '第4节 能臣之路截图', '643DA99A-193A-D8BA-2820-EE61017DD542', '643DA99A-193A-D8BA-2820-EE61017DD542.jpg', '/GResources/uppic/6/4/3/D/A/643DA99A-193A-D8BA-2820-EE61017DD542.jpg', NULL, '2014-04-01 15:48:23', 0, 0),
(141, 1, 'admin', 2, '第5节 何去何从截图', 'F2C1D3EF-F685-4154-8274-6A756BC75B4B', 'F2C1D3EF-F685-4154-8274-6A756BC75B4B.jpg', '/GResources/uppic/F/2/C/1/D/F2C1D3EF-F685-4154-8274-6A756BC75B4B.jpg', NULL, '2014-04-01 15:49:56', 0, 0),
(142, 1, 'admin', 2, '第6节 一错再错截图', '8E02CCB3-C67E-2505-5FD8-95502B33652B', '8E02CCB3-C67E-2505-5FD8-95502B33652B.jpg', '/GResources/uppic/8/E/0/2/C/8E02CCB3-C67E-2505-5FD8-95502B33652B.jpg', NULL, '2014-04-01 15:52:13', 0, 0),
(143, 1, 'admin', 2, '第7节 深谋远虑截图', '51D89191-6004-6B74-3F4B-836AEB202600', '51D89191-6004-6B74-3F4B-836AEB202600.jpg', '/GResources/uppic/5/1/D/8/9/51D89191-6004-6B74-3F4B-836AEB202600.jpg', NULL, '2014-04-01 15:53:11', 0, 0),
(144, 1, 'admin', 2, '第8节 鬼使神差截图', '41B24AF6-BCC3-618F-0686-7F841AAC933B', '41B24AF6-BCC3-618F-0686-7F841AAC933B.jpg', '/GResources/uppic/4/1/B/2/4/41B24AF6-BCC3-618F-0686-7F841AAC933B.jpg', NULL, '2014-04-01 15:54:50', 0, 0),
(145, 1, 'admin', 2, '第9节 一决雌雄截图', '52E72907-69F1-AA7A-178B-DE7CD08894EA', '52E72907-69F1-AA7A-178B-DE7CD08894EA.jpg', '/GResources/uppic/5/2/E/7/2/52E72907-69F1-AA7A-178B-DE7CD08894EA.jpg', NULL, '2014-04-01 15:55:57', 0, 0),
(146, 1, 'admin', 2, '第10节 胜败有凭截图', '82463663-FA15-1692-CB0F-F291C5413C14', '82463663-FA15-1692-CB0F-F291C5413C14.jpg', '/GResources/uppic/8/2/4/6/3/82463663-FA15-1692-CB0F-F291C5413C14.jpg', NULL, '2014-04-01 15:57:20', 0, 0),
(147, 1, 'admin', 2, '第11节 海纳百川截图', '44CE5F8D-74AD-E355-3F79-20EA5B741176', '44CE5F8D-74AD-E355-3F79-20EA5B741176.jpg', '/GResources/uppic/4/4/C/E/5/44CE5F8D-74AD-E355-3F79-20EA5B741176.jpg', NULL, '2014-04-01 15:58:33', 0, 0),
(148, 1, 'admin', 2, '第12节 天下归心截图', 'AF05E73C-2C25-B818-9449-8F58CF8BEEB7', 'AF05E73C-2C25-B818-9449-8F58CF8BEEB7.jpg', '/GResources/uppic/A/F/0/5/E/AF05E73C-2C25-B818-9449-8F58CF8BEEB7.jpg', NULL, '2014-04-01 15:59:44', 0, 0),
(149, 1, 'admin', 4, '北京特色小吃', '3C98A679-A384-4ECE-C83A-221F9E189100', '3C98A679-A384-4ECE-C83A-221F9E189100.mp4', '/GResources/upvideo/3/C/9/8/A/3C98A679-A384-4ECE-C83A-221F9E189100.mp4', NULL, '2014-04-02 09:42:43', 0, 0),
(150, 1, 'admin', 4, '集邮趣谈', '7A02F84F-43D0-84DF-CAF3-EE0DA419AD5D', '7A02F84F-43D0-84DF-CAF3-EE0DA419AD5D.mp4', '/GResources/upvideo/7/A/0/2/F/7A02F84F-43D0-84DF-CAF3-EE0DA419AD5D.mp4', NULL, '2014-04-02 19:59:12', 0, 0),
(151, 1, 'admin', 4, '名曲赏析', '5653B989-AE65-E0A5-D756-E7D127FD0841', '5653B989-AE65-E0A5-D756-E7D127FD0841.mp4', '/GResources/upvideo/5/6/5/3/B/5653B989-AE65-E0A5-D756-E7D127FD0841.mp4', NULL, '2014-04-02 21:42:50', 0, 0),
(152, 1, 'admin', 4, '投资与收藏', '6A24156A-3B6D-D87E-5D04-5EE07BA3ED70', '6A24156A-3B6D-D87E-5D04-5EE07BA3ED70.mp4', '/GResources/upvideo/6/A/2/4/1/6A24156A-3B6D-D87E-5D04-5EE07BA3ED70.mp4', NULL, '2014-04-02 22:47:43', 0, 0),
(153, 1, 'admin', 4, '文物鉴定', '776A1607-3EB9-E81D-3C7C-AA8017CD2BAD', '776A1607-3EB9-E81D-3C7C-AA8017CD2BAD.mp4', '/GResources/upvideo/7/7/6/A/1/776A1607-3EB9-E81D-3C7C-AA8017CD2BAD.mp4', NULL, '2014-04-02 23:15:19', 0, 0),
(154, 1, 'admin', 4, '中国童话故事', 'DF3D3D0C-CC4E-99F3-8453-2B28B3394B9C', 'DF3D3D0C-CC4E-99F3-8453-2B28B3394B9C.mp4', '/GResources/upvideo/D/F/3/D/3/DF3D3D0C-CC4E-99F3-8453-2B28B3394B9C.mp4', NULL, '2014-04-03 07:41:47', 0, 0),
(155, 1, 'admin', 4, '中国', 'B2C5404A-7995-43F6-8EB5-FB5CF641CAA4', 'B2C5404A-7995-43F6-8EB5-FB5CF641CAA4.mp4', '/GResources/upvideo/B/2/C/5/4/B2C5404A-7995-43F6-8EB5-FB5CF641CAA4.mp4', NULL, '2014-04-03 08:12:17', 0, 0),
(156, 1, 'admin', 4, '名画赏析', 'EA85A45E-11C8-F1A1-1BBD-1FD60A9C6C2B', 'EA85A45E-11C8-F1A1-1BBD-1FD60A9C6C2B.mp4', '/GResources/upvideo/E/A/8/5/A/EA85A45E-11C8-F1A1-1BBD-1FD60A9C6C2B.mp4', NULL, '2014-04-03 09:33:38', 0, 0),
(157, 1, 'admin', 2, '北京特色小吃截图', '6A156F60-D446-2DC6-87DF-00E678536CD5', '6A156F60-D446-2DC6-87DF-00E678536CD5.jpg', '/GResources/uppic/6/A/1/5/6/6A156F60-D446-2DC6-87DF-00E678536CD5.jpg', NULL, '2014-04-03 10:30:19', 0, 0),
(158, 1, 'admin', 2, '中国童话故事 第一课截图', '2B031E69-F3C4-DB9D-0047-7556E5F5C61B', '2B031E69-F3C4-DB9D-0047-7556E5F5C61B.jpg', '/GResources/uppic/2/B/0/3/1/2B031E69-F3C4-DB9D-0047-7556E5F5C61B.jpg', NULL, '2014-04-03 10:32:54', 0, 0),
(159, 1, 'admin', 2, '中国俚语俗语趣谈 第一课截图', '21C07718-277B-7224-D0D4-1C5EDDDDB1EA', '21C07718-277B-7224-D0D4-1C5EDDDDB1EA.jpg', '/GResources/uppic/2/1/C/0/7/21C07718-277B-7224-D0D4-1C5EDDDDB1EA.jpg', NULL, '2014-04-03 10:35:38', 0, 0),
(160, 1, 'admin', 2, '收藏与投资 第一课截图', '269580C4-A1C7-0F38-B73F-946F8FF37440', '269580C4-A1C7-0F38-B73F-946F8FF37440.jpg', '/GResources/uppic/2/6/9/5/8/269580C4-A1C7-0F38-B73F-946F8FF37440.jpg', NULL, '2014-04-03 10:39:40', 0, 0),
(161, 1, 'admin', 2, '收藏与投资 第一课截图', '3399E8F4-6A86-5F25-85A1-D109AB4F8FAD', '3399E8F4-6A86-5F25-85A1-D109AB4F8FAD.jpg', '/GResources/uppic/3/3/9/9/E/3399E8F4-6A86-5F25-85A1-D109AB4F8FAD.jpg', NULL, '2014-04-03 10:39:58', 0, 0),
(162, 1, 'admin', 2, '集邮趣谈 第一课截图', 'BAAE7D2A-E1F4-9011-51D6-D9DA6B7D1F09', 'BAAE7D2A-E1F4-9011-51D6-D9DA6B7D1F09.jpg', '/GResources/uppic/B/A/A/E/7/BAAE7D2A-E1F4-9011-51D6-D9DA6B7D1F09.jpg', NULL, '2014-04-03 10:44:11', 0, 0),
(163, 1, 'admin', 2, '文物鉴赏 第一课截图', '2E9F2996-DECB-5769-0E1C-603D0E412F2E', '2E9F2996-DECB-5769-0E1C-603D0E412F2E.jpg', '/GResources/uppic/2/E/9/F/2/2E9F2996-DECB-5769-0E1C-603D0E412F2E.jpg', NULL, '2014-04-03 10:45:58', 0, 0),
(164, 1, 'admin', 2, '名画赏析 第一课截图', '9409706C-D5C5-6D42-B73F-75906328849C', '9409706C-D5C5-6D42-B73F-75906328849C.jpg', '/GResources/uppic/9/4/0/9/7/9409706C-D5C5-6D42-B73F-75906328849C.jpg', NULL, '2014-04-03 10:47:43', 0, 0),
(165, 1, 'admin', 2, '人力资源 课程概况截图', '712CEEA5-9C61-40FA-A42C-D503538B2090', '712CEEA5-9C61-40FA-A42C-D503538B2090.jpg', '/GResources/uppic/7/1/2/C/E/712CEEA5-9C61-40FA-A42C-D503538B2090.jpg', NULL, '2014-04-18 13:11:25', 0, 0),
(166, 1, 'admin', 2, '人力资源管理第二章第1节截图', '0732912F-6741-D2A4-986C-979AA4B56BBB', '0732912F-6741-D2A4-986C-979AA4B56BBB.jpg', '/GResources/uppic/0/7/3/2/9/0732912F-6741-D2A4-986C-979AA4B56BBB.jpg', NULL, '2014-04-18 13:20:43', 0, 0),
(167, 1, 'admin', 2, '人力资源管理第二章 第2节截图', '10D1482B-89B7-F7DE-1DA1-AAAD8CE27F77', '10D1482B-89B7-F7DE-1DA1-AAAD8CE27F77.jpg', '/GResources/uppic/1/0/D/1/4/10D1482B-89B7-F7DE-1DA1-AAAD8CE27F77.jpg', NULL, '2014-04-18 13:22:29', 0, 0),
(168, 1, 'admin', 2, '人力资源管理第二章 第3节截图', '9F129622-2349-AC52-DF4B-F217FCB801E1', '9F129622-2349-AC52-DF4B-F217FCB801E1.jpg', '/GResources/uppic/9/F/1/2/9/9F129622-2349-AC52-DF4B-F217FCB801E1.jpg', NULL, '2014-04-18 13:23:42', 0, 0),
(169, 1, 'admin', 2, '人力资源管理第二章第4节截图', '27864B67-4AC4-0AF6-ACA3-4410E5EAEF33', '27864B67-4AC4-0AF6-ACA3-4410E5EAEF33.jpg', '/GResources/uppic/2/7/8/6/4/27864B67-4AC4-0AF6-ACA3-4410E5EAEF33.jpg', NULL, '2014-04-18 13:24:52', 0, 0),
(170, 1, 'admin', 2, '人力资源管理第二章 第5节截图', '0F61EB5D-B5A3-A7D9-2C5D-125817111D4E', '0F61EB5D-B5A3-A7D9-2C5D-125817111D4E.jpg', '/GResources/uppic/0/F/6/1/E/0F61EB5D-B5A3-A7D9-2C5D-125817111D4E.jpg', NULL, '2014-04-18 13:26:43', 0, 0),
(171, 1, 'admin', 2, '人力资源管理第二章第6节截图', '0FFFBEDA-4338-2A2F-FA4F-EA161E6BEB2E', '0FFFBEDA-4338-2A2F-FA4F-EA161E6BEB2E.jpg', '/GResources/uppic/0/F/F/F/B/0FFFBEDA-4338-2A2F-FA4F-EA161E6BEB2E.jpg', NULL, '2014-04-18 13:28:07', 0, 0),
(172, 1, 'admin', 2, '人力资源管理第二章第7节截图', 'CC7A2C69-E3CC-7579-30FD-24FDFB090C5D', 'CC7A2C69-E3CC-7579-30FD-24FDFB090C5D.jpg', '/GResources/uppic/C/C/7/A/2/CC7A2C69-E3CC-7579-30FD-24FDFB090C5D.jpg', NULL, '2014-04-18 13:29:22', 0, 0),
(173, 1, 'admin', 2, '人力资源管理第二章第8节截图', 'B4031209-47C6-00DA-9BD5-B6D3EA31978E', 'B4031209-47C6-00DA-9BD5-B6D3EA31978E.jpg', '/GResources/uppic/B/4/0/3/1/B4031209-47C6-00DA-9BD5-B6D3EA31978E.jpg', NULL, '2014-04-18 13:30:39', 0, 0),
(174, 1, 'admin', 2, '人力资源管理第二章第9节截图', 'FEB038BE-E685-11EC-AEB2-E529C21E0C24', 'FEB038BE-E685-11EC-AEB2-E529C21E0C24.jpg', '/GResources/uppic/F/E/B/0/3/FEB038BE-E685-11EC-AEB2-E529C21E0C24.jpg', NULL, '2014-04-18 13:31:54', 0, 0),
(175, 1, 'admin', 2, '人力资源管理第二章第10节截图', '1BAD6FBD-AEA0-06CD-8616-0C2A4B3AD56B', '1BAD6FBD-AEA0-06CD-8616-0C2A4B3AD56B.jpg', '/GResources/uppic/1/B/A/D/6/1BAD6FBD-AEA0-06CD-8616-0C2A4B3AD56B.jpg', NULL, '2014-04-18 13:32:52', 0, 0),
(176, 1, 'admin', 2, '人力资源管理第二章第11节截图', 'D14B2B37-0778-CDE8-4D41-ABAC5C6105AF', 'D14B2B37-0778-CDE8-4D41-ABAC5C6105AF.jpg', '/GResources/uppic/D/1/4/B/2/D14B2B37-0778-CDE8-4D41-ABAC5C6105AF.jpg', NULL, '2014-04-18 13:33:59', 0, 0),
(177, 1, 'admin', 2, '人力资源管理第二章第12节截图', '7CB4ECE7-BD31-C14C-18E6-88F93992D6BB', '7CB4ECE7-BD31-C14C-18E6-88F93992D6BB.jpg', '/GResources/uppic/7/C/B/4/E/7CB4ECE7-BD31-C14C-18E6-88F93992D6BB.jpg', NULL, '2014-04-18 13:35:24', 0, 0),
(178, 1, 'admin', 2, '人力资源管理 第二章 第13节截图', 'EFDC4E70-9056-49F8-4965-15FBA151753C', 'EFDC4E70-9056-49F8-4965-15FBA151753C.jpg', '/GResources/uppic/E/F/D/C/4/EFDC4E70-9056-49F8-4965-15FBA151753C.jpg', NULL, '2014-04-18 13:36:51', 0, 0),
(179, 1, 'admin', 2, '人力资源管理 第二章 第14节截图', '2BF856AF-14D2-BAB7-E1C2-13F3C36DB3AD', '2BF856AF-14D2-BAB7-E1C2-13F3C36DB3AD.jpg', '/GResources/uppic/2/B/F/8/5/2BF856AF-14D2-BAB7-E1C2-13F3C36DB3AD.jpg', NULL, '2014-04-18 13:38:21', 0, 0),
(180, 1, 'admin', 2, '人力资源管理 第二章 第15节截图', '9B853E54-F3AA-64FA-F159-23C3B78A7EB2', '9B853E54-F3AA-64FA-F159-23C3B78A7EB2.jpg', '/GResources/uppic/9/B/8/5/3/9B853E54-F3AA-64FA-F159-23C3B78A7EB2.jpg', NULL, '2014-04-18 13:39:51', 0, 0),
(181, 1, 'admin', 2, '人力资源管理 第二章 第16节截图', '931F7553-8E34-5BF8-9E8F-EB6187840098', '931F7553-8E34-5BF8-9E8F-EB6187840098.jpg', '/GResources/uppic/9/3/1/F/7/931F7553-8E34-5BF8-9E8F-EB6187840098.jpg', NULL, '2014-04-18 13:41:15', 0, 0),
(182, 1, 'admin', 2, '人力资源管理 第二章 第17节截图', '98B325D0-913D-9A2D-98D6-CEBA412A9A9E', '98B325D0-913D-9A2D-98D6-CEBA412A9A9E.jpg', '/GResources/uppic/9/8/B/3/2/98B325D0-913D-9A2D-98D6-CEBA412A9A9E.jpg', NULL, '2014-04-18 13:42:27', 0, 0),
(183, 1, 'admin', 2, '人力资源管理 第二章 第18节截图', '66F0F243-C708-155A-6EF5-4D4B92C0A793', '66F0F243-C708-155A-6EF5-4D4B92C0A793.jpg', '/GResources/uppic/6/6/F/0/F/66F0F243-C708-155A-6EF5-4D4B92C0A793.jpg', NULL, '2014-04-18 13:43:45', 0, 0),
(184, 1, 'admin', 2, '人力资源管理 第二章 第19节截图', '87D0ECBD-BBF4-189E-209F-DB8E8DC5E424', '87D0ECBD-BBF4-189E-209F-DB8E8DC5E424.jpg', '/GResources/uppic/8/7/D/0/E/87D0ECBD-BBF4-189E-209F-DB8E8DC5E424.jpg', NULL, '2014-04-18 13:45:42', 0, 0),
(185, 1, 'admin', 2, '人力资源管理 第二章 第20节截图', '1347C572-1A92-B9F3-BCA6-4BA672FFC5D8', '1347C572-1A92-B9F3-BCA6-4BA672FFC5D8.jpg', '/GResources/uppic/1/3/4/7/C/1347C572-1A92-B9F3-BCA6-4BA672FFC5D8.jpg', NULL, '2014-04-18 13:47:00', 0, 0),
(186, 1, 'admin', 2, '名画赏析 第一课截图', '7B2671C6-8116-6D86-F9CE-0A3681EC273D', '7B2671C6-8116-6D86-F9CE-0A3681EC273D.jpg', '/GResources/uppic/7/B/2/6/7/7B2671C6-8116-6D86-F9CE-0A3681EC273D.jpg', NULL, '2014-04-18 17:24:06', 0, 0),
(187, 1, 'admin', 3, 'myPPT', '37C1C695-EF16-45D1-EC60-A565E61EF89D', '37C1C695-EF16-45D1-EC60-A565E61EF89D.ppt', '/GResources/upvideo/3/7/C/1/C/37C1C695-EF16-45D1-EC60-A565E61EF89D.ppt', NULL, '2014-04-22 13:20:44', 0, 0),
(188, 1, 'admin', 3, 'myword', '701FA777-B48D-57A7-AA48-9FA043AABB84', '701FA777-B48D-57A7-AA48-9FA043AABB84.doc', '/GResources/upvideo/7/0/1/F/A/701FA777-B48D-57A7-AA48-9FA043AABB84.doc', NULL, '2014-04-22 13:21:53', 0, 0),
(189, 1, 'admin', 3, 'myPDF', 'C4410129-4B5A-A252-A4EB-48CD704360E0', 'C4410129-4B5A-A252-A4EB-48CD704360E0.pdf', '/GResources/upvideo/C/4/4/1/0/C4410129-4B5A-A252-A4EB-48CD704360E0.pdf', NULL, '2014-04-22 13:22:38', 0, 0),
(190, 1, 'admin', 3, 'testPDF', 'DB2ACA91-5566-D5EA-7BEA-A0626DA3BDF9', 'DB2ACA91-5566-D5EA-7BEA-A0626DA3BDF9.pdf', '/GResources/uppic/7/B/2/6/7/7B2671C6-8116-6D86-F9CE-0A3681EC273D.jpg', NULL, '2014-04-22 14:30:26', 0, 0),
(196, 1, 'admin', 4, 'ju08', '4FBC0D4D-E0CE-68C0-732C-585CE96AE973', '4FBC0D4D-E0CE-68C0-732C-585CE96AE973.zip', '/GResources/upvideo/4/F/B/C/0/4FBC0D4D-E0CE-68C0-732C-585CE96AE973.zip', '4FBC0D4D-E0CE-68C0-732C-585CE96AE973/ju08.m3u8', '2014-05-05 11:15:45', 0, 0),
(197, 1, 'admin', 4, 'ju08mp4', '315C8D91-CAF3-1E78-6539-273B7DB3CBA1', '315C8D91-CAF3-1E78-6539-273B7DB3CBA1.mp4', '/GResources/upvideo/3/1/5/C/8/315C8D91-CAF3-1E78-6539-273B7DB3CBA1.mp4', NULL, '2014-05-05 11:17:02', 0, 0),
(198, 1, 'admin', 10, 'ju08m3u', 'E87AC2A7-65FA-5D85-8759-58018BD889F3', 'E87AC2A7-65FA-5D85-8759-58018BD889F3.zip', '/GResources/upvideo/E/8/7/A/C/E87AC2A7-65FA-5D85-8759-58018BD889F3.zip', 'E87AC2A7-65FA-5D85-8759-58018BD889F3/ju08.m3u8', '2014-05-05 12:31:25', 0, 0),
(199, 1, 'admin', 2, '集邮趣谈 第八课截图', '273B890E-16BB-5CE1-EB07-E8459B8D0976', '273B890E-16BB-5CE1-EB07-E8459B8D0976.jpg', '/GResources/uppic/2/7/3/B/8/273B890E-16BB-5CE1-EB07-E8459B8D0976.jpg', NULL, '2014-05-05 15:40:50', 0, 0),
(200, 1, 'admin', 10, '集邮趣谈01m3u', '9FA3C9D0-B7CB-7824-FAEA-C924C5FCDD9F', '9FA3C9D0-B7CB-7824-FAEA-C924C5FCDD9F.zip', '/GResources/upvideo/9/F/A/3/C/9FA3C9D0-B7CB-7824-FAEA-C924C5FCDD9F.zip', '9FA3C9D0-B7CB-7824-FAEA-C924C5FCDD9F/juqt01.m3u8', '2014-05-06 17:47:57', 0, 0),
(201, 1, 'admin', 10, '集邮趣谈02m3u', '6DFC11DF-6C24-35F0-F1F7-5751460F1168', '6DFC11DF-6C24-35F0-F1F7-5751460F1168.zip', '/GResources/upvideo/6/D/F/C/1/6DFC11DF-6C24-35F0-F1F7-5751460F1168.zip', '6DFC11DF-6C24-35F0-F1F7-5751460F1168/juqt02.m3u8', '2014-05-06 19:02:27', 0, 0),
(202, 1, 'admin', 2, '集邮趣谈 第二课截图', 'EB13E494-B108-55FB-F4E5-D9DEB98DD914', 'EB13E494-B108-55FB-F4E5-D9DEB98DD914.jpg', '/GResources/uppic/E/B/1/3/E/EB13E494-B108-55FB-F4E5-D9DEB98DD914.jpg', NULL, '2014-05-06 19:05:28', 0, 0),
(203, 1, 'admin', 10, '集邮趣谈03m3u', '8A3A2B0B-EC5D-9CBB-EF75-2CBD0F845328', '8A3A2B0B-EC5D-9CBB-EF75-2CBD0F845328.zip', '/GResources/upvideo/8/A/3/A/2/8A3A2B0B-EC5D-9CBB-EF75-2CBD0F845328.zip', '8A3A2B0B-EC5D-9CBB-EF75-2CBD0F845328/juqt03.m3u8', '2014-05-06 19:27:50', 0, 0),
(204, 1, 'admin', 2, '集邮趣谈 第三课截图', '94B390FC-9F1B-A667-1150-7C017D994300', '94B390FC-9F1B-A667-1150-7C017D994300.jpg', '/GResources/uppic/9/4/B/3/9/94B390FC-9F1B-A667-1150-7C017D994300.jpg', NULL, '2014-05-06 19:28:08', 0, 0),
(205, 1, 'admin', 10, '集邮趣谈04m3u', '4D1E8B67-4A51-696C-D3F6-CC07DF558C76', '4D1E8B67-4A51-696C-D3F6-CC07DF558C76.zip', '/GResources/upvideo/4/D/1/E/8/4D1E8B67-4A51-696C-D3F6-CC07DF558C76.zip', '4D1E8B67-4A51-696C-D3F6-CC07DF558C76/juqt04.m3u8', '2014-05-06 19:56:48', 0, 0),
(206, 1, 'admin', 2, '集邮趣谈 第四课截图', 'CA08592D-30A8-23D8-E63C-C8C9644B8C54', 'CA08592D-30A8-23D8-E63C-C8C9644B8C54.jpg', '/GResources/uppic/C/A/0/8/5/CA08592D-30A8-23D8-E63C-C8C9644B8C54.jpg', NULL, '2014-05-06 19:58:35', 0, 0),
(207, 1, 'admin', 10, '集邮趣谈05m3u', '6AA2F198-814B-8924-1EC7-CFAC854C5432', '6AA2F198-814B-8924-1EC7-CFAC854C5432.zip', '/GResources/upvideo/6/A/A/2/F/6AA2F198-814B-8924-1EC7-CFAC854C5432.zip', '6AA2F198-814B-8924-1EC7-CFAC854C5432/juqt05.m3u8', '2014-05-06 22:01:39', 0, 0),
(208, 1, 'admin', 10, '集邮趣谈06m3u', '0AAE0F39-6BC7-55DE-3B56-1D3C48995DE7', '0AAE0F39-6BC7-55DE-3B56-1D3C48995DE7.zip', '/GResources/upvideo/0/A/A/E/0/0AAE0F39-6BC7-55DE-3B56-1D3C48995DE7.zip', '0AAE0F39-6BC7-55DE-3B56-1D3C48995DE7/juqt06.m3u8', '2014-05-06 22:28:43', 0, 0),
(209, 1, 'admin', 10, '集邮趣谈07m3u', '2A50424C-3CE8-9D7C-C8E2-0F67375751E7', '2A50424C-3CE8-9D7C-C8E2-0F67375751E7.zip', '/GResources/upvideo/2/A/5/0/4/2A50424C-3CE8-9D7C-C8E2-0F67375751E7.zip', '2A50424C-3CE8-9D7C-C8E2-0F67375751E7/juqt07.m3u8', '2014-05-06 22:56:40', 0, 0),
(212, 1, 'admin', 10, '集邮趣谈08', 'E87AC2A7-65FA-5D85-8759-58018BD889F3', 'E87AC2A7-65FA-5D85-8759-58018BD889F3.zip', '/GResources/upvideo/E/8/7/A/C/E87AC2A7-65FA-5D85-8759-58018BD889F3.zip', 'E87AC2A7-65FA-5D85-8759-58018BD889F3/ju08.m3u8', '2014-05-07 00:06:00', -1, 0),
(211, 1, 'admin', 10, '集邮趣谈第20课m3u', '97AF941F-3028-2E7F-89C0-ED229AD65030', '97AF941F-3028-2E7F-89C0-ED229AD65030.zip', '/GResources/upvideo/9/7/A/F/9/97AF941F-3028-2E7F-89C0-ED229AD65030.zip', '97AF941F-3028-2E7F-89C0-ED229AD65030/juqt20.m3u8', '2014-05-06 23:14:14', 0, 0),
(214, 1, 'admin', 4, 'csjtestmp4', '43AF9AAD-F340-8333-2CE0-4820231A3CDC', '43AF9AAD-F340-8333-2CE0-4820231A3CDC.mp4', '/GResources/upvideo/4/3/A/F/9/43AF9AAD-F340-8333-2CE0-4820231A3CDC.mp4', NULL, '2014-05-07 01:12:47', -1, 0),
(215, 1, 'admin', 10, '集邮趣谈09', '5AD7BB4E-3E94-DF63-6E76-1D43AE59872D', '5AD7BB4E-3E94-DF63-6E76-1D43AE59872D.zip', '/GResources/upvideo/5/A/D/7/B/5AD7BB4E-3E94-DF63-6E76-1D43AE59872D.zip', '5AD7BB4E-3E94-DF63-6E76-1D43AE59872D/juqt09.m3u8', '2014-05-07 01:37:57', 0, 0),
(216, 1, 'admin', 2, '测试1图片', 'CE89CD9E-4537-B438-9BC9-1E536FEE7605', 'CE89CD9E-4537-B438-9BC9-1E536FEE7605.jpg', '/GResources/uppic/C/E/8/9/C/CE89CD9E-4537-B438-9BC9-1E536FEE7605.jpg', NULL, '2014-05-07 09:45:43', -1, 0),
(217, 1, 'admin', 10, '集邮趣谈10', '1D6F15F9-8948-263C-D414-8CDA5A1B9CAB', '1D6F15F9-8948-263C-D414-8CDA5A1B9CAB.zip', '/GResources/upvideo/1/D/6/F/1/1D6F15F9-8948-263C-D414-8CDA5A1B9CAB.zip', '1D6F15F9-8948-263C-D414-8CDA5A1B9CAB/juqt10.m3u8', '2014-05-07 11:05:52', 0, 0),
(218, 1, 'admin', 2, '集邮趣谈 第五课截图', '915BEAA8-64FA-8F3E-3750-B3DCA755D1F6', '915BEAA8-64FA-8F3E-3750-B3DCA755D1F6.jpg', '/GResources/uppic/9/1/5/B/E/915BEAA8-64FA-8F3E-3750-B3DCA755D1F6.jpg', NULL, '2014-05-07 14:17:44', 0, 0),
(219, 1, 'admin', 2, '集邮趣谈 第六课截图', 'B929FC7F-302C-4609-4CFB-477653A2C236', 'B929FC7F-302C-4609-4CFB-477653A2C236.jpg', '/GResources/uppic/B/9/2/9/F/B929FC7F-302C-4609-4CFB-477653A2C236.jpg', NULL, '2014-05-07 14:20:15', 0, 0),
(220, 1, 'admin', 2, '集邮趣谈 第七课截图', '2DD6C010-F3E3-A8A5-F992-E95AFD703E41', '2DD6C010-F3E3-A8A5-F992-E95AFD703E41.jpg', '/GResources/uppic/2/D/D/6/C/2DD6C010-F3E3-A8A5-F992-E95AFD703E41.jpg', NULL, '2014-05-07 14:21:35', 0, 0),
(221, 1, 'admin', 2, '集邮趣谈 第八课截图', '50F1BFE5-D448-DF7D-9C5A-19F39E74A12D', '50F1BFE5-D448-DF7D-9C5A-19F39E74A12D.jpg', '/GResources/uppic/5/0/F/1/B/50F1BFE5-D448-DF7D-9C5A-19F39E74A12D.jpg', NULL, '2014-05-07 14:23:02', 0, 0),
(222, 1, 'admin', 10, '集邮趣谈11', '88E8D719-FE4C-C480-990A-0201EE45036E', '88E8D719-FE4C-C480-990A-0201EE45036E.zip', '/GResources/upvideo/8/8/E/8/D/88E8D719-FE4C-C480-990A-0201EE45036E.zip', '88E8D719-FE4C-C480-990A-0201EE45036E/juqt11.m3u8', '2014-05-07 18:18:01', 0, 0),
(223, 1, 'admin', 10, '集邮趣谈12', '69274333-914D-247D-F521-3731296FEA63', '69274333-914D-247D-F521-3731296FEA63.zip', '/GResources/upvideo/6/9/2/7/4/69274333-914D-247D-F521-3731296FEA63.zip', '69274333-914D-247D-F521-3731296FEA63/juqt12.m3u8', '2014-05-07 18:45:46', 0, 0);
INSERT INTO `global_media_resources` (`resourceid`, `userid`, `username`, `typeid`, `updetail`, `guid`, `filename`, `filepath`, `zipfilepath`, `createtime`, `status`, `usetag`) VALUES
(224, 1, 'admin', 10, '集邮趣谈13', '712B07BA-BE17-533C-5971-ABDF6C734429', '712B07BA-BE17-533C-5971-ABDF6C734429.zip', '/GResources/upvideo/7/1/2/B/0/712B07BA-BE17-533C-5971-ABDF6C734429.zip', '712B07BA-BE17-533C-5971-ABDF6C734429/juqt13.m3u8', '2014-05-07 19:25:19', 0, 0),
(225, 1, 'admin', 10, '集邮趣谈14', '45957E1F-893C-057F-DABC-4FE1F146831D', '45957E1F-893C-057F-DABC-4FE1F146831D.zip', '/GResources/upvideo/4/5/9/5/7/45957E1F-893C-057F-DABC-4FE1F146831D.zip', '45957E1F-893C-057F-DABC-4FE1F146831D/juqt14.m3u8', '2014-05-07 19:56:19', 0, 0),
(226, 1, 'admin', 10, '集邮趣谈15', 'B83A1E94-C244-1C25-1928-D0859DDB59D4', 'B83A1E94-C244-1C25-1928-D0859DDB59D4.zip', '/GResources/upvideo/B/8/3/A/1/B83A1E94-C244-1C25-1928-D0859DDB59D4.zip', 'B83A1E94-C244-1C25-1928-D0859DDB59D4/juqt15.m3u8', '2014-05-07 20:30:28', 0, 0),
(227, 1, 'admin', 10, '集邮趣谈16', 'F065ED16-0F80-DC8E-0A65-D682BB7D0CF0', 'F065ED16-0F80-DC8E-0A65-D682BB7D0CF0.zip', '/GResources/upvideo/F/0/6/5/E/F065ED16-0F80-DC8E-0A65-D682BB7D0CF0.zip', 'F065ED16-0F80-DC8E-0A65-D682BB7D0CF0/juqt16.m3u8', '2014-05-07 23:07:01', 0, 0),
(228, 1, 'admin', 10, '集邮趣谈17', 'E3FF7308-54EA-B18C-2872-E880FE7B057E', 'E3FF7308-54EA-B18C-2872-E880FE7B057E.zip', '/GResources/upvideo/E/3/F/F/7/E3FF7308-54EA-B18C-2872-E880FE7B057E.zip', 'E3FF7308-54EA-B18C-2872-E880FE7B057E/juqt17.m3u8', '2014-05-07 23:45:38', 0, 0),
(229, 1, 'admin', 10, '集邮趣谈18', 'D0DB1626-EAD3-4829-E4D8-EF2CB54756BF', 'D0DB1626-EAD3-4829-E4D8-EF2CB54756BF.zip', '/GResources/upvideo/D/0/D/B/1/D0DB1626-EAD3-4829-E4D8-EF2CB54756BF.zip', 'D0DB1626-EAD3-4829-E4D8-EF2CB54756BF/juqt18.m3u8', '2014-05-08 00:14:51', 0, 0),
(230, 1, 'admin', 10, '集邮趣谈19', '8753C980-890D-D891-87A6-F8D402ED68B1', '8753C980-890D-D891-87A6-F8D402ED68B1.zip', '/GResources/upvideo/8/7/5/3/C/8753C980-890D-D891-87A6-F8D402ED68B1.zip', '8753C980-890D-D891-87A6-F8D402ED68B1/juqt19.m3u8', '2014-05-08 00:43:13', 0, 0),
(231, 1, 'admin', 2, '集邮趣谈 第九课截图', '9E1402D2-DA42-CB6B-1052-2612F75D5D83', '9E1402D2-DA42-CB6B-1052-2612F75D5D83.jpg', '/GResources/uppic/9/E/1/4/0/9E1402D2-DA42-CB6B-1052-2612F75D5D83.jpg', NULL, '2014-05-08 00:47:06', 0, 0),
(232, 1, 'admin', 2, '集邮趣谈 第十课截图', '6A8AB196-DF59-B79F-6646-619873CBA61C', '6A8AB196-DF59-B79F-6646-619873CBA61C.jpg', '/GResources/uppic/6/A/8/A/B/6A8AB196-DF59-B79F-6646-619873CBA61C.jpg', NULL, '2014-05-08 00:48:26', 0, 0),
(233, 1, 'admin', 2, '集邮趣谈 第十一课截图', 'F8AC99DB-DACE-4FE8-6558-AB1881B54DB9', 'F8AC99DB-DACE-4FE8-6558-AB1881B54DB9.jpg', '/GResources/uppic/F/8/A/C/9/F8AC99DB-DACE-4FE8-6558-AB1881B54DB9.jpg', NULL, '2014-05-08 00:49:35', 0, 0),
(234, 1, 'admin', 2, '集邮趣谈 第十二课截图', '607BAED0-6BEC-092F-4C17-90E31A9F9BB2', '607BAED0-6BEC-092F-4C17-90E31A9F9BB2.jpg', '/GResources/uppic/6/0/7/B/A/607BAED0-6BEC-092F-4C17-90E31A9F9BB2.jpg', NULL, '2014-05-08 00:50:58', 0, 0),
(235, 1, 'admin', 2, '集邮趣谈 第十三课截图', '5631049D-8FE3-CE77-317F-E3B3DF2F690A', '5631049D-8FE3-CE77-317F-E3B3DF2F690A.jpg', '/GResources/uppic/5/6/3/1/0/5631049D-8FE3-CE77-317F-E3B3DF2F690A.jpg', NULL, '2014-05-08 00:52:15', 0, 0),
(236, 1, 'admin', 2, '集邮趣谈 第十四课截图', 'D3EE3E1D-4754-F519-B44B-67A2EFB4089C', 'D3EE3E1D-4754-F519-B44B-67A2EFB4089C.jpg', '/GResources/uppic/D/3/E/E/3/D3EE3E1D-4754-F519-B44B-67A2EFB4089C.jpg', NULL, '2014-05-08 00:53:20', 0, 0),
(237, 1, 'admin', 2, '集邮趣谈 第十五课截图', 'C91F7814-9114-00CC-44E5-B21E62AC6D9C', 'C91F7814-9114-00CC-44E5-B21E62AC6D9C.jpg', '/GResources/uppic/C/9/1/F/7/C91F7814-9114-00CC-44E5-B21E62AC6D9C.jpg', NULL, '2014-05-08 00:54:27', 0, 0),
(238, 1, 'admin', 2, '集邮趣谈 第十六课截图', 'F28FE677-5879-D92A-61F0-1FDA8D9AC09B', 'F28FE677-5879-D92A-61F0-1FDA8D9AC09B.jpg', '/GResources/uppic/F/2/8/F/E/F28FE677-5879-D92A-61F0-1FDA8D9AC09B.jpg', NULL, '2014-05-08 00:55:30', 0, 0),
(239, 1, 'admin', 2, '集邮趣谈 第十七课截图', '300EB3F8-8876-DED4-2B1F-4012497F2E7C', '300EB3F8-8876-DED4-2B1F-4012497F2E7C.jpg', '/GResources/uppic/3/0/0/E/B/300EB3F8-8876-DED4-2B1F-4012497F2E7C.jpg', NULL, '2014-05-08 00:57:05', 0, 0),
(240, 1, 'admin', 2, '集邮趣谈 第十八课截图', 'F6A57112-53D2-84F6-3D4B-59EE547F0891', 'F6A57112-53D2-84F6-3D4B-59EE547F0891.jpg', '/GResources/uppic/F/6/A/5/7/F6A57112-53D2-84F6-3D4B-59EE547F0891.jpg', NULL, '2014-05-08 00:58:19', 0, 0),
(241, 1, 'admin', 2, '集邮趣谈 第十九课截图', 'EE64480F-B857-1624-821F-F674E6D8A95F', 'EE64480F-B857-1624-821F-F674E6D8A95F.jpg', '/GResources/uppic/E/E/6/4/4/EE64480F-B857-1624-821F-F674E6D8A95F.jpg', NULL, '2014-05-08 00:59:34', 0, 0),
(242, 1, 'admin', 2, '集邮趣谈 第二十课截图', 'A9728829-7988-3B3F-F9A0-6B8D8FA472B0', 'A9728829-7988-3B3F-F9A0-6B8D8FA472B0.jpg', '/GResources/uppic/A/9/7/2/8/A9728829-7988-3B3F-F9A0-6B8D8FA472B0.jpg', NULL, '2014-05-08 01:01:26', 0, 0),
(243, 1, 'admin', 4, '测试1mp4', '2B056960-AF1A-0C86-4338-ADA3C2D6EEDD', '2B056960-AF1A-0C86-4338-ADA3C2D6EEDD.mp4', '/GResources/upvideo/2/B/0/5/6/2B056960-AF1A-0C86-4338-ADA3C2D6EEDD.mp4', NULL, '2014-05-08 18:27:01', 0, 0),
(244, 1, 'admin', 2, '测试1mp4截图', '10A01FFB-67AC-6D91-9D6A-D428483B4005', '10A01FFB-67AC-6D91-9D6A-D428483B4005.jpg', '/GResources/uppic/1/0/A/0/1/10A01FFB-67AC-6D91-9D6A-D428483B4005.jpg', NULL, '2014-05-08 18:27:17', 0, 0),
(245, 1, 'admin', 10, '测试2m3u', '2B9EF5A1-1CB9-7D5E-C088-4D20A1348CF2', '2B9EF5A1-1CB9-7D5E-C088-4D20A1348CF2.zip', '/GResources/upvideo/2/B/9/E/F/2B9EF5A1-1CB9-7D5E-C088-4D20A1348CF2.zip', '2B9EF5A1-1CB9-7D5E-C088-4D20A1348CF2/ju08.m3u8', '2014-05-08 18:29:32', 0, 0),
(246, 1, 'admin', 2, '测试2m3u截图', '8F71790A-E6C8-3BDC-6336-72EB1652DA8D', '8F71790A-E6C8-3BDC-6336-72EB1652DA8D.jpg', '/GResources/uppic/8/F/7/1/7/8F71790A-E6C8-3BDC-6336-72EB1652DA8D.jpg', NULL, '2014-05-08 18:29:46', 0, 0);

-- --------------------------------------------------------

--
-- 表的结构 `global_media_types`
--

CREATE TABLE IF NOT EXISTS `global_media_types` (
  `typeid` int(11) NOT NULL AUTO_INCREMENT COMMENT '自增长ID',
  `typename` varchar(200) NOT NULL COMMENT '类型名称',
  `createtime` datetime NOT NULL COMMENT '创建时间',
  PRIMARY KEY (`typeid`)
) ENGINE=MyISAM  DEFAULT CHARSET=utf8 CHECKSUM=1 DELAY_KEY_WRITE=1 ROW_FORMAT=DYNAMIC COMMENT='资源类型表' AUTO_INCREMENT=14 ;

--
-- 转存表中的数据 `global_media_types`
--

INSERT INTO `global_media_types` (`typeid`, `typename`, `createtime`) VALUES
(1, '音频', '0000-00-00 00:00:00'),
(2, '图片', '2013-12-16 00:00:00'),
(3, '文档', '2013-12-16 00:00:00'),
(4, '视频mp4格式', '2013-12-16 00:00:00'),
(5, '练习', '0000-00-00 00:00:00'),
(10, '视频m3u8格式', '0000-00-00 00:00:00'),
(11, 'fffff', '0000-00-00 00:00:00'),
(12, '凤飞飞', '0000-00-00 00:00:00'),
(13, 'aaaa', '0000-00-00 00:00:00');

-- --------------------------------------------------------

--
-- 表的结构 `itive_words`
--

CREATE TABLE IF NOT EXISTS `itive_words` (
  `wordsid` int(11) NOT NULL AUTO_INCREMENT COMMENT '索引',
  `wordsname` varchar(50) NOT NULL,
  `createtime` datetime NOT NULL,
  PRIMARY KEY (`wordsid`)
) ENGINE=MyISAM  DEFAULT CHARSET=utf8 COMMENT='敏感词表' AUTO_INCREMENT=7 ;

--
-- 转存表中的数据 `itive_words`
--

INSERT INTO `itive_words` (`wordsid`, `wordsname`, `createtime`) VALUES
(1, '性', '2014-04-29 03:04:06'),
(2, '性福', '2014-04-29 00:00:00'),
(3, '草', '2014-04-29 00:00:00'),
(4, '草泥马', '2014-04-29 00:00:00');

-- --------------------------------------------------------

--
-- 表的结构 `keywordmanage`
--

CREATE TABLE IF NOT EXISTS `keywordmanage` (
  `keyid` int(11) NOT NULL AUTO_INCREMENT COMMENT '索引ID',
  `keywordname` varchar(100) NOT NULL COMMENT '关键字名称',
  `clickrate` int(11) NOT NULL DEFAULT '0' COMMENT '点击率',
  `placedtop` int(4) NOT NULL DEFAULT '0' COMMENT '置顶排序 默认为 0 1置顶',
  `grougnum` int(11) NOT NULL COMMENT '分组数20条数据为1组',
  PRIMARY KEY (`keyid`)
) ENGINE=MyISAM  DEFAULT CHARSET=utf8 COMMENT='关键词管理表' AUTO_INCREMENT=74 ;

--
-- 转存表中的数据 `keywordmanage`
--

INSERT INTO `keywordmanage` (`keyid`, `keywordname`, `clickrate`, `placedtop`, `grougnum`) VALUES
(23, '北京', 39, 1, 2),
(2, '人力资源', 7, 1, 1),
(3, '管理', 8, 0, 1),
(4, '人力资源管理', 13, 0, 1),
(5, '视频', 36, 0, 1),
(6, '企业', 3, 0, 1),
(7, '发展', 11, 0, 1),
(8, '方向', 0, 0, 1),
(9, '三国', 13, 0, 1),
(10, '易中天品三国', 2, 0, 1),
(11, '大江东去', 2, 0, 1),
(12, '真假曹操', 0, 0, 1),
(13, '奸雄之谜', 0, 0, 1),
(14, '能臣之路', 3, 0, 2),
(15, '何去何从', 0, 0, 2),
(16, '一错再错', 2, 0, 2),
(17, '深谋远虑', 0, 0, 2),
(18, '鬼使神差', 0, 0, 2),
(19, '一决雌雄', 0, 0, 2),
(20, '胜败有凭', 1, 0, 2),
(72, '投资管理', 6, 0, 4),
(24, '小吃', 0, 0, 2),
(25, '投资', 1, 0, 2),
(26, '童话故事', 0, 0, 2),
(27, '收藏', 2, 0, 2),
(29, '俗语', 9, 0, 3),
(30, '文物', 2, 1, 3),
(31, '名画', 8, 0, 3),
(63, '个人收藏', 12, 0, 3),
(64, '三国演义', 29, 0, 3),
(73, '投资理财', 3, 0, 4),
(66, '水浒传', 13, 0, 3),
(67, '北京印象', 16, 0, 3),
(68, '北京胡同', 12, 0, 3),
(69, '红楼梦', 82, 0, 3),
(70, '财务管理', 8, 0, 3),
(71, '企业投资', 12, 0, 3);

-- --------------------------------------------------------

--
-- 表的结构 `lessons`
--

CREATE TABLE IF NOT EXISTS `lessons` (
  `lessonsid` int(11) NOT NULL AUTO_INCREMENT COMMENT '自增长ID',
  `courseid` int(11) NOT NULL COMMENT '课程索引ID',
  `sectionsid` int(11) NOT NULL COMMENT '章节索引',
  `playorder` int(4) DEFAULT '0' COMMENT '播放排序',
  `class` int(2) DEFAULT NULL COMMENT '内容分类 ',
  `name` varchar(100) DEFAULT NULL COMMENT '视频名称',
  `brief` text COMMENT '视频简介',
  `description` varchar(200) DEFAULT NULL COMMENT '视频描述',
  `searchkey` varchar(200) DEFAULT '' COMMENT '搜索关键词.多个关键字;号分隔',
  `author` varchar(64) DEFAULT NULL COMMENT '视频制作者',
  `picguid` varchar(200) NOT NULL COMMENT '视频图像 资源库guid 串',
  `resguid` varchar(200) DEFAULT NULL COMMENT '资源库guid 生成串',
  `timelen` varchar(100) DEFAULT NULL COMMENT '视频播放长度',
  `free` int(2) DEFAULT '0' COMMENT '是否收费视频0免费1收费',
  `visitnum` int(10) NOT NULL DEFAULT '0' COMMENT '访问次数',
  `createtime` datetime NOT NULL COMMENT '创建时间',
  PRIMARY KEY (`lessonsid`)
) ENGINE=MyISAM  DEFAULT CHARSET=utf8 CHECKSUM=1 DELAY_KEY_WRITE=1 ROW_FORMAT=DYNAMIC COMMENT='课程视频' AUTO_INCREMENT=127 ;

--
-- 转存表中的数据 `lessons`
--

INSERT INTO `lessons` (`lessonsid`, `courseid`, `sectionsid`, `playorder`, `class`, `name`, `brief`, `description`, `searchkey`, `author`, `picguid`, `resguid`, `timelen`, `free`, `visitnum`, `createtime`) VALUES
(29, 15, 17, 4, 4, 'test1', 'test', 'test1', '', 'test', '', '4CB5C2F7-3DFC-BE43-7A52-6F5F052A976A', '0:10', 1, 36, '2013-12-17 13:05:37'),
(30, 15, 17, 5, 4, '企业文化发展方向', '企业文化发展方向', '企业文化发展方向', '', 'test', '', '2F8CA51E-EF8B-F338-03E0-E5B75F84AAC4', '19:55', 0, 26, '2013-12-17 14:01:35'),
(31, 15, 17, 6, 4, 'test3', 'test3', NULL, '', 'test3', '', '5249F010-5BFF-5C80-3C2B-04EB444D7BC3', '1:20', 1, 929, '2013-12-17 14:36:43'),
(44, 17, 20, 5, 4, '人力资源管理第二章 第5节', '人力资源管理 李小勇', NULL, NULL, '陈双江', '0F61EB5D-B5A3-A7D9-2C5D-125817111D4E', '7986EA9B-914F-A56B-FAA5-9473BECA6CD4', '1:16', 1, 38, '2014-01-09 01:20:49'),
(45, 17, 20, 6, 4, '人力资源管理第二章第6节', '人力资源管理 陈明', NULL, NULL, '陈双江', '0FFFBEDA-4338-2A2F-FA4F-EA161E6BEB2E', '9DB20079-3CB3-DC7F-39BA-B8E5CC4CEED3', '1:26', 1, 37, '2014-01-09 01:22:44'),
(40, 17, 20, 1, 4, '人力资源管理第二章第1节', '人力资源管理第二章第1节', NULL, NULL, '陈双江', '0732912F-6741-D2A4-986C-979AA4B56BBB', 'A389B25A-FA63-BF38-5EFC-331EBA03B6DB', '1:20', 1, 82, '2014-01-09 00:51:11'),
(41, 17, 20, 2, 4, '人力资源管理第二章 第2节', '人力资源管理 宋杼辰', NULL, NULL, '陈双江', '10D1482B-89B7-F7DE-1DA1-AAAD8CE27F77', '04BE83D4-5C5D-6C03-585C-0D26A60A4866', '0:52', 1, 57, '2014-01-09 00:55:15'),
(39, 17, 19, 1, 4, '人力资源 课程概况', '人力资源课程整体课程概况', NULL, NULL, '陈双江', '712CEEA5-9C61-40FA-A42C-D503538B2090', '038B215E-610A-C753-86DA-C4E1C174AA31', '16:45', 0, 271, '2014-01-08 23:14:04'),
(47, 17, 20, 8, 4, '人力资源管理第二章第8节', '人力资源管理  饶征', NULL, NULL, '陈双江', 'B4031209-47C6-00DA-9BD5-B6D3EA31978E', 'F67E6054-0B7F-E503-5FA9-61386A58FEA8', '1:34', 1, 37, '2014-01-09 01:26:52'),
(46, 17, 20, 7, 4, '人力资源管理第二章第7节', '人力资源管理 李冰权', NULL, NULL, '陈双江', 'CC7A2C69-E3CC-7579-30FD-24FDFB090C5D', '8FAD6AED-9828-9964-3DA0-9CC8E780CAEB', '1:30', 1, 27, '2014-01-09 01:24:42'),
(42, 17, 20, 3, 4, '人力资源管理第二章 第3节', '人力资源管理 陆学彬', NULL, NULL, '陈双江', '9F129622-2349-AC52-DF4B-F217FCB801E1', 'F64C9DD5-5B80-EEAE-B381-4958D1752F76', '1:00', 1, 34, '2014-01-09 00:57:29'),
(43, 17, 20, 4, 4, '人力资源管理第二章第4节', '崔海鹏', NULL, NULL, '陈双江', '27864B67-4AC4-0AF6-ACA3-4410E5EAEF33', '29E45D1D-8277-26AF-BB7A-1ABA3810ED2E', '1:17', 1, 38, '2014-01-09 01:17:20'),
(48, 17, 20, 9, 4, '人力资源管理第二章第9节', '人力资源管理 孙波', NULL, NULL, '陈双江', 'FEB038BE-E685-11EC-AEB2-E529C21E0C24', '15F5AE73-6D1F-4672-4DD9-180C110946E6', '1:40', 1, 18, '2014-01-09 01:28:48'),
(49, 17, 20, 10, 4, '人力资源管理第二章第10节', '人力资源管理 黄健江', NULL, NULL, '陈双江', '1BAD6FBD-AEA0-06CD-8616-0C2A4B3AD56B', '9DB92909-69A8-AB97-878A-A6148FDC6A9D', '1:57', 1, 18, '2014-01-09 01:30:43'),
(50, 17, 20, 11, 4, '人力资源管理第二章第11节', '人力资源管理 曹朝霞', NULL, NULL, '陈双江', 'D14B2B37-0778-CDE8-4D41-ABAC5C6105AF', 'B6BF3EC0-30D8-83AE-3FDA-AF65D92FDB61', '2:08', 1, 15, '2014-01-09 13:32:24'),
(51, 17, 20, 12, 4, '人力资源管理第二章第12节', '人力资源管理  何屹', NULL, NULL, '陈双江', '7CB4ECE7-BD31-C14C-18E6-88F93992D6BB', '1E494C87-BE38-2024-6896-97B397615594', '2:27', 1, 35, '2014-01-09 13:35:15'),
(52, 17, 20, 13, 4, '人力资源管理 第二章 第13节', '人力资源管理 夏惊鸣', NULL, NULL, '陈双江', 'EFDC4E70-9056-49F8-4965-15FBA151753C', '821F2F71-F573-C030-AFE0-58CB30F2D06F', '2:28', 1, 19, '2014-01-09 13:37:59'),
(53, 17, 20, 14, 4, '人力资源管理 第二章 第14节', '人力资源管理  李志华', NULL, NULL, '陈双江', '2BF856AF-14D2-BAB7-E1C2-13F3C36DB3AD', '5AAFC8C4-8D94-D3F3-F9FE-B961E7BF60C9', '2:44', 1, 31, '2014-01-09 13:47:23'),
(54, 17, 20, 15, 4, '人力资源管理 第二章 第15节', '人力资源管理 彭志雄', NULL, NULL, '陈双江', '9B853E54-F3AA-64FA-F159-23C3B78A7EB2', '0C79DAA1-37BE-3488-4BFD-2A831E4BA94F', '2:45', 1, 17, '2014-01-09 13:52:00'),
(55, 17, 20, 16, 4, '人力资源管理 第二章 第16节', '人力资源管理 刑雷', NULL, NULL, '陈双江', '931F7553-8E34-5BF8-9E8F-EB6187840098', '768C112C-D7EA-2E71-F6D5-7E0FBB0C7E2B', '2:51', 1, 44, '2014-01-09 13:56:27'),
(56, 17, 20, 17, 4, '人力资源管理 第二章 第17节', '人力资源管理 胡向华', NULL, NULL, '陈双江', '98B325D0-913D-9A2D-98D6-CEBA412A9A9E', '1B868E7A-A376-8E02-4566-FCB3EF06464D', '2:52', 1, 25, '2014-01-09 14:00:39'),
(57, 17, 20, 18, 4, '人力资源管理 第二章 第18节', '人力资源管理 张文锋', NULL, NULL, '陈双江', '66F0F243-C708-155A-6EF5-4D4B92C0A793', '4D8F2263-AA3C-A3D6-231C-85C1FE129221', '3:25', 1, 19, '2014-01-09 14:05:30'),
(58, 17, 20, 19, 4, '人力资源管理 第二章 第19节', '人力资源管理 程绍珊', NULL, NULL, '陈双江', '87D0ECBD-BBF4-189E-209F-DB8E8DC5E424', '538B7769-312D-1DB9-0585-E87AFC38731B', '4:12', 1, 43, '2014-01-09 14:09:39'),
(59, 17, 20, 20, 4, '人力资源管理 第二章 第20节', '人力资源管理  叶宁长', NULL, NULL, '陈双江', '1347C572-1A92-B9F3-BCA6-4BA672FFC5D8', '25BC53CC-EBA7-6651-2E1C-94AD4C2030C0', '4:28', 1, 40, '2014-01-09 14:15:30'),
(65, 20, 24, 1, 4, '第1节 大江东去', '&lt;p&gt;\r\n	易中天品三国 大江东去 易中天品三国 大江东去易中天品三国 大江东去易中天品三国 大江东去易中天品三国 大江东去易中天品三国 大江东去易中天品三国 大江东去易中天品三国 大江东去易中天品三国 大江东去易中天品三国 大江东去易中天品三国 大江东去易中天品三国 大江东去易中天品三国 大江东去易中天品三国 大江东去易中天品三国 大江东去易中天\r\n&lt;/p&gt;\r\n&lt;p&gt;\r\n	易中天品三国 大江东去易中天品三国 大江东去易中天品三国 大江东去易中天品三国 大江东去易中天品三国 大江东去易中天品三国 大江东去易中天品三国 大江东去易中天品三国 大江东去易中天品三国 大江东去易中天品三国 大江东去易中天品三国 大江东去易中天品三国 大江东去易中天品三国 大江东去易中天品三国 大江东去易中天品三国 大江东去易中天\r\n&lt;/p&gt;', NULL, NULL, '刘旭', '90CCA423-44FB-9108-9F04-16AB1DE9D901', '254B5C1E-2EF3-022F-142A-2B15F5C1B423', '41:46', 0, 412, '2014-01-10 21:42:41'),
(64, 21, 25, 1, 4, '第1节 测试1', '测试', NULL, '', '陈双江', 'EF58FA0C-DD67-7569-B41F-C56D377E7069', 'E28981CF-7EE2-157B-E0E7-C4ED8C0B73E6', '16:45', 0, 111, '2014-01-10 14:17:46'),
(66, 20, 24, 2, 4, '第2节 真假曹操', '真假曹操&lt;span&gt;真假曹操&lt;span&gt;真假曹操&lt;span&gt;真假曹操&lt;span&gt;真假曹操&lt;span&gt;真假曹操&lt;span&gt;真假曹操&lt;span&gt;真假曹操&lt;span&gt;真假曹操&lt;span&gt;真假曹操&lt;span&gt;真假曹操&lt;span&gt;真假曹操&lt;span&gt;真假曹操&lt;span&gt;真假曹操&lt;span&gt;真假曹操&lt;span&gt;真假曹操&lt;span&gt;真假曹操&lt;span&gt;真假曹操&lt;span&gt;真假曹操&lt;span&gt;真假曹操&lt;span&gt;真假曹操&lt;span&gt;真假曹操&lt;span&gt;真假曹操&lt;span&gt;真假曹操&lt;span&gt;真假曹操&lt;span&gt;真假曹操&lt;span&gt;真假曹操&lt;span&gt;真假曹操&lt;span&gt;真假曹操&lt;span&gt;真假曹操&lt;span&gt;真假曹操&lt;span&gt;真假曹操&lt;span&gt;真假曹操&lt;span&gt;真假曹操&lt;span&gt;真假曹操&lt;span&gt;真假曹操&lt;span&gt;真假曹操&lt;span&gt;真假曹操&lt;span&gt;真假曹操&lt;span&gt;真假曹操&lt;span&gt;真假曹操&lt;span&gt;真假曹操&lt;span&gt;真假曹操&lt;span&gt;真假曹操&lt;span&gt;真假曹操&lt;span&gt;真假曹操&lt;span&gt;真假曹操&lt;span&gt;真假曹操&lt;span&gt;真假曹操&lt;span&gt;真假曹操&lt;span&gt;真假曹操&lt;span&gt;真假曹操&lt;span&gt;真假曹操&lt;span&gt;真假曹操&lt;span&gt;真假曹操&lt;span&gt;真假曹操&lt;span&gt;真假曹操&lt;span&gt;真假曹操&lt;span&gt;真假曹操&lt;span&gt;真假曹操&lt;span&gt;真假曹操&lt;span&gt;真假曹操&lt;/span&gt;&lt;/span&gt;&lt;/span&gt;&lt;/span&gt;&lt;/span&gt;&lt;/span&gt;&lt;/span&gt;&lt;/span&gt;&lt;/span&gt;&lt;/span&gt;&lt;/span&gt;&lt;/span&gt;&lt;/span&gt;&lt;/span&gt;&lt;/span&gt;&lt;/span&gt;&lt;/span&gt;&lt;/span&gt;&lt;/span&gt;&lt;/span&gt;&lt;/span&gt;&lt;/span&gt;&lt;/span&gt;&lt;/span&gt;&lt;/span&gt;&lt;/span&gt;&lt;/span&gt;&lt;/span&gt;&lt;/span&gt;&lt;/span&gt;&lt;/span&gt;&lt;/span&gt;&lt;/span&gt;&lt;/span&gt;&lt;/span&gt;&lt;/span&gt;&lt;/span&gt;&lt;/span&gt;&lt;/span&gt;&lt;/span&gt;&lt;/span&gt;&lt;/span&gt;&lt;/span&gt;&lt;/span&gt;&lt;/span&gt;&lt;/span&gt;&lt;/span&gt;&lt;/span&gt;&lt;/span&gt;&lt;/span&gt;&lt;/span&gt;&lt;/span&gt;&lt;/span&gt;&lt;/span&gt;&lt;/span&gt;&lt;/span&gt;&lt;/span&gt;&lt;/span&gt;&lt;/span&gt;&lt;/span&gt;&lt;/span&gt;', NULL, NULL, '刘旭', 'F50A9373-5C26-FFA3-97B6-FE48D672EA9F', 'E7E2AE14-E661-1C2F-EFDD-1DEF02939CD5', '41:45', 1, 242, '2014-01-11 08:18:15'),
(67, 20, 24, 3, 4, '第3节 奸雄之谜', '奸雄之谜', NULL, NULL, '刘旭', '9A636809-5161-B6D7-D8D5-CD14888117AF', '8C668A7A-75F9-72BA-DF12-5868F84F538F', '41:18', 1, 68, '2014-01-11 08:59:40'),
(68, 20, 24, 4, 4, '第4节 能臣之路', '能臣之路', NULL, NULL, '刘旭', '643DA99A-193A-D8BA-2820-EE61017DD542', '84BD6EAC-0255-C811-DBDB-93BACB101927', '41:05', 1, 15, '2014-01-11 10:07:39'),
(69, 20, 24, 5, 4, '第5节 何去何从', '何去何从', NULL, NULL, '刘旭', 'F2C1D3EF-F685-4154-8274-6A756BC75B4B', '3EEF5F43-034F-8601-E914-73C16661C2DB', '41:13', 1, 14, '2014-01-11 10:39:42'),
(70, 20, 24, 6, 4, '第6节 一错再错', '一错再错', NULL, NULL, '刘旭', '8E02CCB3-C67E-2505-5FD8-95502B33652B', 'AFE71624-4A23-0A27-B52C-52D1EB5F33F8', '41:07', 1, 16, '2014-01-11 11:15:17'),
(71, 20, 24, 7, 4, '第7节 深谋远虑', '深谋远虑', NULL, NULL, '刘旭', '51D89191-6004-6B74-3F4B-836AEB202600', '58D3D93A-CFC5-E792-7CE9-79D8B990B2F2', '40:11', 1, 44, '2014-01-11 11:41:58'),
(72, 20, 24, 8, 4, '第8节 鬼使神差', '鬼使神差', NULL, NULL, '刘旭', '41B24AF6-BCC3-618F-0686-7F841AAC933B', '0E48A85B-6851-1364-FEE1-9C40EA8BCD8B', '39:44', 1, 26, '2014-01-11 12:09:23'),
(73, 20, 24, 9, 4, '第9节 一决雌雄', '一决雌雄', NULL, NULL, '刘旭', '52E72907-69F1-AA7A-178B-DE7CD08894EA', '7CAA0D27-F885-85AC-837D-C784395CC5ED', '40:08', 1, 9, '2014-01-11 12:58:57'),
(74, 20, 24, 10, 4, '第10节 胜败有凭', '胜败有凭', NULL, NULL, '刘旭', '82463663-FA15-1692-CB0F-F291C5413C14', '56A47A26-EF9C-4790-D420-5CE3A990C8C9', '40:07', 1, 7, '2014-01-11 13:28:39'),
(75, 20, 24, 11, 4, '第11节 海纳百川', '海纳百川', NULL, NULL, '刘旭', '44CE5F8D-74AD-E355-3F79-20EA5B741176', '503885F3-1949-7A40-5199-94D204F9E6E1', '40:06', 1, 14, '2014-01-11 13:56:53'),
(76, 20, 24, 12, 4, '第12节 天下归心', '天下归心', NULL, NULL, '刘旭', 'AF05E73C-2C25-B818-9449-8F58CF8BEEB7', '71CD2418-B468-70AC-F28A-8F8B202E0E79', '40:09', 1, 9, '2014-01-11 14:33:33'),
(80, 21, 25, 2, 4, '第2节 个人视频1', '个人视频1', NULL, '', '陈双江 ', 'D5DDA48A-EF31-FBD7-AA06-9AC5D9899867', 'EA8C684A-C8F2-027C-638B-276C87F9A43C', '1:48', 0, 1, '2014-01-11 17:06:00'),
(81, 21, 25, 3, 4, '第3节 测试3', '测试3', NULL, '', '陈双江', '12FE9043-8353-FEE5-140F-B22F61C5F2C6', 'E1D0CE2A-77C4-6EA7-8D98-01476B88144F', '1:20', 0, 1, '2014-01-11 17:35:42'),
(82, 21, 25, 4, 4, '第4节 测试4', '测试4', NULL, '', '陈双江', '68D7879E-C2EB-07B8-9669-3C3EF8C9F01A', 'F766C6CB-6D11-38F2-9EB3-DEFC04E72735', '', 0, 1, '2014-01-21 13:21:27'),
(84, 23, 26, 3, 4, 'cs3', 'csj1', NULL, NULL, 'csj1', '', '37F41EFA-DEEC-2AC0-AEF3-E45377632840', '1:09', 0, 11, '2014-01-27 20:30:26'),
(85, 23, 26, 2, 4, 'csj2', 'csj2', NULL, NULL, 'csj', '', 'BFB53D2A-1087-91A9-6FD4-F7A8DA4FFEC5', '1:45', 0, 4, '2014-01-27 20:39:50'),
(86, 24, 29, 1, 4, '小西视频', '小西视频121231', NULL, '', '小西', '', '576526D6-1744-A800-F9D1-2F19B0769E9C', '1:20', 0, 5, '2014-02-12 17:39:27'),
(87, 25, 30, 1, 4, '纯视频宣传视频', '纯视频宣传视频', NULL, '', 'csj', '', '8F0CD44F-EEC7-8D9C-4741-7950E0E3A743', '1:20', 0, 31, '2014-02-12 17:47:46'),
(91, 23, 26, 1, 4, 'cs1', '', NULL, NULL, 'csj', '5326D302-84BC-BE9D-D75B-8F06A5F704D9', '1F489DB7-5908-A552-357B-244468AFE104', '1:30', 0, 6, '2014-02-19 17:55:18'),
(92, 21, 25, 5, 4, '第5节 测试1', '第5节 测试第5节 测试122', NULL, NULL, 'csj', '', '9FD845D3-3AD6-2E13-4CFE-42FD7A876886', '', 0, 0, '2014-03-24 12:56:14'),
(93, 21, 25, 6, 4, '测试6', '测试6', NULL, NULL, 'csj', '30899397-1E07-51CF-C329-3884A67379AC', '9DBDD565-7862-ECE3-8A9E-78AD4CDB7461', '54:32', 1, 0, '2014-04-01 01:15:58'),
(94, 38, 34, 1, 4, '北京特色小吃 第一课', '北京特色小吃 第一课', NULL, NULL, 'csj', '6A156F60-D446-2DC6-87DF-00E678536CD5', '3C98A679-A384-4ECE-C83A-221F9E189100', '29:56', 0, 61, '2014-04-03 10:30:22'),
(95, 37, 35, 1, 4, '中国童话故事 第一课', '中国童话故事 第一课', NULL, NULL, 'csj', '2B031E69-F3C4-DB9D-0047-7556E5F5C61B', 'DF3D3D0C-CC4E-99F3-8453-2B28B3394B9C', '26:09', 0, 10, '2014-04-03 10:32:56'),
(96, 36, 36, 1, 4, '中国俚语俗语趣谈 第一课', '中国俚语俗语趣谈 第一课', NULL, NULL, 'csj', '21C07718-277B-7224-D0D4-1C5EDDDDB1EA', 'B2C5404A-7995-43F6-8EB5-FB5CF641CAA4', '27:25', 0, 5, '2014-04-03 10:35:48'),
(97, 35, 37, 1, 4, '收藏与投资 第一课', '收藏与投资 第一课', NULL, NULL, 'csj', '3399E8F4-6A86-5F25-85A1-D109AB4F8FAD', '6A24156A-3B6D-D87E-5D04-5EE07BA3ED70', '25:03', 0, 7, '2014-04-03 10:39:38'),
(98, 34, 38, 1, 10, '集邮趣谈 第一课', '集邮趣谈 第一课', NULL, NULL, 'csj', 'BAAE7D2A-E1F4-9011-51D6-D9DA6B7D1F09', '9FA3C9D0-B7CB-7824-FAEA-C924C5FCDD9F', '27:20', 0, 75, '2014-04-03 10:44:21'),
(99, 33, 39, 1, 4, '文物鉴赏 第一课', '文物鉴赏 第一课', NULL, NULL, 'csj', '2E9F2996-DECB-5769-0E1C-603D0E412F2E', '776A1607-3EB9-E81D-3C7C-AA8017CD2BAD', '25:17', 0, 6, '2014-04-03 10:46:00'),
(100, 32, 40, 1, 4, '名画赏析 第一课', '名画赏析 第一课', NULL, NULL, 'csj', '7B2671C6-8116-6D86-F9CE-0A3681EC273D', 'EA85A45E-11C8-F1A1-1BBD-1FD60A9C6C2B', '25:00', 0, 45, '2014-04-03 10:47:52'),
(101, 23, 26, 4, 5, '练习1', '练习1', NULL, NULL, 'csj', '', NULL, '', 0, 10, '2014-04-04 12:13:59'),
(102, 17, 20, 21, 3, '测试PDF', '测试PDF测试PDF', NULL, NULL, 'CSJ', '', 'DB2ACA91-5566-D5EA-7BEA-A0626DA3BDF9', '', 1, 42, '2014-04-22 14:42:11'),
(103, 23, 26, 5, 3, 'csjPDF', 'csjPDF', NULL, NULL, 'csj', '', 'C4410129-4B5A-A252-A4EB-48CD704360E0', '', 0, 0, '2014-04-22 16:08:55'),
(104, 17, 20, 22, 5, '测试练习题', '测试练习题测试练习题', NULL, NULL, 'csj', '', NULL, '', 1, 2, '2014-04-22 16:37:31'),
(106, 34, 38, 2, 10, '集邮趣谈 第二课', '集邮趣谈 第二课', NULL, NULL, 'csj', 'EB13E494-B108-55FB-F4E5-D9DEB98DD914', '6DFC11DF-6C24-35F0-F1F7-5751460F1168', '26:27', 1, 7, '2014-05-05 13:03:03'),
(107, 34, 38, 3, 10, '集邮趣谈 第三课', '集邮趣谈 第三课', NULL, NULL, 'csj', '94B390FC-9F1B-A667-1150-7C017D994300', '8A3A2B0B-EC5D-9CBB-EF75-2CBD0F845328', '26:58', 1, 3, '2014-05-06 19:28:14'),
(108, 34, 38, 4, 10, '集邮趣谈 第四课', '集邮趣谈 第四课', NULL, NULL, 'csj', 'CA08592D-30A8-23D8-E63C-C8C9644B8C54', '4D1E8B67-4A51-696C-D3F6-CC07DF558C76', '26:44', 1, 1, '2014-05-06 19:58:38'),
(109, 34, 38, 5, 10, '集邮趣谈 第五课', '集邮趣谈 第五课', NULL, NULL, 'csj', '915BEAA8-64FA-8F3E-3750-B3DCA755D1F6', '6AA2F198-814B-8924-1EC7-CFAC854C5432', '25:50', 1, 1, '2014-05-07 14:17:47'),
(110, 34, 38, 6, 10, '集邮趣谈 第六课', '集邮趣谈 第六课', NULL, NULL, 'csj', 'B929FC7F-302C-4609-4CFB-477653A2C236', '0AAE0F39-6BC7-55DE-3B56-1D3C48995DE7', '29:46', 1, 1, '2014-05-07 14:20:19'),
(111, 34, 38, 7, 10, '集邮趣谈 第七课', '集邮趣谈 第七课', NULL, NULL, 'csj', '2DD6C010-F3E3-A8A5-F992-E95AFD703E41', '2A50424C-3CE8-9D7C-C8E2-0F67375751E7', '30:43', 1, 1, '2014-05-07 14:21:39'),
(112, 34, 38, 8, 10, '集邮趣谈 第八课', '集邮趣谈 第八课', NULL, NULL, 'csj', '50F1BFE5-D448-DF7D-9C5A-19F39E74A12D', 'E87AC2A7-65FA-5D85-8759-58018BD889F3', '25:57', 1, 2, '2014-05-07 14:23:05'),
(113, 34, 38, 9, 10, '集邮趣谈 第九课', '集邮趣谈 第九课', NULL, NULL, 'csj', '9E1402D2-DA42-CB6B-1052-2612F75D5D83', '5AD7BB4E-3E94-DF63-6E76-1D43AE59872D', '27:04', 1, 1, '2014-05-08 00:47:09'),
(114, 34, 38, 10, 10, '集邮趣谈 第十课', '集邮趣谈 第十课', NULL, NULL, 'csj', '6A8AB196-DF59-B79F-6646-619873CBA61C', '1D6F15F9-8948-263C-D414-8CDA5A1B9CAB', '27:10', 1, 1, '2014-05-08 00:48:29'),
(115, 34, 38, 11, 10, '集邮趣谈 第十一课', '集邮趣谈 第十一课', NULL, NULL, 'csj', 'F8AC99DB-DACE-4FE8-6558-AB1881B54DB9', '88E8D719-FE4C-C480-990A-0201EE45036E', '30:05', 1, 2, '2014-05-08 00:49:37'),
(116, 34, 38, 12, 10, '集邮趣谈 第十二课', '集邮趣谈 第十二课', NULL, NULL, 'csj', '607BAED0-6BEC-092F-4C17-90E31A9F9BB2', '69274333-914D-247D-F521-3731296FEA63', '27:58', 1, 1, '2014-05-08 00:51:02'),
(117, 34, 38, 13, 10, '集邮趣谈 第十三课', '集邮趣谈 第十三课', NULL, NULL, 'csj', '5631049D-8FE3-CE77-317F-E3B3DF2F690A', '712B07BA-BE17-533C-5971-ABDF6C734429', '35:21', 1, 2, '2014-05-08 00:52:18'),
(118, 34, 38, 14, 10, '集邮趣谈 第十四课', '集邮趣谈 第十四课', NULL, NULL, 'csj', 'D3EE3E1D-4754-F519-B44B-67A2EFB4089C', '45957E1F-893C-057F-DABC-4FE1F146831D', '31:14', 1, 2, '2014-05-08 00:53:23'),
(119, 34, 38, 15, 10, '集邮趣谈 第十五课', '集邮趣谈 第十五课', NULL, NULL, 'csj', 'C91F7814-9114-00CC-44E5-B21E62AC6D9C', 'B83A1E94-C244-1C25-1928-D0859DDB59D4', '30:57', 1, 2, '2014-05-08 00:54:29'),
(120, 34, 38, 16, 10, '集邮趣谈 第十六课', '集邮趣谈 第十六课', NULL, NULL, 'csj', 'F28FE677-5879-D92A-61F0-1FDA8D9AC09B', 'F065ED16-0F80-DC8E-0A65-D682BB7D0CF0', '30:43', 1, 2, '2014-05-08 00:55:33'),
(121, 34, 38, 17, 10, '集邮趣谈 第十七课', '集邮趣谈 第十七课', NULL, NULL, 'csj', '300EB3F8-8876-DED4-2B1F-4012497F2E7C', 'E3FF7308-54EA-B18C-2872-E880FE7B057E', '26:44', 1, 2, '2014-05-08 00:57:08'),
(122, 34, 38, 18, 10, '集邮趣谈 第十八课', '集邮趣谈 第十八课', NULL, NULL, 'csj', 'F6A57112-53D2-84F6-3D4B-59EE547F0891', 'D0DB1626-EAD3-4829-E4D8-EF2CB54756BF', '31:24', 1, 2, '2014-05-08 00:58:26'),
(123, 34, 38, 19, 10, '集邮趣谈 第十九课', '集邮趣谈 第十九课', NULL, NULL, 'csj', 'EE64480F-B857-1624-821F-F674E6D8A95F', '8753C980-890D-D891-87A6-F8D402ED68B1', '38:19', 1, 2, '2014-05-08 00:59:36'),
(124, 34, 38, 20, 10, '集邮趣谈 第二十课', '集邮趣谈 第二十课', NULL, NULL, 'csj', 'A9728829-7988-3B3F-F9A0-6B8D8FA472B0', '97AF941F-3028-2E7F-89C0-ED229AD65030', '28:28', 1, 2, '2014-05-08 01:01:29'),
(125, 23, 26, 6, 4, '测试1mp4', '测试1mp4', NULL, NULL, 'csj', '10A01FFB-67AC-6D91-9D6A-D428483B4005', '2B056960-AF1A-0C86-4338-ADA3C2D6EEDD', '0:32', 0, 0, '2014-05-08 18:27:20'),
(126, 23, 26, 7, 10, '测试2m3u', '测试2m3u', NULL, NULL, 'csj', '8F71790A-E6C8-3BDC-6336-72EB1652DA8D', '2B9EF5A1-1CB9-7D5E-C088-4D20A1348CF2', '2:23', 0, 0, '2014-05-08 18:29:50');

-- --------------------------------------------------------

--
-- 表的结构 `lessonsfocus`
--

CREATE TABLE IF NOT EXISTS `lessonsfocus` (
  `focusid` int(11) NOT NULL AUTO_INCREMENT COMMENT '索引ID',
  `lessonsid` int(11) NOT NULL COMMENT '课程视频ID',
  `focustime` int(11) NOT NULL COMMENT '课程重点时间点 记录单位秒',
  `focusname` varchar(100) NOT NULL COMMENT '课程重点名称',
  PRIMARY KEY (`focusid`)
) ENGINE=MyISAM  DEFAULT CHARSET=utf8 COMMENT='课程重点表' AUTO_INCREMENT=17 ;

--
-- 转存表中的数据 `lessonsfocus`
--

INSERT INTO `lessonsfocus` (`focusid`, `lessonsid`, `focustime`, `focusname`) VALUES
(1, 34, 300, '课程重点1'),
(2, 32, 20, '企业文化重点1企业文化重点1企业文化重点1企业文化重点1企业文化重点1企业文化重点1'),
(5, 32, 40, '企业文化发展重点2企业文化发展重点2企业文化发展重点2企业文化发展重点2企业文化发展重点2'),
(8, 64, 10, '课程重点1:测试测试一测试测试一测试测试一测试测试一测试测试一'),
(9, 64, 20, '课程重点2测试重点二测试专用简介测试重点二测试专用简介测试重点二测试专用简介测试重点二测试专用简介测试重点二测试专用简介'),
(10, 64, 30, '课程重点3：测试重点二测试专用简介测试重点二测试专用简介'),
(11, 65, 105, '大江东去概述'),
(12, 65, 294, '说周瑜'),
(13, 65, 817, '历史上对周瑜的评价'),
(14, 65, 1539, '关羽崇拜精彩点评'),
(15, 84, 23, '动画制作'),
(16, 84, 35, '动画制作1');

-- --------------------------------------------------------

--
-- 表的结构 `lessonshistory`
--

CREATE TABLE IF NOT EXISTS `lessonshistory` (
  `playid` int(11) NOT NULL AUTO_INCREMENT COMMENT '自增长ID',
  `purcid` int(11) NOT NULL COMMENT '用户购买课程索引ID',
  `userid` int(11) DEFAULT NULL COMMENT '用户ID ',
  `courseid` int(11) DEFAULT NULL COMMENT '课程ID',
  `sectionsid` int(11) DEFAULT NULL COMMENT '章节ID',
  `lessonsid` int(11) DEFAULT NULL COMMENT '课程视频ID',
  `playtime` int(11) DEFAULT '0' COMMENT '播放时间',
  `end` int(2) NOT NULL DEFAULT '0' COMMENT '是否完成课程0未完成1已完成',
  `isbuy` int(11) NOT NULL DEFAULT '0' COMMENT '1表示购买0表示未购买',
  `createtime` int(11) NOT NULL COMMENT '记录更新时间点',
  PRIMARY KEY (`playid`)
) ENGINE=MyISAM  DEFAULT CHARSET=utf8 CHECKSUM=1 DELAY_KEY_WRITE=1 ROW_FORMAT=DYNAMIC COMMENT='课程视频播放历史记录表' AUTO_INCREMENT=193 ;

--
-- 转存表中的数据 `lessonshistory`
--

INSERT INTO `lessonshistory` (`playid`, `purcid`, `userid`, `courseid`, `sectionsid`, `lessonsid`, `playtime`, `end`, `isbuy`, `createtime`) VALUES
(161, 0, 13, 20, 24, 75, 0, 0, 1, 0),
(162, 0, 13, 20, 24, 71, 0, 1, 1, 0),
(163, 0, 13, 17, 20, 57, 0, 0, 1, 0),
(164, 0, 13, 20, 24, 68, 0, 0, 1, 0),
(165, 0, 13, 23, 26, 101, 0, 0, 0, 0),
(166, 0, 13, 23, 26, 91, 0, 0, 0, 0),
(75, 0, 13, 17, 20, 44, 0, 1, 0, 1392277655),
(76, 0, 13, 17, 20, 40, 0, 0, 0, 1392796785),
(77, 0, 13, 17, 19, 39, 360, 0, 0, 1397536992),
(78, 0, 13, 17, 20, 45, 86, 1, 0, 1392280465),
(81, 0, 13, 17, 20, 46, 0, 1, 0, 1392283752),
(172, 0, 13, 34, 38, 98, 60, 1, 0, 1397698777),
(171, 0, 13, 33, 39, 99, 0, 0, 1, 0),
(170, 0, 13, 32, 40, 100, 180, 0, 1, 1397701021),
(109, 0, 13, 17, 20, 59, 0, 0, 0, 1392186310),
(148, 0, 13, 17, 20, 51, 60, 0, 1, 1395124339),
(138, 0, 1, 17, 20, 42, 0, 0, 1, 0),
(141, 0, 1, 17, 20, 46, 0, 0, 1, 0),
(167, 0, 13, 23, 26, 85, 0, 0, 0, 0),
(145, 0, 13, 17, 20, 41, 0, 0, 1, 0),
(146, 0, 13, 17, 20, 43, 0, 1, 1, 1392800078),
(147, 0, 13, 17, 20, 50, 120, 1, 1, 1392800378),
(160, 0, 13, 20, 24, 66, 0, 1, 1, 0),
(151, 0, 13, 17, 20, 42, 0, 1, 1, 0),
(159, 0, 13, 20, 24, 65, 120, 1, 0, 1397699964),
(154, 0, 13, 17, 20, 55, 0, 0, 1, 0),
(155, 0, 13, 17, 20, 56, 0, 0, 1, 0),
(156, 0, 13, 17, 20, 47, 0, 0, 1, 0),
(169, 0, 13, 17, 20, 53, 0, 1, 1, 1397107463),
(168, 0, 13, 38, 34, 94, 60, 1, 1, 1397622772),
(174, 0, 13, 17, 20, 48, 60, 0, 1, 1397043201),
(173, 0, 13, 37, 35, 95, 0, 0, 0, 0),
(175, 0, 13, 20, 24, 72, 0, 0, 1, 0),
(176, 0, 13, 20, 24, 70, 0, 0, 1, 0),
(177, 0, 13, 20, 24, 67, 0, 1, 1, 0),
(178, 0, 13, 17, 20, 52, 0, 0, 1, 0),
(179, 0, 13, 17, 20, 58, 0, 0, 1, 0),
(180, 0, 13, 17, 20, 54, 0, 0, 1, 0),
(181, 0, 13, 20, 24, 69, 0, 0, 1, 0),
(182, 0, 13, 20, 24, 73, 0, 0, 1, 0),
(183, 0, 13, 20, 24, 76, 0, 0, 1, 0),
(184, 0, 13, 36, 36, 96, 0, 0, 0, 0),
(185, 0, 13, 35, 37, 97, 0, 0, 0, 0),
(186, 0, 13, 20, 24, 74, 0, 0, 1, 0),
(187, 0, 13, 17, 20, 102, 0, 0, 1, 0),
(188, 0, 13, 34, 38, 106, 0, 0, 1, 0),
(189, 0, 13, 34, 38, 107, 0, 0, 1, 0),
(190, 0, 13, 34, 38, 112, 0, 0, 1, 0),
(191, 0, 13, 34, 38, 115, 0, 0, 1, 0),
(192, 0, 73, 34, 38, 98, 0, 0, 0, 0);

-- --------------------------------------------------------

--
-- 表的结构 `mapquesclass`
--

CREATE TABLE IF NOT EXISTS `mapquesclass` (
  `qcid` int(11) NOT NULL AUTO_INCREMENT,
  `cid` int(11) NOT NULL COMMENT '类别表id',
  `qid` int(11) NOT NULL COMMENT '问题表id',
  `createtime` datetime NOT NULL,
  PRIMARY KEY (`qcid`)
) ENGINE=InnoDB  DEFAULT CHARSET=utf8 COMMENT='知识点题库关系表' AUTO_INCREMENT=5 ;

--
-- 转存表中的数据 `mapquesclass`
--

INSERT INTO `mapquesclass` (`qcid`, `cid`, `qid`, `createtime`) VALUES
(1, 2, 151, '2014-05-14 16:08:00'),
(2, 2, 153, '2014-05-14 16:09:41'),
(3, 3, 153, '2014-05-14 16:09:41'),
(4, 4, 153, '2014-05-14 16:09:41');

-- --------------------------------------------------------

--
-- 表的结构 `menu_left`
--

CREATE TABLE IF NOT EXISTS `menu_left` (
  `meid` int(11) NOT NULL AUTO_INCREMENT COMMENT '菜单id',
  `mename` varchar(100) NOT NULL COMMENT '菜单名称',
  `pid` int(11) NOT NULL DEFAULT '0' COMMENT '父级id',
  `path` varchar(100) NOT NULL DEFAULT '0' COMMENT '路径',
  `highlight` int(11) NOT NULL,
  PRIMARY KEY (`meid`)
) ENGINE=MyISAM  DEFAULT CHARSET=utf8 COMMENT='左侧菜单表' AUTO_INCREMENT=21 ;

--
-- 转存表中的数据 `menu_left`
--

INSERT INTO `menu_left` (`meid`, `mename`, `pid`, `path`, `highlight`) VALUES
(1, '系统管理', 0, '0', 0),
(2, '云应用管理', 0, '0', 0),
(3, '开发者审批', 0, '0', 0),
(5, '管理员清单', 1, '/Admin/adminuserlist/', 100),
(6, '管理员用户组管理', 1, '/Admingroup/index/', 101),
(7, '系统数据词典管理', 1, '/Dict/index/', 102),
(8, '云应用管理', 2, '/CloudMage/applist/', 103),
(9, '开发者审批管理', 3, '/Developer/listDeveloper/', 104),
(11, '菜单管理', 0, '0', 0),
(12, '菜单列表管理', 11, '/Menus/index', 105);

-- --------------------------------------------------------

--
-- 表的结构 `message`
--

CREATE TABLE IF NOT EXISTS `message` (
  `bulletinid` int(11) NOT NULL AUTO_INCREMENT COMMENT '自增长ID',
  `courseid` int(11) NOT NULL COMMENT '课程id',
  `title` varchar(100) DEFAULT NULL COMMENT '课程公告标题',
  `content` text COMMENT '课程公告内容',
  `releasetime` datetime DEFAULT NULL COMMENT '发布时间',
  PRIMARY KEY (`bulletinid`)
) ENGINE=MyISAM  DEFAULT CHARSET=utf8 CHECKSUM=1 DELAY_KEY_WRITE=1 ROW_FORMAT=DYNAMIC COMMENT='公告消息表' AUTO_INCREMENT=2 ;

--
-- 转存表中的数据 `message`
--

INSERT INTO `message` (`bulletinid`, `courseid`, `title`, `content`, `releasetime`) VALUES
(1, 1, 'ddddd', '范冰冰棒棒棒棒棒棒飞凤飞飞凤飞飞范冰冰棒棒棒棒棒棒飞凤飞飞凤飞飞范冰冰棒棒棒棒棒棒飞凤飞飞凤飞飞', '2013-12-10 00:00:00');

-- --------------------------------------------------------

--
-- 表的结构 `offunit`
--

CREATE TABLE IF NOT EXISTS `offunit` (
  `unid` int(11) NOT NULL AUTO_INCREMENT COMMENT '单位id',
  `unitname` varchar(200) NOT NULL COMMENT '单位名称',
  `vircurrency` int(11) NOT NULL COMMENT '虚拟货币',
  `intro` text NOT NULL COMMENT '单位简介',
  `address` varchar(200) NOT NULL COMMENT '地址',
  `offtype` int(4) NOT NULL DEFAULT '0' COMMENT '公司类型：0公司1机构',
  `email` varchar(100) NOT NULL COMMENT '公司联系email',
  `cdkey` varchar(200) NOT NULL COMMENT '企业序列号',
  `createtime` datetime NOT NULL COMMENT '创建时间',
  PRIMARY KEY (`unid`)
) ENGINE=InnoDB  DEFAULT CHARSET=utf8 COMMENT='用户单位表' AUTO_INCREMENT=19 ;

--
-- 转存表中的数据 `offunit`
--

INSERT INTO `offunit` (`unid`, `unitname`, `vircurrency`, `intro`, `address`, `offtype`, `email`, `cdkey`, `createtime`) VALUES
(1, '华夏基石', 100000, '华夏基石是一个很好的企业，是一个蓬勃发展的企业', '北京市 海淀区 中关村', 0, 'chensj@icesmart.cn', '6800-DEE9-063C-3346', '2014-05-05 00:00:00'),
(3, '零度智慧', 10000, '零度智慧', '黄寺大街', 0, 'chensj@icesmart.cn', '5299-9A6A-A2B4-6B2B', '2014-05-08 06:23:15'),
(9, 'ERDO', 1111, 'ERDO', '魏公村', 0, 'chensj@icesmart.cn', 'DF09-66B7-2B67-9B85', '2014-05-12 04:44:34'),
(18, 'ssss1', 5000, 'sssssa1', '黄寺大街1101', 1, 'chensj@icesmart.cn', 'E572-8E5D-9351-123E', '2014-05-14 02:16:31');

-- --------------------------------------------------------

--
-- 表的结构 `orderinfo`
--

CREATE TABLE IF NOT EXISTS `orderinfo` (
  `orid` int(11) NOT NULL AUTO_INCREMENT COMMENT '订单表',
  `uid` int(11) NOT NULL COMMENT '购买者id',
  `courseid` int(11) NOT NULL COMMENT '购买书籍或课程id',
  `ordernum` varchar(100) NOT NULL COMMENT '订单编号',
  `status` int(4) NOT NULL COMMENT '订单状态0已提交订单1订单完成',
  `createtime` datetime NOT NULL COMMENT '订单时间',
  PRIMARY KEY (`orid`)
) ENGINE=InnoDB  DEFAULT CHARSET=utf8 COMMENT='订单表' AUTO_INCREMENT=3 ;

--
-- 转存表中的数据 `orderinfo`
--

INSERT INTO `orderinfo` (`orid`, `uid`, `courseid`, `ordernum`, `status`, `createtime`) VALUES
(2, 1, 12, '134322123', 0, '2014-05-14 00:00:00');

-- --------------------------------------------------------

--
-- 表的结构 `parper_ext`
--

CREATE TABLE IF NOT EXISTS `parper_ext` (
  `pid` int(11) NOT NULL AUTO_INCREMENT COMMENT '试卷详情id',
  `tid` int(11) NOT NULL COMMENT '试卷id',
  `qid` varchar(11) NOT NULL COMMENT '题库id',
  `eid` varchar(255) NOT NULL DEFAULT '0' COMMENT '用户选项',
  PRIMARY KEY (`pid`)
) ENGINE=MyISAM  DEFAULT CHARSET=utf8 COMMENT='试卷详情表' AUTO_INCREMENT=6861 ;

--
-- 转存表中的数据 `parper_ext`
--

INSERT INTO `parper_ext` (`pid`, `tid`, `qid`, `eid`) VALUES
(1, 1, '13', '2'),
(2, 1, '14', '56'),
(3, 1, '15', '54'),
(4, 1, '16', '0'),
(5, 1, '17', '58'),
(6, 1, '18', '62'),
(7, 1, '19', '0'),
(8, 1, '20', '0'),
(9, 1, '21', '0'),
(10, 1, '22', '0'),
(11, 1, '23', '0'),
(12, 1, '24', '0'),
(13, 1, '25', '0'),
(14, 1, '26', '0'),
(15, 1, '27', '0'),
(16, 1, '28', '0'),
(17, 1, '29', '0'),
(18, 1, '30', '0'),
(19, 1, '31', '0'),
(20, 1, '32', '0'),
(21, 2, '13', '2'),
(22, 2, '14', '56'),
(23, 2, '15', '54'),
(24, 2, '16', '0'),
(25, 2, '17', '58'),
(26, 2, '18', '62'),
(27, 2, '19', '0'),
(28, 2, '20', '0'),
(29, 2, '21', '0'),
(30, 2, '22', '0'),
(31, 2, '23', '0'),
(32, 2, '24', '0'),
(33, 2, '25', '0'),
(34, 2, '26', '0'),
(35, 2, '27', '0'),
(36, 2, '28', '0'),
(37, 2, '29', '0'),
(38, 2, '30', '0'),
(39, 2, '31', '0'),
(40, 2, '32', '0'),
(41, 3, '13', '2'),
(42, 3, '14', '56'),
(43, 3, '15', '54'),
(44, 3, '16', '0'),
(45, 3, '17', '58'),
(46, 3, '18', '62'),
(47, 3, '19', '0'),
(48, 3, '20', '0'),
(49, 3, '21', '0'),
(50, 3, '22', '0'),
(51, 3, '23', '0'),
(52, 3, '24', '0'),
(53, 3, '25', '0'),
(54, 3, '26', '0'),
(55, 3, '27', '0'),
(56, 3, '28', '0'),
(57, 3, '29', '0'),
(58, 3, '30', '0'),
(59, 3, '31', '0'),
(60, 3, '32', '0'),
(61, 4, '13', '2'),
(62, 4, '14', '56'),
(63, 4, '15', '54'),
(64, 4, '16', '0'),
(65, 4, '17', '58'),
(66, 4, '18', '62'),
(67, 4, '19', '0'),
(68, 4, '20', '0'),
(69, 4, '21', '0'),
(70, 4, '22', '0'),
(71, 4, '23', '0'),
(72, 4, '24', '0'),
(73, 4, '25', '0'),
(74, 4, '26', '0'),
(75, 4, '27', '0'),
(76, 4, '28', '0'),
(77, 4, '29', '0'),
(78, 4, '30', '0'),
(79, 4, '31', '0'),
(80, 4, '32', '0'),
(81, 5, '13', '2'),
(82, 5, '14', '56'),
(83, 5, '15', '54'),
(84, 5, '16', '0'),
(85, 5, '17', '58'),
(86, 5, '18', '62'),
(87, 5, '19', '0'),
(88, 5, '20', '0'),
(89, 5, '21', '0'),
(90, 5, '22', '0'),
(91, 5, '23', '0'),
(92, 5, '24', '0'),
(93, 5, '25', '0'),
(94, 5, '26', '0'),
(95, 5, '27', '0'),
(96, 5, '28', '0'),
(97, 5, '29', '0'),
(98, 5, '30', '0'),
(99, 5, '31', '0'),
(100, 5, '32', '0'),
(101, 6, '13', '2'),
(102, 6, '14', '56'),
(103, 6, '15', '54'),
(104, 6, '16', '0'),
(105, 6, '17', '58'),
(106, 6, '18', '62'),
(107, 6, '19', '0'),
(108, 6, '20', '0'),
(109, 6, '21', '0'),
(110, 6, '22', '0'),
(111, 6, '23', '0'),
(112, 6, '24', '0'),
(113, 6, '25', '0'),
(114, 6, '26', '0'),
(115, 6, '27', '0'),
(116, 6, '28', '0'),
(117, 6, '29', '0'),
(118, 6, '30', '0'),
(119, 6, '31', '0'),
(120, 6, '32', '0'),
(121, 7, '13', '2'),
(122, 7, '14', '56'),
(123, 7, '15', '54'),
(124, 7, '16', '0'),
(125, 7, '17', '58'),
(126, 7, '18', '62'),
(127, 7, '19', '0'),
(128, 7, '20', '0'),
(129, 7, '21', '0'),
(130, 7, '22', '0'),
(131, 7, '23', '0'),
(132, 7, '24', '0'),
(133, 7, '25', '0'),
(134, 7, '26', '0'),
(135, 7, '27', '0'),
(136, 7, '28', '0'),
(137, 7, '29', '0'),
(138, 7, '30', '0'),
(139, 7, '31', '0'),
(140, 7, '32', '0'),
(141, 8, '33', '0'),
(142, 8, '23', '0'),
(143, 8, '120', '0'),
(144, 8, '16', '0'),
(145, 8, '100', '0'),
(146, 8, '127', '0'),
(147, 8, '116', '0'),
(148, 8, '72', '0'),
(149, 8, '123', '0'),
(150, 8, '28', '0'),
(151, 8, '117', '0'),
(152, 8, '115', '0'),
(153, 8, '129', '0'),
(154, 8, '107', '0'),
(155, 8, '136', '0'),
(156, 8, '91', '0'),
(157, 8, '45', '0'),
(158, 8, '114', '0'),
(159, 8, '67', '0'),
(160, 8, '137', '0'),
(161, 9, '141', '0'),
(162, 9, '45', '0'),
(163, 9, '126', '0'),
(164, 9, '138', '0'),
(165, 9, '121', '0'),
(166, 9, '51', '0'),
(167, 9, '32', '0'),
(168, 9, '64', '0'),
(169, 9, '77', '0'),
(170, 9, '24', '0'),
(171, 9, '112', '0'),
(172, 9, '93', '0'),
(173, 9, '72', '0'),
(174, 9, '49', '0'),
(175, 9, '92', '0'),
(176, 9, '60', '0'),
(177, 9, '128', '0'),
(178, 9, '118', '0'),
(179, 9, '75', '0'),
(180, 9, '16', '0'),
(181, 10, '129', '0'),
(182, 10, '137', '0'),
(183, 10, '112', '0'),
(184, 10, '18', '0'),
(185, 10, '19', '0'),
(186, 10, '127', '0'),
(187, 10, '24', '0'),
(188, 10, '76', '0'),
(189, 10, '20', '0'),
(190, 10, '22', '0'),
(191, 10, '27', '0'),
(192, 10, '117', '0'),
(193, 10, '80', '0'),
(194, 10, '132', '0'),
(195, 10, '37', '0'),
(196, 10, '86', '0'),
(197, 10, '49', '0'),
(198, 10, '89', '0'),
(199, 10, '106', '0'),
(200, 10, '145', '0'),
(201, 12, '94', '0'),
(202, 12, '87', '0'),
(203, 12, '115', '0'),
(204, 12, '54', '0'),
(205, 12, '72', '0'),
(206, 12, '98', '0'),
(207, 12, '71', '0'),
(208, 12, '129', '0'),
(209, 12, '40', '0'),
(210, 12, '133', '0'),
(211, 12, '90', '0'),
(212, 12, '137', '0'),
(213, 12, '52', '0'),
(214, 12, '107', '0'),
(215, 12, '104', '0'),
(216, 12, '101', '0'),
(217, 12, '44', '0'),
(218, 12, '113', '0'),
(219, 12, '13', '0'),
(220, 12, '125', '1'),
(221, 13, '27', '0'),
(222, 13, '44', '0'),
(223, 13, '112', '0'),
(224, 13, '115', '0'),
(225, 13, '20', '0'),
(226, 13, '134', '0'),
(227, 13, '107', '0'),
(228, 13, '25', '0'),
(229, 13, '123', '0'),
(230, 13, '64', '0'),
(231, 13, '28', '92'),
(232, 13, '135', '0'),
(233, 13, '143', '0'),
(234, 13, '86', '0'),
(235, 13, '106', '0'),
(236, 13, '128', '0'),
(237, 13, '144', '0'),
(238, 13, '69', '0'),
(239, 13, '117', '0'),
(240, 13, '84', '0'),
(241, 14, '113', '0'),
(242, 14, '124', '0'),
(243, 14, '119', '0'),
(244, 14, '108', '0'),
(245, 14, '103', '0'),
(246, 14, '75', '0'),
(247, 14, '110', '0'),
(248, 14, '36', '0'),
(249, 14, '132', '0'),
(250, 14, '29', '95'),
(251, 14, '32', '103'),
(252, 14, '130', '0'),
(253, 14, '37', '0'),
(254, 14, '126', '0'),
(255, 14, '83', '0'),
(256, 14, '24', '0'),
(257, 14, '16', '0'),
(258, 14, '26', '0'),
(259, 14, '122', '0'),
(260, 14, '30', '0'),
(261, 15, '137', '0'),
(262, 15, '143', '0'),
(263, 15, '89', '0'),
(264, 15, '99', '0'),
(265, 15, '72', '0'),
(266, 15, '128', '0'),
(267, 15, '71', '0'),
(268, 15, '70', '0'),
(269, 15, '111', '0'),
(270, 15, '76', '0'),
(271, 15, '93', '0'),
(272, 15, '50', '0'),
(273, 15, '52', '0'),
(274, 15, '125', '0'),
(275, 15, '73', '0'),
(276, 15, '140', '0'),
(277, 15, '85', '0'),
(278, 15, '123', '0'),
(279, 15, '60', '0'),
(280, 15, '117', '0'),
(281, 16, '105', '0'),
(282, 16, '48', '0'),
(283, 16, '111', '0'),
(284, 16, '49', '0'),
(285, 16, '30', '0'),
(286, 16, '79', '0'),
(287, 16, '125', '0'),
(288, 16, '135', '0'),
(289, 16, '77', '0'),
(290, 16, '13', '0'),
(291, 16, '41', '0'),
(292, 16, '44', '0'),
(293, 16, '122', '0'),
(294, 16, '19', '0'),
(295, 16, '72', '0'),
(296, 16, '62', '0'),
(297, 16, '76', '0'),
(298, 16, '104', '0'),
(299, 16, '98', '0'),
(300, 16, '64', '0'),
(301, 17, '96', '0'),
(302, 17, '66', '0'),
(303, 17, '87', '0'),
(304, 17, '38', '0'),
(305, 17, '19', '0'),
(306, 17, '72', '0'),
(307, 17, '16', '0'),
(308, 17, '111', '0'),
(309, 17, '18', '0'),
(310, 17, '41', '0'),
(311, 17, '76', '0'),
(312, 17, '27', '0'),
(313, 17, '69', '0'),
(314, 17, '51', '0'),
(315, 17, '116', '0'),
(316, 17, '108', '0'),
(317, 17, '144', '0'),
(318, 17, '84', '0'),
(319, 17, '54', '0'),
(320, 17, '26', '0'),
(321, 18, '98', '0'),
(322, 18, '19', '0'),
(323, 18, '66', '0'),
(324, 18, '142', '0'),
(325, 18, '51', '0'),
(326, 18, '46', '0'),
(327, 18, '26', '0'),
(328, 18, '36', '0'),
(329, 18, '78', '0'),
(330, 18, '42', '0'),
(331, 18, '124', '0'),
(332, 18, '84', '0'),
(333, 18, '117', '0'),
(334, 18, '104', '0'),
(335, 18, '86', '0'),
(336, 18, '49', '0'),
(337, 18, '144', '0'),
(338, 18, '126', '0'),
(339, 18, '40', '0'),
(340, 18, '18', '0'),
(341, 19, '133', '0'),
(342, 19, '105', '0'),
(343, 19, '81', '0'),
(344, 19, '21', '0'),
(345, 19, '44', '0'),
(346, 19, '15', '0'),
(347, 19, '113', '0'),
(348, 19, '24', '0'),
(349, 19, '118', '0'),
(350, 19, '39', '0'),
(351, 19, '31', '0'),
(352, 19, '93', '0'),
(353, 19, '64', '0'),
(354, 19, '126', '0'),
(355, 19, '51', '0'),
(356, 19, '69', '0'),
(357, 19, '128', '0'),
(358, 19, '48', '0'),
(359, 19, '40', '0'),
(360, 19, '22', '0'),
(361, 20, '73', '0'),
(362, 20, '121', '0'),
(363, 20, '77', '0'),
(364, 20, '74', '0'),
(365, 20, '94', '0'),
(366, 20, '86', '0'),
(367, 20, '102', '0'),
(368, 20, '141', '0'),
(369, 20, '63', '0'),
(370, 20, '51', '0'),
(371, 20, '105', '0'),
(372, 20, '19', '0'),
(373, 20, '136', '0'),
(374, 20, '80', '0'),
(375, 20, '88', '0'),
(376, 20, '96', '0'),
(377, 20, '83', '0'),
(378, 20, '75', '0'),
(379, 20, '56', '0'),
(380, 20, '112', '0'),
(381, 21, '139', '0'),
(382, 21, '65', '0'),
(383, 21, '132', '0'),
(384, 21, '95', '0'),
(385, 21, '19', '0'),
(386, 21, '144', '0'),
(387, 21, '89', '0'),
(388, 21, '125', '0'),
(389, 21, '104', '0'),
(390, 21, '114', '0'),
(391, 21, '81', '0'),
(392, 21, '77', '0'),
(393, 21, '117', '0'),
(394, 21, '68', '0'),
(395, 21, '91', '0'),
(396, 21, '17', '0'),
(397, 21, '129', '0'),
(398, 21, '63', '0'),
(399, 21, '85', '0'),
(400, 21, '84', '0'),
(401, 22, '62', '0'),
(402, 22, '73', '0'),
(403, 22, '93', '0'),
(404, 22, '13', '0'),
(405, 22, '94', '0'),
(406, 22, '52', '0'),
(407, 22, '145', '0'),
(408, 22, '115', '0'),
(409, 22, '95', '0'),
(410, 22, '72', '0'),
(411, 22, '54', '0'),
(412, 22, '40', '0'),
(413, 22, '112', '0'),
(414, 22, '107', '0'),
(415, 22, '43', '0'),
(416, 22, '135', '0'),
(417, 22, '29', '0'),
(418, 22, '42', '0'),
(419, 22, '44', '0'),
(420, 22, '132', '0'),
(421, 23, '46', '0'),
(422, 23, '86', '0'),
(423, 23, '63', '0'),
(424, 23, '97', '0'),
(425, 23, '74', '0'),
(426, 23, '71', '0'),
(427, 23, '53', '0'),
(428, 23, '100', '0'),
(429, 23, '140', '0'),
(430, 23, '136', '0'),
(431, 23, '79', '0'),
(432, 23, '72', '0'),
(433, 23, '104', '0'),
(434, 23, '146', '0'),
(435, 23, '115', '0'),
(436, 23, '45', '0'),
(437, 23, '107', '0'),
(438, 23, '60', '0'),
(439, 23, '119', '0'),
(440, 23, '80', '0'),
(441, 24, '71', '0'),
(442, 24, '103', '0'),
(443, 24, '59', '0'),
(444, 24, '117', '0'),
(445, 24, '37', '0'),
(446, 24, '64', '0'),
(447, 24, '18', '0'),
(448, 24, '120', '0'),
(449, 24, '95', '0'),
(450, 24, '146', '0'),
(451, 24, '144', '0'),
(452, 24, '16', '0'),
(453, 24, '24', '0'),
(454, 24, '91', '0'),
(455, 24, '52', '0'),
(456, 24, '29', '0'),
(457, 24, '131', '0'),
(458, 24, '34', '0'),
(459, 24, '56', '0'),
(460, 24, '114', '0'),
(461, 25, '120', '0'),
(462, 25, '142', '0'),
(463, 25, '18', '0'),
(464, 25, '94', '0'),
(465, 25, '81', '0'),
(466, 25, '143', '0'),
(467, 25, '123', '0'),
(468, 25, '52', '0'),
(469, 25, '20', '0'),
(470, 25, '65', '0'),
(471, 25, '93', '0'),
(472, 25, '85', '0'),
(473, 25, '130', '0'),
(474, 25, '99', '0'),
(475, 25, '83', '0'),
(476, 25, '17', '0'),
(477, 25, '135', '0'),
(478, 25, '103', '0'),
(479, 25, '101', '0'),
(480, 25, '109', '0'),
(481, 26, '130', '0'),
(482, 26, '88', '0'),
(483, 26, '19', '0'),
(484, 26, '119', '0'),
(485, 26, '92', '0'),
(486, 26, '111', '0'),
(487, 26, '144', '0'),
(488, 26, '46', '0'),
(489, 26, '138', '0'),
(490, 26, '134', '0'),
(491, 26, '18', '0'),
(492, 26, '49', '0'),
(493, 26, '17', '0'),
(494, 26, '117', '0'),
(495, 26, '91', '0'),
(496, 26, '122', '0'),
(497, 26, '44', '0'),
(498, 26, '23', '0'),
(499, 26, '50', '0'),
(500, 26, '104', '0'),
(501, 27, '27', '0'),
(502, 27, '56', '0'),
(503, 27, '106', '0'),
(504, 27, '20', '0'),
(505, 27, '83', '0'),
(506, 27, '55', '0'),
(507, 27, '130', '0'),
(508, 27, '54', '0'),
(509, 27, '70', '0'),
(510, 27, '115', '0'),
(511, 27, '114', '0'),
(512, 27, '61', '0'),
(513, 27, '67', '0'),
(514, 27, '49', '0'),
(515, 27, '65', '0'),
(516, 27, '53', '0'),
(517, 27, '51', '0'),
(518, 27, '129', '0'),
(519, 27, '34', '0'),
(520, 27, '116', '0'),
(521, 28, '24', '0'),
(522, 28, '124', '0'),
(523, 28, '97', '0'),
(524, 28, '94', '0'),
(525, 28, '128', '0'),
(526, 28, '120', '0'),
(527, 28, '126', '0'),
(528, 28, '135', '0'),
(529, 28, '52', '0'),
(530, 28, '50', '0'),
(531, 28, '59', '0'),
(532, 28, '55', '0'),
(533, 28, '117', '0'),
(534, 28, '98', '0'),
(535, 28, '18', '0'),
(536, 28, '38', '0'),
(537, 28, '111', '0'),
(538, 28, '56', '0'),
(539, 28, '32', '0'),
(540, 28, '67', '0'),
(541, 29, '58', '0'),
(542, 29, '102', '0'),
(543, 29, '123', '0'),
(544, 29, '74', '0'),
(545, 29, '140', '0'),
(546, 29, '70', '0'),
(547, 29, '128', '0'),
(548, 29, '22', '0'),
(549, 29, '71', '0'),
(550, 29, '145', '0'),
(551, 29, '44', '0'),
(552, 29, '38', '0'),
(553, 29, '31', '0'),
(554, 29, '87', '0'),
(555, 29, '110', '0'),
(556, 29, '113', '0'),
(557, 29, '137', '0'),
(558, 29, '90', '0'),
(559, 29, '99', '0'),
(560, 29, '73', '0'),
(561, 30, '107', '0'),
(562, 30, '28', '0'),
(563, 30, '71', '0'),
(564, 30, '134', '0'),
(565, 30, '90', '0'),
(566, 30, '78', '0'),
(567, 30, '58', '0'),
(568, 30, '68', '0'),
(569, 30, '136', '0'),
(570, 30, '52', '0'),
(571, 30, '70', '0'),
(572, 30, '86', '0'),
(573, 30, '50', '0'),
(574, 30, '27', '0'),
(575, 30, '57', '0'),
(576, 30, '87', '0'),
(577, 30, '62', '0'),
(578, 30, '44', '0'),
(579, 30, '35', '0'),
(580, 30, '94', '0'),
(581, 31, '68', '0'),
(582, 31, '99', '0'),
(583, 31, '115', '0'),
(584, 31, '60', '0'),
(585, 31, '123', '0'),
(586, 31, '51', '0'),
(587, 31, '24', '0'),
(588, 31, '58', '0'),
(589, 31, '13', '0'),
(590, 31, '62', '0'),
(591, 31, '34', '0'),
(592, 31, '74', '0'),
(593, 31, '119', '0'),
(594, 31, '70', '0'),
(595, 31, '47', '0'),
(596, 31, '33', '0'),
(597, 31, '57', '0'),
(598, 31, '139', '0'),
(599, 31, '86', '0'),
(600, 31, '118', '0'),
(601, 32, '15', '0'),
(602, 32, '141', '0'),
(603, 32, '125', '0'),
(604, 32, '74', '0'),
(605, 32, '133', '0'),
(606, 32, '90', '0'),
(607, 32, '21', '0'),
(608, 32, '60', '0'),
(609, 32, '81', '0'),
(610, 32, '55', '0'),
(611, 32, '103', '0'),
(612, 32, '88', '0'),
(613, 32, '113', '0'),
(614, 32, '18', '0'),
(615, 32, '83', '0'),
(616, 32, '26', '0'),
(617, 32, '94', '0'),
(618, 32, '53', '0'),
(619, 32, '104', '0'),
(620, 32, '41', '0'),
(621, 33, '86', '0'),
(622, 33, '37', '0'),
(623, 33, '21', '0'),
(624, 33, '70', '0'),
(625, 33, '142', '0'),
(626, 33, '112', '0'),
(627, 33, '90', '0'),
(628, 33, '34', '0'),
(629, 33, '27', '0'),
(630, 33, '15', '0'),
(631, 33, '44', '0'),
(632, 33, '104', '0'),
(633, 33, '60', '0'),
(634, 33, '118', '0'),
(635, 33, '38', '0'),
(636, 33, '50', '0'),
(637, 33, '45', '0'),
(638, 33, '78', '0'),
(639, 33, '108', '0'),
(640, 33, '24', '0'),
(641, 34, '122', '0'),
(642, 34, '24', '0'),
(643, 34, '41', '0'),
(644, 34, '40', '0'),
(645, 34, '125', '0'),
(646, 34, '111', '0'),
(647, 34, '135', '0'),
(648, 34, '19', '0'),
(649, 34, '103', '0'),
(650, 34, '143', '0'),
(651, 34, '113', '0'),
(652, 34, '64', '0'),
(653, 34, '129', '0'),
(654, 34, '23', '0'),
(655, 34, '74', '0'),
(656, 34, '110', '0'),
(657, 34, '75', '0'),
(658, 34, '119', '0'),
(659, 34, '97', '0'),
(660, 34, '22', '0'),
(661, 35, '139', '0'),
(662, 35, '103', '0'),
(663, 35, '128', '0'),
(664, 35, '28', '0'),
(665, 35, '107', '0'),
(666, 35, '95', '0'),
(667, 35, '68', '0'),
(668, 35, '25', '0'),
(669, 35, '123', '0'),
(670, 35, '30', '0'),
(671, 35, '138', '0'),
(672, 35, '102', '0'),
(673, 35, '108', '0'),
(674, 35, '53', '0'),
(675, 35, '72', '0'),
(676, 35, '22', '0'),
(677, 35, '44', '0'),
(678, 35, '65', '0'),
(679, 35, '90', '0'),
(680, 35, '23', '0'),
(681, 0, '74', '0'),
(682, 0, '118', '0'),
(683, 0, '93', '0'),
(684, 0, '146', '0'),
(685, 0, '94', '0'),
(686, 0, '82', '0'),
(687, 0, '46', '0'),
(688, 0, '16', '0'),
(689, 0, '35', '0'),
(690, 0, '51', '0'),
(691, 0, '107', '0'),
(692, 0, '95', '0'),
(693, 0, '77', '0'),
(694, 0, '23', '0'),
(695, 0, '41', '0'),
(696, 0, '115', '0'),
(697, 0, '103', '0'),
(698, 0, '58', '0'),
(699, 0, '27', '0'),
(700, 0, '62', '0'),
(701, 36, '17', '0'),
(702, 36, '107', '0'),
(703, 36, '45', '0'),
(704, 36, '49', '0'),
(705, 36, '91', '0'),
(706, 36, '103', '0'),
(707, 36, '31', '0'),
(708, 36, '106', '0'),
(709, 36, '32', '0'),
(710, 36, '134', '0'),
(711, 36, '42', '0'),
(712, 36, '105', '0'),
(713, 36, '37', '0'),
(714, 36, '79', '0'),
(715, 36, '34', '0'),
(716, 36, '65', '0'),
(717, 36, '14', '0'),
(718, 36, '95', '0'),
(719, 36, '39', '0'),
(720, 36, '85', '0'),
(721, 37, '47', '0'),
(722, 37, '70', '0'),
(723, 37, '80', '0'),
(724, 37, '95', '0'),
(725, 37, '98', '0'),
(726, 37, '120', '0'),
(727, 37, '55', '0'),
(728, 37, '81', '0'),
(729, 37, '75', '0'),
(730, 37, '109', '0'),
(731, 37, '61', '0'),
(732, 37, '56', '0'),
(733, 37, '106', '0'),
(734, 37, '48', '0'),
(735, 37, '74', '0'),
(736, 37, '99', '0'),
(737, 37, '93', '0'),
(738, 37, '24', '0'),
(739, 37, '42', '0'),
(740, 37, '73', '0'),
(741, 38, '77', '0'),
(742, 39, '138', '0'),
(743, 38, '76', '0'),
(744, 38, '93', '0'),
(745, 39, '112', '0'),
(746, 38, '73', '0'),
(747, 39, '96', '0'),
(748, 38, '139', '0'),
(749, 39, '111', '0'),
(750, 38, '43', '0'),
(751, 39, '104', '0'),
(752, 38, '32', '0'),
(753, 39, '75', '0'),
(754, 38, '38', '0'),
(755, 39, '108', '0'),
(756, 38, '102', '0'),
(757, 39, '115', '0'),
(758, 38, '137', '0'),
(759, 39, '33', '0'),
(760, 38, '115', '0'),
(761, 39, '81', '0'),
(762, 38, '54', '0'),
(763, 39, '42', '0'),
(764, 38, '111', '0'),
(765, 39, '29', '0'),
(766, 38, '146', '0'),
(767, 39, '91', '0'),
(768, 38, '39', '0'),
(769, 39, '44', '0'),
(770, 38, '105', '0'),
(771, 39, '48', '0'),
(772, 38, '144', '0'),
(773, 39, '146', '0'),
(774, 38, '45', '0'),
(775, 39, '132', '0'),
(776, 38, '141', '0'),
(777, 39, '95', '0'),
(778, 38, '85', '0'),
(779, 39, '145', '0'),
(780, 39, '50', '0'),
(781, 40, '72', '0'),
(782, 40, '137', '0'),
(783, 40, '127', '0'),
(784, 40, '129', '0'),
(785, 40, '125', '0'),
(786, 40, '107', '0'),
(787, 40, '33', '0'),
(788, 40, '115', '0'),
(789, 40, '71', '0'),
(790, 40, '17', '0'),
(791, 40, '106', '0'),
(792, 40, '36', '0'),
(793, 40, '59', '0'),
(794, 40, '81', '0'),
(795, 40, '78', '0'),
(796, 40, '96', '0'),
(797, 40, '48', '0'),
(798, 40, '124', '0'),
(799, 40, '49', '0'),
(800, 40, '42', '0'),
(801, 41, '106', '0'),
(802, 41, '101', '0'),
(803, 41, '79', '0'),
(804, 41, '57', '0'),
(805, 41, '25', '0'),
(806, 41, '132', '0'),
(807, 41, '38', '0'),
(808, 41, '42', '0'),
(809, 41, '146', '0'),
(810, 41, '40', '0'),
(811, 41, '136', '0'),
(812, 41, '100', '0'),
(813, 41, '90', '0'),
(814, 41, '135', '0'),
(815, 41, '48', '0'),
(816, 41, '97', '0'),
(817, 41, '109', '0'),
(818, 41, '36', '0'),
(819, 41, '134', '0'),
(820, 41, '137', '0'),
(821, 42, '27', '0'),
(822, 42, '135', '0'),
(823, 42, '112', '0'),
(824, 42, '44', '0'),
(825, 42, '90', '0'),
(826, 42, '18', '0'),
(827, 42, '32', '0'),
(828, 42, '88', '0'),
(829, 42, '132', '0'),
(830, 42, '57', '0'),
(831, 42, '134', '0'),
(832, 42, '40', '0'),
(833, 42, '113', '0'),
(834, 42, '15', '0'),
(835, 42, '17', '0'),
(836, 43, '82', '0'),
(837, 42, '24', '0'),
(838, 42, '30', '0'),
(839, 43, '111', '0'),
(840, 42, '109', '0'),
(841, 42, '58', '0'),
(842, 43, '15', '0'),
(843, 42, '127', '0'),
(844, 43, '98', '0'),
(845, 43, '39', '0'),
(846, 43, '145', '0'),
(847, 43, '101', '0'),
(848, 43, '144', '0'),
(849, 43, '14', '0'),
(850, 43, '109', '0'),
(851, 43, '88', '0'),
(852, 43, '80', '0'),
(853, 43, '71', '0'),
(854, 43, '146', '0'),
(855, 43, '52', '0'),
(856, 43, '30', '0'),
(857, 43, '59', '0'),
(858, 43, '83', '0'),
(859, 43, '85', '0'),
(860, 43, '100', '0'),
(861, 44, '120', '0'),
(862, 44, '141', '0'),
(863, 44, '128', '0'),
(864, 44, '130', '0'),
(865, 44, '146', '0'),
(866, 44, '17', '0'),
(867, 44, '140', '0'),
(868, 44, '119', '0'),
(869, 44, '109', '0'),
(870, 44, '37', '0'),
(871, 44, '101', '0'),
(872, 44, '41', '0'),
(873, 44, '85', '0'),
(874, 44, '116', '0'),
(875, 44, '75', '0'),
(876, 44, '67', '0'),
(877, 44, '29', '0'),
(878, 44, '114', '0'),
(879, 44, '46', '0'),
(880, 44, '124', '0'),
(881, 45, '102', '0'),
(882, 45, '143', '0'),
(883, 45, '110', '0'),
(884, 45, '39', '0'),
(885, 45, '23', '0'),
(886, 45, '119', '0'),
(887, 45, '80', '0'),
(888, 45, '83', '0'),
(889, 45, '114', '0'),
(890, 45, '78', '0'),
(891, 45, '105', '0'),
(892, 45, '88', '0'),
(893, 45, '123', '0'),
(894, 45, '66', '0'),
(895, 45, '74', '0'),
(896, 45, '125', '0'),
(897, 45, '57', '0'),
(898, 45, '77', '0'),
(899, 45, '87', '0'),
(900, 45, '121', '0'),
(901, 46, '43', '0'),
(902, 46, '111', '0'),
(903, 46, '75', '0'),
(904, 46, '130', '0'),
(905, 46, '22', '0'),
(906, 46, '120', '0'),
(907, 46, '66', '0'),
(908, 46, '15', '0'),
(909, 46, '26', '0'),
(910, 46, '85', '0'),
(911, 46, '95', '0'),
(912, 46, '129', '0'),
(913, 46, '17', '0'),
(914, 46, '79', '0'),
(915, 46, '133', '0'),
(916, 46, '72', '0'),
(917, 46, '34', '0'),
(918, 46, '82', '0'),
(919, 46, '132', '0'),
(920, 46, '29', '0'),
(921, 47, '97', '0'),
(922, 47, '85', '0'),
(923, 47, '37', '0'),
(924, 47, '63', '0'),
(925, 47, '122', '0'),
(926, 47, '142', '0'),
(927, 47, '80', '0'),
(928, 47, '66', '0'),
(929, 47, '68', '0'),
(930, 47, '118', '0'),
(931, 47, '83', '0'),
(932, 47, '94', '0'),
(933, 47, '39', '0'),
(934, 47, '109', '0'),
(935, 47, '29', '0'),
(936, 47, '129', '0'),
(937, 47, '114', '0'),
(938, 47, '113', '0'),
(939, 47, '127', '0'),
(940, 47, '79', '0'),
(941, 48, '141', '0'),
(942, 48, '38', '0'),
(943, 48, '52', '0'),
(944, 48, '43', '0'),
(945, 48, '139', '0'),
(946, 48, '25', '0'),
(947, 48, '122', '0'),
(948, 48, '37', '0'),
(949, 48, '34', '0'),
(950, 48, '134', '0'),
(951, 48, '114', '0'),
(952, 48, '20', '0'),
(953, 48, '112', '0'),
(954, 48, '127', '0'),
(955, 48, '105', '0'),
(956, 48, '97', '0'),
(957, 48, '63', '0'),
(958, 48, '100', '0'),
(959, 48, '93', '0'),
(960, 48, '84', '0'),
(961, 49, '56', '0'),
(962, 49, '126', '0'),
(963, 50, '82', '0'),
(964, 49, '93', '0'),
(965, 49, '130', '0'),
(966, 50, '63', '0'),
(967, 49, '133', '0'),
(968, 49, '55', '0'),
(969, 50, '92', '0'),
(970, 49, '134', '0'),
(971, 49, '54', '0'),
(972, 50, '60', '0'),
(973, 49, '53', '0'),
(974, 50, '27', '0'),
(975, 49, '102', '0'),
(976, 50, '62', '0'),
(977, 49, '23', '0'),
(978, 50, '69', '0'),
(979, 49, '78', '0'),
(980, 50, '146', '0'),
(981, 49, '35', '0'),
(982, 50, '57', '0'),
(983, 49, '79', '0'),
(984, 50, '101', '0'),
(985, 49, '38', '0'),
(986, 49, '25', '0'),
(987, 50, '52', '0'),
(988, 49, '142', '0'),
(989, 50, '35', '0'),
(990, 49, '135', '0'),
(991, 50, '51', '0'),
(992, 50, '53', '0'),
(993, 49, '46', '0'),
(994, 50, '116', '0'),
(995, 49, '84', '0'),
(996, 50, '139', '0'),
(997, 50, '110', '0'),
(998, 50, '90', '0'),
(999, 50, '86', '0'),
(1000, 50, '22', '0'),
(1001, 51, '23', '0'),
(1002, 52, '74', '0'),
(1003, 52, '90', '0'),
(1004, 51, '77', '0'),
(1005, 51, '31', '0'),
(1006, 52, '73', '0'),
(1007, 52, '91', '0'),
(1008, 51, '113', '0'),
(1009, 51, '71', '0'),
(1010, 52, '33', '0'),
(1011, 52, '56', '0'),
(1012, 51, '86', '0'),
(1013, 51, '95', '0'),
(1014, 52, '72', '0'),
(1015, 52, '67', '0'),
(1016, 51, '96', '0'),
(1017, 51, '121', '0'),
(1018, 52, '128', '0'),
(1019, 52, '49', '0'),
(1020, 51, '45', '0'),
(1021, 51, '80', '0'),
(1022, 52, '132', '0'),
(1023, 52, '79', '0'),
(1024, 51, '26', '0'),
(1025, 51, '123', '0'),
(1026, 52, '102', '0'),
(1027, 51, '67', '0'),
(1028, 52, '116', '0'),
(1029, 51, '97', '0'),
(1030, 51, '124', '0'),
(1031, 52, '126', '0'),
(1032, 52, '64', '0'),
(1033, 51, '68', '0'),
(1034, 51, '37', '0'),
(1035, 52, '42', '0'),
(1036, 52, '115', '0'),
(1037, 51, '24', '0'),
(1038, 51, '53', '0'),
(1039, 52, '25', '0'),
(1040, 52, '117', '0'),
(1041, 53, '111', '0'),
(1042, 53, '96', '0'),
(1043, 53, '100', '0'),
(1044, 53, '133', '0'),
(1045, 53, '47', '0'),
(1046, 53, '36', '0'),
(1047, 53, '130', '0'),
(1048, 53, '33', '0'),
(1049, 53, '57', '0'),
(1050, 53, '99', '0'),
(1051, 53, '46', '0'),
(1052, 53, '112', '0'),
(1053, 53, '94', '0'),
(1054, 53, '62', '0'),
(1055, 53, '124', '0'),
(1056, 53, '126', '0'),
(1057, 53, '56', '0'),
(1058, 53, '51', '0'),
(1059, 53, '132', '0'),
(1060, 53, '98', '0'),
(1061, 54, '55', '0'),
(1062, 54, '35', '0'),
(1063, 54, '120', '0'),
(1064, 54, '58', '0'),
(1065, 54, '95', '0'),
(1066, 54, '123', '0'),
(1067, 54, '106', '0'),
(1068, 54, '114', '0'),
(1069, 54, '80', '0'),
(1070, 54, '23', '0'),
(1071, 54, '99', '0'),
(1072, 54, '116', '0'),
(1073, 54, '32', '0'),
(1074, 54, '37', '0'),
(1075, 54, '34', '0'),
(1076, 54, '65', '0'),
(1077, 54, '92', '0'),
(1078, 54, '67', '0'),
(1079, 54, '100', '0'),
(1080, 54, '139', '0'),
(1081, 55, '100', '0'),
(1082, 55, '114', '0'),
(1083, 55, '87', '0'),
(1084, 55, '99', '0'),
(1085, 55, '121', '0'),
(1086, 55, '32', '0'),
(1087, 55, '112', '0'),
(1088, 55, '76', '0'),
(1089, 55, '41', '0'),
(1090, 55, '115', '0'),
(1091, 55, '92', '0'),
(1092, 55, '46', '0'),
(1093, 55, '89', '0'),
(1094, 55, '50', '0'),
(1095, 55, '120', '0'),
(1096, 55, '108', '0'),
(1097, 55, '141', '0'),
(1098, 55, '130', '0'),
(1099, 55, '127', '0'),
(1100, 55, '132', '0'),
(1101, 56, '87', '0'),
(1102, 56, '83', '0'),
(1103, 56, '27', '0'),
(1104, 56, '115', '0'),
(1105, 56, '23', '0'),
(1106, 56, '66', '0'),
(1107, 56, '16', '0'),
(1108, 56, '99', '0'),
(1109, 56, '132', '0'),
(1110, 56, '62', '0'),
(1111, 56, '33', '0'),
(1112, 56, '113', '0'),
(1113, 56, '90', '0'),
(1114, 56, '91', '0'),
(1115, 56, '54', '0'),
(1116, 56, '58', '0'),
(1117, 56, '145', '0'),
(1118, 56, '102', '0'),
(1119, 56, '65', '0'),
(1120, 56, '105', '0'),
(1121, 57, '75', '0'),
(1122, 57, '13', '0'),
(1123, 57, '23', '0'),
(1124, 57, '118', '0'),
(1125, 57, '17', '0'),
(1126, 57, '63', '0'),
(1127, 57, '141', '0'),
(1128, 57, '133', '0'),
(1129, 57, '121', '0'),
(1130, 57, '106', '0'),
(1131, 57, '142', '0'),
(1132, 57, '126', '0'),
(1133, 57, '66', '0'),
(1134, 57, '41', '0'),
(1135, 57, '110', '0'),
(1136, 57, '114', '0'),
(1137, 57, '87', '0'),
(1138, 57, '132', '0'),
(1139, 57, '76', '0'),
(1140, 57, '34', '0'),
(1141, 58, '82', '0'),
(1142, 58, '71', '0'),
(1143, 58, '74', '0'),
(1144, 58, '117', '0'),
(1145, 58, '145', '0'),
(1146, 58, '63', '0'),
(1147, 58, '40', '0'),
(1148, 58, '89', '0'),
(1149, 58, '103', '0'),
(1150, 58, '46', '0'),
(1151, 58, '53', '0'),
(1152, 58, '39', '0'),
(1153, 58, '122', '0'),
(1154, 58, '101', '0'),
(1155, 58, '118', '0'),
(1156, 58, '144', '0'),
(1157, 58, '72', '0'),
(1158, 58, '28', '0'),
(1159, 58, '134', '0'),
(1160, 58, '14', '0'),
(1161, 59, '137', '0'),
(1162, 59, '33', '0'),
(1163, 59, '31', '0'),
(1164, 59, '35', '0'),
(1165, 59, '58', '0'),
(1166, 59, '99', '0'),
(1167, 59, '79', '0'),
(1168, 59, '16', '0'),
(1169, 59, '112', '0'),
(1170, 59, '39', '0'),
(1171, 59, '80', '0'),
(1172, 59, '142', '0'),
(1173, 59, '85', '0'),
(1174, 59, '125', '0'),
(1175, 59, '13', '0'),
(1176, 59, '108', '0'),
(1177, 59, '133', '0'),
(1178, 59, '128', '0'),
(1179, 59, '88', '0'),
(1180, 59, '29', '0'),
(1181, 60, '51', '0'),
(1182, 60, '113', '0'),
(1183, 60, '44', '0'),
(1184, 60, '25', '0'),
(1185, 60, '46', '0'),
(1186, 60, '137', '0'),
(1187, 60, '26', '0'),
(1188, 60, '106', '0'),
(1189, 60, '49', '0'),
(1190, 60, '145', '0'),
(1191, 60, '96', '0'),
(1192, 60, '69', '0'),
(1193, 60, '144', '0'),
(1194, 60, '136', '0'),
(1195, 60, '68', '0'),
(1196, 60, '70', '0'),
(1197, 60, '143', '0'),
(1198, 60, '112', '0'),
(1199, 60, '13', '0'),
(1200, 60, '135', '0'),
(1201, 61, '140', '0'),
(1202, 61, '74', '0'),
(1203, 61, '68', '0'),
(1204, 61, '104', '0'),
(1205, 61, '145', '0'),
(1206, 61, '83', '0'),
(1207, 61, '52', '0'),
(1208, 61, '135', '0'),
(1209, 61, '115', '0'),
(1210, 61, '117', '0'),
(1211, 61, '111', '0'),
(1212, 61, '133', '0'),
(1213, 61, '142', '0'),
(1214, 61, '54', '0'),
(1215, 61, '16', '0'),
(1216, 61, '49', '0'),
(1217, 61, '110', '0'),
(1218, 61, '125', '0'),
(1219, 61, '91', '0'),
(1220, 61, '77', '0'),
(1221, 62, '95', '0'),
(1222, 62, '26', '0'),
(1223, 62, '122', '0'),
(1224, 62, '21', '0'),
(1225, 62, '104', '0'),
(1226, 62, '107', '0'),
(1227, 62, '24', '0'),
(1228, 62, '130', '0'),
(1229, 62, '115', '0'),
(1230, 62, '37', '0'),
(1231, 62, '144', '0'),
(1232, 62, '41', '0'),
(1233, 62, '76', '0'),
(1234, 62, '13', '0'),
(1235, 62, '108', '0'),
(1236, 62, '74', '0'),
(1237, 62, '97', '0'),
(1238, 62, '69', '0'),
(1239, 62, '17', '0'),
(1240, 62, '62', '0'),
(1241, 63, '54', '0'),
(1242, 63, '18', '0'),
(1243, 63, '89', '0'),
(1244, 63, '131', '0'),
(1245, 63, '142', '0'),
(1246, 63, '13', '0'),
(1247, 63, '107', '0'),
(1248, 63, '42', '0'),
(1249, 63, '31', '0'),
(1250, 63, '88', '0'),
(1251, 63, '65', '0'),
(1252, 63, '80', '0'),
(1253, 63, '128', '0'),
(1254, 63, '72', '0'),
(1255, 63, '98', '0'),
(1256, 63, '112', '0'),
(1257, 63, '32', '0'),
(1258, 63, '19', '0'),
(1259, 63, '60', '0'),
(1260, 63, '50', '0'),
(1261, 64, '96', '0'),
(1262, 64, '63', '0'),
(1263, 64, '40', '0'),
(1264, 64, '133', '0'),
(1265, 64, '135', '0'),
(1266, 64, '91', '0'),
(1267, 64, '17', '0'),
(1268, 64, '103', '0'),
(1269, 64, '81', '0'),
(1270, 64, '88', '0'),
(1271, 64, '98', '0'),
(1272, 64, '67', '0'),
(1273, 64, '16', '0'),
(1274, 64, '82', '0'),
(1275, 64, '143', '0'),
(1276, 64, '70', '0'),
(1277, 64, '65', '0'),
(1278, 64, '102', '0'),
(1279, 64, '75', '0'),
(1280, 64, '97', '0'),
(1281, 65, '46', '0'),
(1282, 65, '39', '0'),
(1283, 65, '140', '0'),
(1284, 65, '124', '0'),
(1285, 65, '54', '0'),
(1286, 65, '18', '0'),
(1287, 65, '137', '0'),
(1288, 65, '63', '0'),
(1289, 65, '135', '0'),
(1290, 65, '129', '0'),
(1291, 65, '116', '0'),
(1292, 65, '61', '0'),
(1293, 65, '78', '0'),
(1294, 65, '14', '0'),
(1295, 65, '69', '0'),
(1296, 65, '97', '0'),
(1297, 65, '27', '0'),
(1298, 65, '86', '0'),
(1299, 65, '102', '0'),
(1300, 65, '90', '0'),
(1301, 66, '98', '0'),
(1302, 66, '93', '0'),
(1303, 66, '116', '0'),
(1304, 66, '52', '0'),
(1305, 66, '59', '0'),
(1306, 66, '80', '0'),
(1307, 66, '76', '0'),
(1308, 66, '124', '0'),
(1309, 66, '85', '0'),
(1310, 66, '90', '0'),
(1311, 66, '141', '0'),
(1312, 66, '62', '0'),
(1313, 66, '111', '0'),
(1314, 66, '78', '0'),
(1315, 66, '67', '0'),
(1316, 66, '118', '0'),
(1317, 66, '32', '0'),
(1318, 66, '137', '0'),
(1319, 66, '144', '0'),
(1320, 66, '54', '0'),
(1321, 67, '108', '0'),
(1322, 67, '68', '0'),
(1323, 67, '27', '0'),
(1324, 67, '145', '0'),
(1325, 67, '99', '0'),
(1326, 67, '25', '0'),
(1327, 67, '69', '0'),
(1328, 67, '120', '0'),
(1329, 67, '85', '0'),
(1330, 68, '76', '0'),
(1331, 67, '91', '0'),
(1332, 67, '70', '0'),
(1333, 68, '103', '0'),
(1334, 67, '133', '0'),
(1335, 67, '87', '0'),
(1336, 68, '87', '0'),
(1337, 67, '22', '0'),
(1338, 67, '128', '0'),
(1339, 68, '45', '0'),
(1340, 67, '20', '0'),
(1341, 67, '29', '0'),
(1342, 68, '136', '0'),
(1343, 67, '134', '0'),
(1344, 68, '39', '0'),
(1345, 67, '30', '0'),
(1346, 68, '42', '0'),
(1347, 67, '114', '0'),
(1348, 68, '109', '0'),
(1349, 68, '121', '0'),
(1350, 68, '46', '0'),
(1351, 68, '90', '0'),
(1352, 68, '55', '0'),
(1353, 68, '60', '0'),
(1354, 68, '104', '0'),
(1355, 68, '113', '0'),
(1356, 68, '88', '0'),
(1357, 68, '133', '0'),
(1358, 68, '140', '0'),
(1359, 68, '18', '0'),
(1360, 68, '137', '0'),
(1361, 69, '80', '0'),
(1362, 69, '124', '0'),
(1363, 70, '118', '0'),
(1364, 69, '81', '0'),
(1365, 70, '137', '0'),
(1366, 69, '25', '0'),
(1367, 70, '76', '0'),
(1368, 69, '39', '0'),
(1369, 69, '41', '0'),
(1370, 70, '21', '0'),
(1371, 69, '60', '0'),
(1372, 70, '15', '0'),
(1373, 69, '65', '0'),
(1374, 70, '46', '0'),
(1375, 69, '32', '0'),
(1376, 69, '82', '0'),
(1377, 70, '122', '0'),
(1378, 70, '54', '0'),
(1379, 69, '128', '0'),
(1380, 69, '73', '0'),
(1381, 70, '18', '0'),
(1382, 70, '13', '0'),
(1383, 69, '14', '0'),
(1384, 69, '95', '0'),
(1385, 70, '100', '0'),
(1386, 70, '95', '0'),
(1387, 69, '78', '0'),
(1388, 69, '94', '0'),
(1389, 70, '31', '0'),
(1390, 70, '134', '0'),
(1391, 69, '118', '0'),
(1392, 69, '137', '0'),
(1393, 70, '48', '0'),
(1394, 70, '20', '0'),
(1395, 69, '90', '0'),
(1396, 69, '99', '0'),
(1397, 70, '87', '0'),
(1398, 70, '114', '0'),
(1399, 70, '82', '0'),
(1400, 70, '61', '0'),
(1401, 71, '68', '0'),
(1402, 71, '66', '0'),
(1403, 71, '133', '0'),
(1404, 71, '108', '0'),
(1405, 71, '26', '0'),
(1406, 71, '103', '0'),
(1407, 71, '75', '0'),
(1408, 71, '52', '0'),
(1409, 71, '63', '0'),
(1410, 71, '119', '0'),
(1411, 71, '74', '0'),
(1412, 71, '131', '0'),
(1413, 71, '134', '0'),
(1414, 71, '127', '0'),
(1415, 71, '126', '0'),
(1416, 71, '110', '0'),
(1417, 71, '39', '0'),
(1418, 71, '73', '0'),
(1419, 71, '90', '0'),
(1420, 71, '41', '0'),
(1421, 72, '145', '0'),
(1422, 72, '20', '0'),
(1423, 72, '19', '0'),
(1424, 72, '105', '0'),
(1425, 72, '21', '0'),
(1426, 72, '101', '0'),
(1427, 72, '129', '0'),
(1428, 72, '18', '0'),
(1429, 72, '41', '0'),
(1430, 72, '57', '0'),
(1431, 72, '39', '0'),
(1432, 72, '89', '0'),
(1433, 72, '83', '0'),
(1434, 72, '120', '0'),
(1435, 72, '47', '0'),
(1436, 72, '22', '0'),
(1437, 72, '87', '0'),
(1438, 72, '25', '0'),
(1439, 72, '134', '0'),
(1440, 72, '44', '0'),
(1441, 73, '146', '0'),
(1442, 73, '48', '0'),
(1443, 73, '14', '0'),
(1444, 73, '71', '0'),
(1445, 73, '22', '0'),
(1446, 73, '75', '0'),
(1447, 73, '29', '0'),
(1448, 73, '58', '0'),
(1449, 73, '28', '0'),
(1450, 73, '143', '0'),
(1451, 73, '139', '0'),
(1452, 73, '123', '0'),
(1453, 73, '27', '0'),
(1454, 73, '126', '0'),
(1455, 73, '131', '0'),
(1456, 73, '21', '0'),
(1457, 73, '114', '0'),
(1458, 73, '57', '0'),
(1459, 73, '78', '0'),
(1460, 73, '30', '0'),
(1461, 74, '120', '0'),
(1462, 74, '83', '0'),
(1463, 74, '86', '0'),
(1464, 74, '103', '0'),
(1465, 74, '42', '0'),
(1466, 74, '48', '0'),
(1467, 74, '24', '0'),
(1468, 74, '38', '0'),
(1469, 74, '84', '0'),
(1470, 74, '19', '0'),
(1471, 74, '22', '0'),
(1472, 74, '101', '0'),
(1473, 74, '115', '0'),
(1474, 74, '46', '0'),
(1475, 74, '26', '0'),
(1476, 74, '106', '0'),
(1477, 74, '127', '0'),
(1478, 74, '113', '0'),
(1479, 74, '124', '0'),
(1480, 74, '17', '0'),
(1481, 75, '119', '0'),
(1482, 75, '141', '0'),
(1483, 75, '68', '0'),
(1484, 75, '107', '0'),
(1485, 75, '18', '0'),
(1486, 75, '86', '0'),
(1487, 75, '64', '0'),
(1488, 75, '58', '0'),
(1489, 75, '90', '0'),
(1490, 75, '76', '0'),
(1491, 75, '80', '0'),
(1492, 75, '28', '0'),
(1493, 75, '83', '0'),
(1494, 75, '39', '0'),
(1495, 75, '54', '0'),
(1496, 75, '36', '0'),
(1497, 75, '146', '0'),
(1498, 75, '110', '0'),
(1499, 75, '97', '0'),
(1500, 75, '145', '0'),
(1501, 76, '46', '0'),
(1502, 76, '18', '0'),
(1503, 76, '24', '0'),
(1504, 76, '109', '0'),
(1505, 76, '142', '0'),
(1506, 76, '26', '0'),
(1507, 76, '31', '0'),
(1508, 76, '110', '0'),
(1509, 76, '49', '0'),
(1510, 76, '113', '0'),
(1511, 76, '68', '0'),
(1512, 76, '39', '0'),
(1513, 76, '127', '0'),
(1514, 76, '47', '0'),
(1515, 76, '14', '0'),
(1516, 76, '97', '0'),
(1517, 76, '74', '0'),
(1518, 76, '58', '0'),
(1519, 76, '56', '0'),
(1520, 76, '91', '0'),
(1521, 77, '115', '0'),
(1522, 77, '34', '0'),
(1523, 77, '36', '0'),
(1524, 77, '21', '0'),
(1525, 77, '94', '0'),
(1526, 77, '26', '0'),
(1527, 77, '131', '0'),
(1528, 77, '28', '0'),
(1529, 77, '124', '0'),
(1530, 77, '78', '0'),
(1531, 77, '80', '0'),
(1532, 77, '16', '0'),
(1533, 77, '46', '0'),
(1534, 77, '39', '0'),
(1535, 77, '93', '0'),
(1536, 77, '89', '0'),
(1537, 77, '58', '0'),
(1538, 77, '25', '0'),
(1539, 77, '84', '0'),
(1540, 77, '13', '0'),
(1541, 78, '14', '0'),
(1542, 78, '142', '0'),
(1543, 78, '122', '0'),
(1544, 78, '74', '0'),
(1545, 78, '22', '0'),
(1546, 78, '23', '0'),
(1547, 78, '46', '0'),
(1548, 78, '135', '0'),
(1549, 78, '32', '0'),
(1550, 78, '96', '0'),
(1551, 78, '136', '0'),
(1552, 78, '134', '0'),
(1553, 78, '40', '0'),
(1554, 78, '145', '0'),
(1555, 78, '61', '0'),
(1556, 78, '133', '0'),
(1557, 78, '78', '0'),
(1558, 78, '114', '0'),
(1559, 78, '24', '0'),
(1560, 78, '84', '0'),
(1561, 79, '54', '0'),
(1562, 79, '133', '0'),
(1563, 79, '82', '0'),
(1564, 79, '124', '0'),
(1565, 79, '117', '0'),
(1566, 79, '118', '0'),
(1567, 79, '79', '0'),
(1568, 79, '58', '0'),
(1569, 79, '51', '0'),
(1570, 79, '91', '0'),
(1571, 79, '53', '0'),
(1572, 79, '122', '0'),
(1573, 79, '57', '0'),
(1574, 79, '59', '0'),
(1575, 79, '63', '0'),
(1576, 79, '101', '0'),
(1577, 79, '65', '0'),
(1578, 79, '22', '0'),
(1579, 79, '83', '0'),
(1580, 79, '119', '0'),
(1581, 80, '34', '0'),
(1582, 80, '63', '0'),
(1583, 80, '136', '0'),
(1584, 80, '67', '0'),
(1585, 80, '45', '0'),
(1586, 80, '20', '0'),
(1587, 80, '129', '0'),
(1588, 80, '86', '0'),
(1589, 80, '114', '0'),
(1590, 80, '99', '0'),
(1591, 80, '29', '0'),
(1592, 80, '70', '0'),
(1593, 80, '17', '0'),
(1594, 80, '43', '0'),
(1595, 80, '121', '0'),
(1596, 80, '83', '0'),
(1597, 80, '94', '0'),
(1598, 80, '62', '0'),
(1599, 80, '118', '0'),
(1600, 80, '58', '0'),
(1601, 0, '65', '0'),
(1602, 0, '84', '0'),
(1603, 0, '139', '0'),
(1604, 0, '142', '0'),
(1605, 0, '52', '0'),
(1606, 0, '87', '0'),
(1607, 0, '112', '0'),
(1608, 0, '51', '0'),
(1609, 0, '20', '0'),
(1610, 0, '121', '0'),
(1611, 0, '31', '0'),
(1612, 0, '110', '0'),
(1613, 0, '50', '0'),
(1614, 0, '46', '0'),
(1615, 0, '126', '0'),
(1616, 0, '72', '0'),
(1617, 0, '32', '0'),
(1618, 0, '133', '0'),
(1619, 0, '95', '0'),
(1620, 0, '73', '0'),
(1621, 81, '24', '0'),
(1622, 81, '84', '0'),
(1623, 81, '76', '0'),
(1624, 81, '88', '0'),
(1625, 81, '81', '0'),
(1626, 81, '136', '0'),
(1627, 81, '143', '0'),
(1628, 81, '49', '0'),
(1629, 81, '67', '0'),
(1630, 81, '78', '0'),
(1631, 81, '140', '0'),
(1632, 81, '90', '0'),
(1633, 81, '39', '0'),
(1634, 81, '123', '0'),
(1635, 81, '17', '0'),
(1636, 81, '73', '0'),
(1637, 81, '57', '0'),
(1638, 81, '62', '0'),
(1639, 81, '98', '0'),
(1640, 81, '93', '0'),
(1641, 82, '128', '0'),
(1642, 82, '59', '0'),
(1643, 82, '72', '0'),
(1644, 82, '113', '0'),
(1645, 82, '36', '0'),
(1646, 82, '22', '0'),
(1647, 82, '88', '0'),
(1648, 82, '57', '0'),
(1649, 82, '39', '0'),
(1650, 82, '106', '0'),
(1651, 82, '53', '0'),
(1652, 82, '107', '0'),
(1653, 82, '101', '0'),
(1654, 82, '54', '0'),
(1655, 82, '19', '0'),
(1656, 82, '21', '0'),
(1657, 82, '31', '0'),
(1658, 82, '120', '0'),
(1659, 82, '94', '0'),
(1660, 82, '84', '0'),
(1661, 83, '53', '0'),
(1662, 83, '139', '0'),
(1663, 83, '105', '0'),
(1664, 83, '63', '0'),
(1665, 83, '50', '0'),
(1666, 83, '16', '0'),
(1667, 83, '107', '0'),
(1668, 83, '33', '0'),
(1669, 83, '121', '0'),
(1670, 83, '14', '0'),
(1671, 83, '69', '0'),
(1672, 83, '110', '0'),
(1673, 83, '28', '0'),
(1674, 83, '59', '0'),
(1675, 83, '27', '0'),
(1676, 83, '49', '0'),
(1677, 83, '138', '0'),
(1678, 83, '52', '0'),
(1679, 83, '136', '0'),
(1680, 83, '78', '0'),
(1681, 84, '36', '0'),
(1682, 84, '38', '0'),
(1683, 84, '86', '0'),
(1684, 84, '18', '0'),
(1685, 84, '114', '0'),
(1686, 84, '110', '0'),
(1687, 84, '27', '0'),
(1688, 84, '46', '0'),
(1689, 84, '55', '0'),
(1690, 84, '40', '0'),
(1691, 84, '92', '0'),
(1692, 84, '25', '0'),
(1693, 84, '58', '0'),
(1694, 84, '20', '0'),
(1695, 84, '137', '0'),
(1696, 84, '85', '0'),
(1697, 84, '52', '0'),
(1698, 84, '118', '0'),
(1699, 84, '41', '0'),
(1700, 84, '106', '0'),
(1701, 85, '44', '0'),
(1702, 85, '54', '0'),
(1703, 85, '85', '0'),
(1704, 85, '20', '0'),
(1705, 85, '114', '0'),
(1706, 85, '53', '0'),
(1707, 85, '14', '0'),
(1708, 85, '48', '0'),
(1709, 85, '137', '0'),
(1710, 85, '42', '0'),
(1711, 85, '134', '0'),
(1712, 85, '52', '0'),
(1713, 85, '88', '0'),
(1714, 85, '37', '0'),
(1715, 85, '81', '0'),
(1716, 85, '94', '0'),
(1717, 85, '36', '0'),
(1718, 85, '79', '0'),
(1719, 85, '132', '0'),
(1720, 85, '38', '0'),
(1721, 86, '31', '0'),
(1722, 86, '123', '0'),
(1723, 86, '24', '0'),
(1724, 86, '71', '0'),
(1725, 86, '116', '0'),
(1726, 86, '100', '0'),
(1727, 86, '49', '0'),
(1728, 86, '50', '0'),
(1729, 86, '134', '0'),
(1730, 86, '90', '0'),
(1731, 86, '81', '0'),
(1732, 86, '139', '0'),
(1733, 86, '85', '0'),
(1734, 86, '84', '0'),
(1735, 86, '124', '0'),
(1736, 86, '51', '0'),
(1737, 86, '32', '0'),
(1738, 86, '110', '0'),
(1739, 86, '70', '0'),
(1740, 86, '58', '0'),
(1741, 87, '36', '0'),
(1742, 87, '88', '0'),
(1743, 87, '57', '0'),
(1744, 87, '137', '0'),
(1745, 87, '16', '0'),
(1746, 87, '112', '0'),
(1747, 87, '20', '0'),
(1748, 87, '62', '0'),
(1749, 87, '120', '0'),
(1750, 87, '95', '0'),
(1751, 87, '125', '0'),
(1752, 87, '145', '0'),
(1753, 87, '83', '0'),
(1754, 87, '90', '0'),
(1755, 87, '132', '0'),
(1756, 87, '79', '0'),
(1757, 87, '55', '0'),
(1758, 87, '87', '0'),
(1759, 87, '35', '0'),
(1760, 87, '21', '0'),
(1761, 88, '69', '0'),
(1762, 88, '111', '0'),
(1763, 88, '45', '0'),
(1764, 88, '75', '0'),
(1765, 88, '34', '0'),
(1766, 88, '121', '0'),
(1767, 88, '107', '0'),
(1768, 88, '42', '0'),
(1769, 88, '65', '0'),
(1770, 88, '105', '0'),
(1771, 88, '145', '0'),
(1772, 88, '120', '0'),
(1773, 88, '83', '0'),
(1774, 88, '88', '0'),
(1775, 88, '58', '0'),
(1776, 88, '127', '0'),
(1777, 88, '119', '0'),
(1778, 88, '124', '0'),
(1779, 88, '14', '0'),
(1780, 88, '50', '0'),
(1781, 89, '39', '0'),
(1782, 89, '24', '0'),
(1783, 89, '41', '0'),
(1784, 89, '20', '0'),
(1785, 89, '52', '0'),
(1786, 89, '38', '0'),
(1787, 89, '61', '0'),
(1788, 89, '135', '0'),
(1789, 89, '125', '0'),
(1790, 89, '103', '0'),
(1791, 89, '21', '0'),
(1792, 89, '37', '0'),
(1793, 89, '129', '0'),
(1794, 89, '30', '0'),
(1795, 89, '133', '0'),
(1796, 89, '142', '0'),
(1797, 89, '34', '0'),
(1798, 89, '141', '0'),
(1799, 89, '143', '0'),
(1800, 89, '122', '0'),
(1801, 90, '107', '0'),
(1802, 90, '35', '0'),
(1803, 90, '43', '0'),
(1804, 90, '114', '0'),
(1805, 90, '104', '0'),
(1806, 90, '140', '0'),
(1807, 90, '54', '0'),
(1808, 90, '117', '0'),
(1809, 90, '133', '0'),
(1810, 90, '29', '0'),
(1811, 90, '27', '0'),
(1812, 90, '17', '0'),
(1813, 90, '94', '0'),
(1814, 90, '88', '0'),
(1815, 90, '76', '0'),
(1816, 90, '82', '0'),
(1817, 90, '85', '0'),
(1818, 90, '83', '0'),
(1819, 90, '32', '0'),
(1820, 90, '143', '0'),
(1821, 91, '112', '0'),
(1822, 91, '76', '0'),
(1823, 91, '101', '0'),
(1824, 91, '94', '0'),
(1825, 91, '41', '0'),
(1826, 91, '77', '0'),
(1827, 91, '79', '0'),
(1828, 91, '56', '0'),
(1829, 91, '50', '0'),
(1830, 91, '123', '0'),
(1831, 91, '19', '0'),
(1832, 91, '20', '0'),
(1833, 91, '135', '0'),
(1834, 91, '40', '0'),
(1835, 91, '82', '0'),
(1836, 91, '44', '0'),
(1837, 91, '73', '0'),
(1838, 91, '100', '0'),
(1839, 91, '128', '0'),
(1840, 91, '59', '0'),
(1841, 0, '123', '0'),
(1842, 0, '105', '0'),
(1843, 0, '119', '0'),
(1844, 0, '135', '0'),
(1845, 0, '107', '0'),
(1846, 0, '54', '0'),
(1847, 0, '61', '0'),
(1848, 0, '86', '0'),
(1849, 0, '97', '0'),
(1850, 0, '118', '0'),
(1851, 0, '95', '0'),
(1852, 0, '39', '0'),
(1853, 0, '30', '0'),
(1854, 0, '83', '0'),
(1855, 0, '34', '0'),
(1856, 0, '41', '0'),
(1857, 0, '44', '0'),
(1858, 0, '49', '0'),
(1859, 0, '90', '0'),
(1860, 0, '146', '0'),
(1861, 92, '143', '0'),
(1862, 92, '141', '0'),
(1863, 92, '23', '0'),
(1864, 92, '53', '0'),
(1865, 92, '79', '0'),
(1866, 92, '28', '0'),
(1867, 92, '117', '0'),
(1868, 92, '70', '0'),
(1869, 92, '122', '0'),
(1870, 92, '75', '0'),
(1871, 92, '74', '0'),
(1872, 92, '56', '0'),
(1873, 92, '42', '0'),
(1874, 92, '111', '0'),
(1875, 92, '132', '0'),
(1876, 92, '76', '0'),
(1877, 92, '80', '0'),
(1878, 92, '131', '0'),
(1879, 92, '62', '0'),
(1880, 92, '47', '0'),
(1881, 93, '115', '0'),
(1882, 93, '16', '0'),
(1883, 93, '79', '0'),
(1884, 93, '107', '0'),
(1885, 93, '103', '0'),
(1886, 93, '112', '0'),
(1887, 93, '111', '0'),
(1888, 93, '17', '0'),
(1889, 93, '28', '0'),
(1890, 93, '45', '0'),
(1891, 93, '127', '0'),
(1892, 93, '39', '0'),
(1893, 93, '47', '0'),
(1894, 93, '105', '0'),
(1895, 93, '113', '0'),
(1896, 93, '137', '0'),
(1897, 93, '64', '0'),
(1898, 93, '74', '0'),
(1899, 93, '76', '0'),
(1900, 93, '21', '0'),
(1901, 94, '134', '0'),
(1902, 94, '53', '0'),
(1903, 94, '19', '0'),
(1904, 94, '37', '0'),
(1905, 94, '27', '0'),
(1906, 94, '116', '0'),
(1907, 94, '101', '0'),
(1908, 94, '15', '0'),
(1909, 94, '125', '0'),
(1910, 94, '56', '0'),
(1911, 94, '91', '0'),
(1912, 94, '76', '0'),
(1913, 94, '83', '0'),
(1914, 94, '113', '0'),
(1915, 94, '28', '0'),
(1916, 94, '82', '0'),
(1917, 94, '92', '0'),
(1918, 94, '74', '0'),
(1919, 94, '42', '0'),
(1920, 94, '79', '0'),
(1921, 95, '78', '0'),
(1922, 95, '22', '0'),
(1923, 95, '40', '0'),
(1924, 95, '128', '0'),
(1925, 95, '15', '0'),
(1926, 95, '51', '0'),
(1927, 95, '105', '0'),
(1928, 95, '28', '0'),
(1929, 95, '137', '0'),
(1930, 95, '96', '0'),
(1931, 95, '72', '0'),
(1932, 95, '62', '0'),
(1933, 95, '43', '0'),
(1934, 95, '20', '0'),
(1935, 95, '92', '0'),
(1936, 95, '97', '0'),
(1937, 95, '69', '0'),
(1938, 95, '113', '0'),
(1939, 95, '74', '0'),
(1940, 95, '110', '0'),
(1941, 96, '32', '0'),
(1942, 96, '33', '0'),
(1943, 96, '21', '0'),
(1944, 96, '19', '0'),
(1945, 96, '17', '0'),
(1946, 96, '13', '0'),
(1947, 96, '16', '0'),
(1948, 96, '30', '0'),
(1949, 96, '26', '0'),
(1950, 96, '18', '0'),
(1951, 96, '15', '0'),
(1952, 96, '28', '0'),
(1953, 96, '27', '0'),
(1954, 96, '24', '0'),
(1955, 96, '22', '0'),
(1956, 96, '14', '0'),
(1957, 96, '23', '0'),
(1958, 96, '20', '0'),
(1959, 96, '25', '0'),
(1960, 96, '31', '0'),
(1961, 97, '32', '0'),
(1962, 97, '17', '0'),
(1963, 97, '28', '0'),
(1964, 97, '21', '0'),
(1965, 97, '16', '0'),
(1966, 97, '22', '0'),
(1967, 97, '14', '0'),
(1968, 97, '31', '0'),
(1969, 97, '25', '0'),
(1970, 97, '15', '0'),
(1971, 97, '19', '0'),
(1972, 97, '18', '0'),
(1973, 97, '26', '0'),
(1974, 97, '29', '0'),
(1975, 97, '30', '0'),
(1976, 97, '13', '0'),
(1977, 97, '27', '0'),
(1978, 97, '24', '0'),
(1979, 97, '33', '0'),
(1980, 97, '20', '0'),
(1981, 98, '27', '0'),
(1982, 98, '15', '0'),
(1983, 98, '29', '0'),
(1984, 98, '16', '0'),
(1985, 98, '20', '0'),
(1986, 98, '13', '0'),
(1987, 98, '24', '0'),
(1988, 98, '30', '0'),
(1989, 98, '31', '0'),
(1990, 98, '18', '0'),
(1991, 98, '28', '0'),
(1992, 98, '19', '0'),
(1993, 98, '23', '0'),
(1994, 98, '21', '0'),
(1995, 98, '14', '0'),
(1996, 98, '25', '0'),
(1997, 98, '32', '0'),
(1998, 98, '17', '0'),
(1999, 98, '26', '0'),
(2000, 98, '33', '0'),
(2001, 0, '21', '0'),
(2002, 0, '26', '0'),
(2003, 0, '23', '0'),
(2004, 0, '14', '0'),
(2005, 0, '30', '0'),
(2006, 0, '28', '0'),
(2007, 0, '18', '0'),
(2008, 0, '32', '0'),
(2009, 0, '15', '0'),
(2010, 0, '24', '0'),
(2011, 0, '33', '0'),
(2012, 0, '13', '0'),
(2013, 0, '16', '0'),
(2014, 0, '17', '0'),
(2015, 0, '20', '0'),
(2016, 0, '31', '0'),
(2017, 0, '29', '0'),
(2018, 0, '22', '0'),
(2019, 0, '25', '0'),
(2020, 0, '27', '0'),
(2021, 99, '23', '0'),
(2022, 99, '15', '0'),
(2023, 99, '30', '0'),
(2024, 99, '24', '0'),
(2025, 99, '28', '0'),
(2026, 99, '21', '0'),
(2027, 99, '18', '0'),
(2028, 99, '27', '0'),
(2029, 99, '17', '0'),
(2030, 99, '33', '0'),
(2031, 99, '13', '0'),
(2032, 99, '16', '0'),
(2033, 99, '32', '0'),
(2034, 99, '26', '0'),
(2035, 99, '19', '0'),
(2036, 99, '14', '0'),
(2037, 99, '31', '0'),
(2038, 99, '20', '0'),
(2039, 99, '25', '0'),
(2040, 99, '29', '0'),
(2041, 100, '16', '0'),
(2042, 100, '17', '0'),
(2043, 100, '22', '0'),
(2044, 100, '25', '0'),
(2045, 100, '18', '0'),
(2046, 100, '27', '0'),
(2047, 100, '21', '0'),
(2048, 100, '23', '0'),
(2049, 100, '29', '0'),
(2050, 100, '28', '0'),
(2051, 100, '14', '0'),
(2052, 100, '20', '0'),
(2053, 100, '24', '0'),
(2054, 100, '32', '0'),
(2055, 100, '13', '0'),
(2056, 100, '26', '0'),
(2057, 100, '15', '0'),
(2058, 100, '19', '0'),
(2059, 100, '31', '0'),
(2060, 100, '30', '0'),
(2061, 101, '23', '0'),
(2062, 101, '32', '0'),
(2063, 101, '22', '0'),
(2064, 101, '13', '0'),
(2065, 101, '16', '0'),
(2066, 101, '30', '0'),
(2067, 101, '19', '0'),
(2068, 101, '15', '0'),
(2069, 101, '27', '0'),
(2070, 101, '14', '0'),
(2071, 101, '33', '0'),
(2072, 101, '17', '0'),
(2073, 101, '25', '0'),
(2074, 101, '18', '0'),
(2075, 101, '21', '0'),
(2076, 101, '28', '0'),
(2077, 101, '26', '0'),
(2078, 101, '29', '0'),
(2079, 101, '20', '0'),
(2080, 101, '24', '0'),
(2081, 102, '13', '0'),
(2082, 102, '18', '0'),
(2083, 102, '24', '0'),
(2084, 102, '28', '0'),
(2085, 102, '16', '0'),
(2086, 102, '19', '0'),
(2087, 102, '15', '0'),
(2088, 102, '30', '0'),
(2089, 102, '27', '0'),
(2090, 102, '17', '0'),
(2091, 102, '31', '0'),
(2092, 102, '29', '0'),
(2093, 102, '33', '0'),
(2094, 102, '32', '0'),
(2095, 102, '23', '0'),
(2096, 102, '20', '0'),
(2097, 102, '21', '0'),
(2098, 102, '26', '0'),
(2099, 102, '22', '0'),
(2100, 102, '14', '0'),
(2101, 103, '15', '0'),
(2102, 103, '19', '0'),
(2103, 103, '31', '0'),
(2104, 103, '26', '0'),
(2105, 103, '32', '0'),
(2106, 103, '29', '0'),
(2107, 103, '18', '0'),
(2108, 103, '21', '0'),
(2109, 103, '24', '0'),
(2110, 103, '20', '0'),
(2111, 103, '28', '0'),
(2112, 103, '16', '0'),
(2113, 103, '22', '0'),
(2114, 103, '33', '0'),
(2115, 103, '25', '0'),
(2116, 103, '13', '0'),
(2117, 103, '30', '0'),
(2118, 103, '17', '0'),
(2119, 103, '27', '0'),
(2120, 103, '14', '0'),
(2121, 104, '24', '0'),
(2122, 104, '16', '0'),
(2123, 104, '28', '0'),
(2124, 104, '21', '0'),
(2125, 104, '19', '0'),
(2126, 104, '18', '0'),
(2127, 104, '31', '0'),
(2128, 104, '23', '0'),
(2129, 104, '15', '0'),
(2130, 104, '14', '0'),
(2131, 104, '27', '0'),
(2132, 104, '30', '0'),
(2133, 104, '26', '0'),
(2134, 104, '13', '0'),
(2135, 104, '17', '0'),
(2136, 104, '25', '0'),
(2137, 104, '29', '0'),
(2138, 104, '20', '0'),
(2139, 104, '33', '0'),
(2140, 104, '22', '0'),
(2141, 105, '24', '0'),
(2142, 105, '21', '0'),
(2143, 105, '33', '0'),
(2144, 105, '29', '0'),
(2145, 105, '23', '0'),
(2146, 105, '16', '0'),
(2147, 105, '15', '0'),
(2148, 105, '31', '0'),
(2149, 105, '32', '0'),
(2150, 105, '26', '0'),
(2151, 105, '25', '0'),
(2152, 105, '17', '0'),
(2153, 105, '20', '0'),
(2154, 105, '19', '0'),
(2155, 105, '22', '0'),
(2156, 105, '14', '0'),
(2157, 105, '30', '0'),
(2158, 105, '13', '0'),
(2159, 105, '18', '0'),
(2160, 105, '27', '0'),
(2161, 106, '20', '0'),
(2162, 106, '32', '0'),
(2163, 106, '14', '0'),
(2164, 106, '21', '0'),
(2165, 106, '13', '0'),
(2166, 106, '23', '0'),
(2167, 106, '28', '0'),
(2168, 106, '30', '0'),
(2169, 106, '31', '0'),
(2170, 106, '24', '0'),
(2171, 106, '27', '0'),
(2172, 106, '19', '0'),
(2173, 106, '16', '0'),
(2174, 106, '18', '0'),
(2175, 106, '15', '0'),
(2176, 106, '33', '0'),
(2177, 106, '26', '0'),
(2178, 106, '29', '0'),
(2179, 106, '25', '0'),
(2180, 106, '17', '0'),
(2181, 107, '24', '0'),
(2182, 107, '15', '0'),
(2183, 107, '29', '0'),
(2184, 107, '25', '0'),
(2185, 107, '32', '0'),
(2186, 107, '23', '0'),
(2187, 107, '21', '0'),
(2188, 107, '13', '0'),
(2189, 107, '20', '0'),
(2190, 107, '14', '0'),
(2191, 107, '22', '0'),
(2192, 107, '18', '0'),
(2193, 107, '28', '0'),
(2194, 107, '27', '0'),
(2195, 107, '19', '0'),
(2196, 107, '17', '0'),
(2197, 107, '31', '0'),
(2198, 107, '30', '0'),
(2199, 107, '26', '0'),
(2200, 107, '33', '0'),
(2201, 108, '13', '0'),
(2202, 108, '30', '0'),
(2203, 108, '20', '0'),
(2204, 108, '14', '0'),
(2205, 108, '28', '0'),
(2206, 108, '22', '0'),
(2207, 108, '26', '0'),
(2208, 108, '18', '0'),
(2209, 108, '31', '0'),
(2210, 108, '29', '0'),
(2211, 108, '23', '0'),
(2212, 108, '17', '0'),
(2213, 108, '32', '0'),
(2214, 108, '21', '0'),
(2215, 108, '33', '0'),
(2216, 108, '16', '0'),
(2217, 108, '25', '0'),
(2218, 108, '15', '0'),
(2219, 108, '24', '0'),
(2220, 108, '27', '0'),
(2221, 109, '31', '0'),
(2222, 109, '29', '0'),
(2223, 109, '18', '0'),
(2224, 109, '15', '0'),
(2225, 109, '20', '0'),
(2226, 109, '33', '0'),
(2227, 109, '21', '0'),
(2228, 109, '23', '0'),
(2229, 109, '17', '0'),
(2230, 109, '27', '0'),
(2231, 109, '16', '0'),
(2232, 109, '22', '0'),
(2233, 109, '32', '0'),
(2234, 109, '19', '0'),
(2235, 109, '14', '0'),
(2236, 109, '25', '0'),
(2237, 109, '26', '0'),
(2238, 109, '28', '0'),
(2239, 109, '30', '0'),
(2240, 109, '13', '0'),
(2241, 110, '14', '0'),
(2242, 110, '22', '0'),
(2243, 110, '28', '0'),
(2244, 110, '33', '0'),
(2245, 110, '19', '0'),
(2246, 110, '16', '0'),
(2247, 110, '21', '0'),
(2248, 110, '30', '0'),
(2249, 110, '32', '0'),
(2250, 110, '18', '0'),
(2251, 110, '27', '0'),
(2252, 110, '15', '0'),
(2253, 110, '29', '0'),
(2254, 110, '17', '0'),
(2255, 110, '25', '0'),
(2256, 110, '26', '0'),
(2257, 110, '20', '0'),
(2258, 110, '24', '0'),
(2259, 110, '31', '0'),
(2260, 110, '23', '0'),
(2261, 111, '29', '0'),
(2262, 111, '14', '0'),
(2263, 111, '16', '0'),
(2264, 111, '30', '0'),
(2265, 111, '26', '0'),
(2266, 111, '18', '0'),
(2267, 111, '13', '0'),
(2268, 111, '28', '0'),
(2269, 111, '25', '0'),
(2270, 111, '17', '0'),
(2271, 111, '21', '0'),
(2272, 111, '27', '0'),
(2273, 111, '23', '0'),
(2274, 111, '31', '0'),
(2275, 111, '24', '0'),
(2276, 111, '15', '0'),
(2277, 111, '19', '0'),
(2278, 111, '32', '0'),
(2279, 111, '22', '0'),
(2280, 111, '20', '0'),
(2281, 112, '24', '0'),
(2282, 112, '31', '0'),
(2283, 112, '25', '0'),
(2284, 112, '29', '0'),
(2285, 112, '18', '0'),
(2286, 112, '28', '0'),
(2287, 112, '15', '0'),
(2288, 112, '13', '0'),
(2289, 112, '30', '0'),
(2290, 112, '20', '0'),
(2291, 112, '19', '0'),
(2292, 112, '33', '0'),
(2293, 112, '22', '0'),
(2294, 112, '27', '0'),
(2295, 112, '26', '0'),
(2296, 112, '16', '0'),
(2297, 112, '21', '0'),
(2298, 112, '23', '0'),
(2299, 112, '32', '0'),
(2300, 112, '14', '0'),
(2301, 113, '25', '0'),
(2302, 113, '20', '0'),
(2303, 113, '30', '0'),
(2304, 113, '16', '0'),
(2305, 113, '26', '0'),
(2306, 113, '28', '0'),
(2307, 113, '14', '0'),
(2308, 113, '29', '0'),
(2309, 113, '21', '0'),
(2310, 113, '15', '0'),
(2311, 113, '18', '0'),
(2312, 113, '32', '0'),
(2313, 113, '31', '0'),
(2314, 113, '17', '0'),
(2315, 113, '22', '0'),
(2316, 113, '13', '0'),
(2317, 113, '19', '0'),
(2318, 113, '33', '0'),
(2319, 113, '23', '0'),
(2320, 113, '27', '0'),
(2321, 114, '25', '0'),
(2322, 114, '30', '0'),
(2323, 114, '21', '0'),
(2324, 114, '18', '0'),
(2325, 114, '16', '0'),
(2326, 114, '20', '0'),
(2327, 114, '32', '0'),
(2328, 114, '31', '0'),
(2329, 114, '26', '0'),
(2330, 114, '29', '0'),
(2331, 114, '23', '0'),
(2332, 114, '13', '0'),
(2333, 114, '27', '0'),
(2334, 114, '28', '0'),
(2335, 114, '33', '0'),
(2336, 114, '24', '0'),
(2337, 114, '19', '0'),
(2338, 114, '22', '0'),
(2339, 114, '15', '0'),
(2340, 114, '14', '0'),
(2341, 115, '32', '0'),
(2342, 115, '17', '0'),
(2343, 115, '28', '0'),
(2344, 115, '14', '0'),
(2345, 115, '23', '0'),
(2346, 115, '20', '0'),
(2347, 115, '26', '0'),
(2348, 115, '25', '0'),
(2349, 115, '33', '0'),
(2350, 115, '15', '0'),
(2351, 115, '24', '0'),
(2352, 115, '16', '0'),
(2353, 115, '30', '0'),
(2354, 115, '29', '0'),
(2355, 115, '27', '0'),
(2356, 115, '22', '0'),
(2357, 115, '21', '0'),
(2358, 115, '18', '0'),
(2359, 115, '31', '0'),
(2360, 115, '13', '0'),
(2361, 116, '23', '0'),
(2362, 116, '25', '0'),
(2363, 116, '29', '0'),
(2364, 116, '18', '0'),
(2365, 116, '19', '0'),
(2366, 116, '15', '0'),
(2367, 116, '27', '0'),
(2368, 116, '32', '0'),
(2369, 116, '21', '0'),
(2370, 116, '14', '0'),
(2371, 116, '31', '0'),
(2372, 116, '28', '0'),
(2373, 116, '20', '0'),
(2374, 116, '16', '0'),
(2375, 116, '13', '0'),
(2376, 116, '30', '0'),
(2377, 116, '33', '0'),
(2378, 116, '22', '0'),
(2379, 116, '24', '0'),
(2380, 116, '17', '0'),
(2381, 117, '31', '0'),
(2382, 117, '24', '0'),
(2383, 117, '28', '0'),
(2384, 117, '26', '0'),
(2385, 117, '17', '0'),
(2386, 117, '15', '0'),
(2387, 117, '14', '0'),
(2388, 117, '30', '0'),
(2389, 117, '19', '0'),
(2390, 117, '16', '0'),
(2391, 117, '33', '0'),
(2392, 117, '29', '0'),
(2393, 117, '32', '0'),
(2394, 117, '20', '0');
INSERT INTO `parper_ext` (`pid`, `tid`, `qid`, `eid`) VALUES
(2395, 117, '23', '0'),
(2396, 117, '21', '0'),
(2397, 117, '25', '0'),
(2398, 117, '27', '0'),
(2399, 117, '13', '0'),
(2400, 117, '22', '0'),
(2401, 118, '15', '0'),
(2402, 118, '13', '0'),
(2403, 118, '21', '0'),
(2404, 118, '31', '0'),
(2405, 118, '26', '0'),
(2406, 118, '29', '0'),
(2407, 118, '23', '0'),
(2408, 118, '20', '0'),
(2409, 118, '28', '0'),
(2410, 118, '32', '0'),
(2411, 118, '18', '0'),
(2412, 118, '24', '0'),
(2413, 118, '22', '0'),
(2414, 118, '19', '0'),
(2415, 118, '17', '0'),
(2416, 118, '27', '0'),
(2417, 118, '33', '0'),
(2418, 118, '25', '0'),
(2419, 118, '30', '0'),
(2420, 118, '16', '0'),
(2421, 119, '27', '0'),
(2422, 119, '33', '0'),
(2423, 119, '24', '0'),
(2424, 119, '18', '0'),
(2425, 119, '25', '0'),
(2426, 119, '17', '0'),
(2427, 119, '23', '0'),
(2428, 119, '20', '0'),
(2429, 119, '26', '0'),
(2430, 119, '19', '0'),
(2431, 119, '29', '0'),
(2432, 119, '21', '0'),
(2433, 119, '13', '0'),
(2434, 119, '22', '0'),
(2435, 119, '30', '0'),
(2436, 119, '28', '0'),
(2437, 119, '31', '0'),
(2438, 119, '16', '0'),
(2439, 119, '32', '0'),
(2440, 119, '15', '0'),
(2441, 120, '15', '0'),
(2442, 120, '20', '0'),
(2443, 120, '23', '0'),
(2444, 120, '31', '0'),
(2445, 120, '16', '0'),
(2446, 120, '22', '0'),
(2447, 120, '32', '0'),
(2448, 120, '27', '0'),
(2449, 120, '14', '0'),
(2450, 120, '13', '0'),
(2451, 120, '33', '0'),
(2452, 120, '28', '0'),
(2453, 120, '26', '0'),
(2454, 120, '30', '0'),
(2455, 120, '24', '0'),
(2456, 120, '29', '0'),
(2457, 120, '21', '0'),
(2458, 120, '17', '0'),
(2459, 120, '18', '0'),
(2460, 120, '19', '0'),
(2461, 121, '16', '0'),
(2462, 121, '20', '0'),
(2463, 121, '31', '0'),
(2464, 121, '15', '0'),
(2465, 121, '27', '0'),
(2466, 121, '13', '0'),
(2467, 121, '24', '0'),
(2468, 121, '30', '0'),
(2469, 121, '26', '0'),
(2470, 121, '19', '0'),
(2471, 121, '18', '0'),
(2472, 121, '22', '0'),
(2473, 121, '29', '0'),
(2474, 121, '23', '0'),
(2475, 121, '32', '0'),
(2476, 121, '33', '0'),
(2477, 121, '25', '0'),
(2478, 121, '17', '0'),
(2479, 121, '21', '0'),
(2480, 121, '28', '0'),
(2481, 122, '28', '0'),
(2482, 122, '24', '0'),
(2483, 122, '25', '0'),
(2484, 122, '20', '0'),
(2485, 122, '26', '0'),
(2486, 122, '29', '0'),
(2487, 122, '33', '0'),
(2488, 122, '30', '0'),
(2489, 122, '13', '0'),
(2490, 122, '16', '0'),
(2491, 122, '32', '0'),
(2492, 122, '23', '0'),
(2493, 122, '18', '0'),
(2494, 122, '14', '0'),
(2495, 122, '21', '0'),
(2496, 122, '22', '0'),
(2497, 122, '19', '0'),
(2498, 122, '31', '0'),
(2499, 122, '27', '0'),
(2500, 122, '15', '0'),
(2501, 123, '27', '0'),
(2502, 123, '17', '0'),
(2503, 123, '20', '0'),
(2504, 123, '16', '0'),
(2505, 123, '29', '0'),
(2506, 123, '24', '0'),
(2507, 123, '25', '0'),
(2508, 123, '22', '0'),
(2509, 123, '28', '0'),
(2510, 123, '33', '0'),
(2511, 123, '26', '0'),
(2512, 123, '14', '0'),
(2513, 123, '23', '0'),
(2514, 123, '19', '0'),
(2515, 123, '31', '0'),
(2516, 123, '18', '0'),
(2517, 123, '21', '0'),
(2518, 123, '30', '0'),
(2519, 123, '32', '0'),
(2520, 123, '13', '0'),
(2521, 124, '20', '0'),
(2522, 124, '15', '0'),
(2523, 124, '25', '0'),
(2524, 124, '21', '0'),
(2525, 124, '17', '0'),
(2526, 124, '16', '0'),
(2527, 124, '30', '0'),
(2528, 124, '29', '0'),
(2529, 124, '23', '0'),
(2530, 124, '27', '0'),
(2531, 124, '18', '0'),
(2532, 124, '28', '0'),
(2533, 124, '32', '0'),
(2534, 124, '19', '0'),
(2535, 124, '14', '0'),
(2536, 124, '31', '0'),
(2537, 124, '22', '0'),
(2538, 124, '13', '0'),
(2539, 124, '24', '0'),
(2540, 124, '33', '0'),
(2541, 125, '15', '0'),
(2542, 125, '31', '0'),
(2543, 125, '30', '0'),
(2544, 125, '32', '0'),
(2545, 125, '13', '0'),
(2546, 125, '18', '0'),
(2547, 125, '26', '0'),
(2548, 125, '23', '0'),
(2549, 125, '29', '0'),
(2550, 125, '21', '0'),
(2551, 125, '33', '0'),
(2552, 125, '24', '0'),
(2553, 125, '14', '0'),
(2554, 125, '25', '0'),
(2555, 125, '16', '0'),
(2556, 125, '27', '0'),
(2557, 125, '28', '0'),
(2558, 125, '22', '0'),
(2559, 125, '17', '0'),
(2560, 125, '20', '0'),
(2561, 126, '30', '0'),
(2562, 126, '20', '0'),
(2563, 126, '18', '0'),
(2564, 126, '28', '0'),
(2565, 126, '26', '0'),
(2566, 126, '22', '0'),
(2567, 126, '15', '0'),
(2568, 126, '14', '0'),
(2569, 126, '19', '0'),
(2570, 126, '16', '0'),
(2571, 126, '33', '0'),
(2572, 126, '21', '0'),
(2573, 126, '23', '0'),
(2574, 126, '27', '0'),
(2575, 126, '31', '0'),
(2576, 126, '32', '0'),
(2577, 126, '25', '0'),
(2578, 126, '24', '0'),
(2579, 126, '29', '0'),
(2580, 126, '13', '0'),
(2581, 127, '29', '0'),
(2582, 127, '21', '0'),
(2583, 127, '15', '0'),
(2584, 127, '27', '0'),
(2585, 127, '24', '0'),
(2586, 127, '13', '0'),
(2587, 127, '30', '0'),
(2588, 127, '28', '0'),
(2589, 127, '31', '0'),
(2590, 127, '25', '0'),
(2591, 127, '33', '0'),
(2592, 127, '17', '0'),
(2593, 127, '19', '0'),
(2594, 127, '32', '0'),
(2595, 127, '18', '0'),
(2596, 127, '16', '0'),
(2597, 127, '26', '0'),
(2598, 127, '22', '0'),
(2599, 127, '20', '0'),
(2600, 127, '23', '0'),
(2601, 128, '30', '0'),
(2602, 128, '21', '0'),
(2603, 128, '33', '0'),
(2604, 128, '24', '0'),
(2605, 128, '26', '0'),
(2606, 128, '13', '0'),
(2607, 128, '16', '0'),
(2608, 128, '18', '0'),
(2609, 128, '22', '0'),
(2610, 128, '23', '0'),
(2611, 128, '32', '0'),
(2612, 128, '17', '0'),
(2613, 128, '14', '0'),
(2614, 128, '27', '0'),
(2615, 128, '15', '0'),
(2616, 128, '29', '0'),
(2617, 128, '25', '0'),
(2618, 128, '19', '0'),
(2619, 128, '28', '0'),
(2620, 128, '31', '0'),
(2621, 129, '33', '0'),
(2622, 129, '22', '0'),
(2623, 129, '16', '0'),
(2624, 129, '30', '0'),
(2625, 129, '19', '0'),
(2626, 129, '27', '0'),
(2627, 129, '29', '0'),
(2628, 129, '17', '0'),
(2629, 129, '18', '0'),
(2630, 129, '32', '0'),
(2631, 129, '21', '0'),
(2632, 129, '26', '0'),
(2633, 129, '13', '0'),
(2634, 129, '15', '0'),
(2635, 129, '31', '0'),
(2636, 129, '23', '0'),
(2637, 129, '25', '0'),
(2638, 129, '28', '0'),
(2639, 129, '24', '0'),
(2640, 129, '20', '0'),
(2641, 130, '30', '0'),
(2642, 130, '32', '0'),
(2643, 130, '29', '0'),
(2644, 130, '15', '0'),
(2645, 130, '21', '0'),
(2646, 130, '13', '0'),
(2647, 130, '28', '0'),
(2648, 130, '20', '0'),
(2649, 130, '23', '0'),
(2650, 130, '17', '0'),
(2651, 130, '16', '0'),
(2652, 130, '18', '0'),
(2653, 130, '33', '0'),
(2654, 130, '31', '0'),
(2655, 130, '19', '0'),
(2656, 130, '27', '0'),
(2657, 130, '22', '0'),
(2658, 130, '14', '0'),
(2659, 130, '24', '0'),
(2660, 130, '25', '0'),
(2661, 131, '32', '0'),
(2662, 131, '31', '0'),
(2663, 131, '26', '0'),
(2664, 131, '13', '0'),
(2665, 131, '30', '0'),
(2666, 131, '15', '0'),
(2667, 131, '29', '0'),
(2668, 131, '16', '0'),
(2669, 131, '27', '0'),
(2670, 131, '18', '0'),
(2671, 131, '21', '0'),
(2672, 131, '17', '0'),
(2673, 131, '19', '0'),
(2674, 131, '14', '0'),
(2675, 131, '23', '0'),
(2676, 131, '28', '0'),
(2677, 131, '25', '0'),
(2678, 131, '24', '0'),
(2679, 131, '20', '0'),
(2680, 131, '22', '0'),
(2681, 132, '31', '0'),
(2682, 132, '26', '0'),
(2683, 132, '18', '0'),
(2684, 132, '24', '0'),
(2685, 132, '20', '0'),
(2686, 132, '33', '0'),
(2687, 132, '25', '0'),
(2688, 132, '13', '0'),
(2689, 132, '22', '0'),
(2690, 132, '17', '0'),
(2691, 132, '15', '0'),
(2692, 132, '21', '0'),
(2693, 132, '27', '0'),
(2694, 132, '23', '0'),
(2695, 132, '14', '0'),
(2696, 132, '32', '0'),
(2697, 132, '16', '0'),
(2698, 132, '19', '0'),
(2699, 132, '30', '0'),
(2700, 132, '29', '0'),
(2701, 133, '25', '0'),
(2702, 133, '14', '0'),
(2703, 133, '29', '0'),
(2704, 133, '30', '0'),
(2705, 133, '26', '0'),
(2706, 133, '22', '0'),
(2707, 133, '28', '0'),
(2708, 133, '31', '0'),
(2709, 133, '16', '0'),
(2710, 133, '24', '0'),
(2711, 133, '21', '0'),
(2712, 133, '13', '0'),
(2713, 133, '18', '0'),
(2714, 133, '27', '0'),
(2715, 133, '23', '0'),
(2716, 133, '19', '0'),
(2717, 133, '32', '0'),
(2718, 133, '33', '0'),
(2719, 133, '20', '0'),
(2720, 133, '17', '0'),
(2721, 134, '14', '0'),
(2722, 134, '19', '0'),
(2723, 134, '30', '0'),
(2724, 134, '20', '0'),
(2725, 134, '24', '0'),
(2726, 134, '26', '0'),
(2727, 134, '29', '0'),
(2728, 134, '21', '0'),
(2729, 134, '28', '0'),
(2730, 134, '17', '0'),
(2731, 134, '18', '0'),
(2732, 134, '15', '0'),
(2733, 134, '25', '0'),
(2734, 134, '16', '0'),
(2735, 134, '32', '0'),
(2736, 134, '33', '0'),
(2737, 134, '22', '0'),
(2738, 134, '27', '0'),
(2739, 134, '31', '0'),
(2740, 134, '23', '0'),
(2741, 135, '33', '0'),
(2742, 135, '15', '0'),
(2743, 135, '25', '0'),
(2744, 135, '32', '0'),
(2745, 135, '26', '0'),
(2746, 135, '29', '0'),
(2747, 135, '13', '0'),
(2748, 135, '21', '0'),
(2749, 135, '19', '0'),
(2750, 135, '27', '0'),
(2751, 135, '30', '0'),
(2752, 135, '31', '0'),
(2753, 135, '17', '0'),
(2754, 135, '23', '0'),
(2755, 135, '28', '0'),
(2756, 135, '20', '0'),
(2757, 135, '22', '0'),
(2758, 135, '24', '0'),
(2759, 135, '18', '0'),
(2760, 135, '14', '0'),
(2761, 136, '27', '0'),
(2762, 136, '19', '0'),
(2763, 136, '28', '0'),
(2764, 136, '24', '0'),
(2765, 136, '13', '0'),
(2766, 136, '15', '0'),
(2767, 136, '17', '0'),
(2768, 136, '30', '0'),
(2769, 136, '29', '0'),
(2770, 136, '26', '0'),
(2771, 136, '23', '0'),
(2772, 136, '33', '0'),
(2773, 136, '21', '0'),
(2774, 136, '31', '0'),
(2775, 136, '25', '0'),
(2776, 136, '22', '0'),
(2777, 136, '32', '0'),
(2778, 136, '18', '0'),
(2779, 136, '14', '0'),
(2780, 136, '16', '0'),
(2781, 137, '27', '0'),
(2782, 137, '14', '0'),
(2783, 137, '23', '0'),
(2784, 137, '17', '0'),
(2785, 137, '26', '0'),
(2786, 137, '13', '0'),
(2787, 137, '31', '0'),
(2788, 137, '18', '0'),
(2789, 137, '25', '0'),
(2790, 137, '33', '0'),
(2791, 137, '32', '0'),
(2792, 137, '20', '0'),
(2793, 137, '15', '0'),
(2794, 137, '24', '0'),
(2795, 137, '28', '0'),
(2796, 137, '16', '0'),
(2797, 137, '30', '0'),
(2798, 137, '29', '0'),
(2799, 137, '22', '0'),
(2800, 137, '21', '0'),
(2801, 138, '20', '0'),
(2802, 138, '19', '0'),
(2803, 138, '31', '0'),
(2804, 138, '21', '0'),
(2805, 138, '29', '0'),
(2806, 138, '28', '0'),
(2807, 138, '33', '0'),
(2808, 138, '27', '0'),
(2809, 138, '30', '0'),
(2810, 138, '16', '0'),
(2811, 138, '22', '0'),
(2812, 138, '13', '0'),
(2813, 138, '25', '0'),
(2814, 138, '32', '0'),
(2815, 138, '17', '0'),
(2816, 138, '23', '0'),
(2817, 138, '26', '0'),
(2818, 138, '15', '0'),
(2819, 138, '18', '0'),
(2820, 138, '14', '0'),
(2821, 139, '23', '0'),
(2822, 139, '20', '0'),
(2823, 139, '16', '0'),
(2824, 139, '17', '0'),
(2825, 139, '25', '0'),
(2826, 139, '19', '0'),
(2827, 139, '14', '0'),
(2828, 139, '32', '0'),
(2829, 139, '30', '0'),
(2830, 139, '22', '0'),
(2831, 139, '29', '0'),
(2832, 139, '26', '0'),
(2833, 139, '13', '0'),
(2834, 139, '27', '0'),
(2835, 139, '24', '0'),
(2836, 139, '28', '0'),
(2837, 139, '31', '0'),
(2838, 139, '21', '0'),
(2839, 139, '33', '0'),
(2840, 139, '18', '0'),
(2841, 140, '18', '0'),
(2842, 140, '23', '0'),
(2843, 140, '16', '0'),
(2844, 140, '15', '0'),
(2845, 140, '31', '0'),
(2846, 140, '14', '0'),
(2847, 140, '25', '0'),
(2848, 140, '21', '0'),
(2849, 140, '17', '0'),
(2850, 140, '20', '0'),
(2851, 140, '22', '0'),
(2852, 140, '32', '0'),
(2853, 140, '29', '0'),
(2854, 140, '27', '0'),
(2855, 140, '33', '0'),
(2856, 140, '19', '0'),
(2857, 140, '24', '0'),
(2858, 140, '13', '0'),
(2859, 140, '28', '0'),
(2860, 140, '26', '0'),
(2861, 141, '21', '0'),
(2862, 141, '13', '0'),
(2863, 141, '17', '0'),
(2864, 141, '29', '0'),
(2865, 141, '28', '0'),
(2866, 141, '19', '0'),
(2867, 141, '31', '0'),
(2868, 141, '14', '0'),
(2869, 141, '25', '0'),
(2870, 141, '24', '0'),
(2871, 141, '18', '0'),
(2872, 141, '16', '0'),
(2873, 141, '33', '0'),
(2874, 141, '32', '0'),
(2875, 141, '20', '0'),
(2876, 141, '22', '0'),
(2877, 141, '26', '0'),
(2878, 141, '30', '0'),
(2879, 141, '27', '0'),
(2880, 141, '15', '0'),
(2881, 142, '24', '0'),
(2882, 142, '21', '0'),
(2883, 142, '17', '0'),
(2884, 142, '13', '0'),
(2885, 142, '16', '0'),
(2886, 142, '19', '0'),
(2887, 142, '25', '0'),
(2888, 142, '29', '0'),
(2889, 142, '15', '0'),
(2890, 142, '32', '0'),
(2891, 142, '26', '0'),
(2892, 142, '30', '0'),
(2893, 142, '18', '0'),
(2894, 142, '31', '0'),
(2895, 142, '14', '0'),
(2896, 142, '22', '0'),
(2897, 142, '27', '0'),
(2898, 142, '20', '0'),
(2899, 142, '23', '0'),
(2900, 142, '33', '0'),
(2901, 143, '24', '0'),
(2902, 143, '21', '0'),
(2903, 143, '15', '0'),
(2904, 143, '25', '0'),
(2905, 143, '31', '0'),
(2906, 143, '33', '0'),
(2907, 143, '32', '0'),
(2908, 143, '29', '0'),
(2909, 143, '19', '0'),
(2910, 143, '20', '0'),
(2911, 143, '13', '0'),
(2912, 143, '17', '0'),
(2913, 143, '26', '0'),
(2914, 143, '23', '0'),
(2915, 143, '18', '0'),
(2916, 143, '28', '0'),
(2917, 143, '27', '0'),
(2918, 143, '22', '0'),
(2919, 143, '16', '0'),
(2920, 143, '30', '0'),
(2921, 144, '20', '0'),
(2922, 144, '16', '0'),
(2923, 144, '17', '0'),
(2924, 144, '25', '0'),
(2925, 144, '29', '0'),
(2926, 144, '15', '0'),
(2927, 144, '28', '0'),
(2928, 144, '24', '0'),
(2929, 144, '22', '0'),
(2930, 144, '26', '0'),
(2931, 144, '14', '0'),
(2932, 144, '30', '0'),
(2933, 144, '27', '0'),
(2934, 144, '19', '0'),
(2935, 144, '18', '0'),
(2936, 144, '32', '0'),
(2937, 144, '21', '0'),
(2938, 144, '13', '0'),
(2939, 144, '31', '0'),
(2940, 144, '33', '0'),
(2941, 145, '20', '0'),
(2942, 145, '22', '0'),
(2943, 145, '14', '0'),
(2944, 145, '24', '0'),
(2945, 145, '17', '0'),
(2946, 145, '27', '0'),
(2947, 145, '16', '0'),
(2948, 145, '26', '0'),
(2949, 145, '18', '0'),
(2950, 145, '25', '0'),
(2951, 145, '29', '0'),
(2952, 145, '28', '0'),
(2953, 145, '32', '0'),
(2954, 145, '15', '0'),
(2955, 145, '33', '0'),
(2956, 145, '19', '0'),
(2957, 145, '30', '0'),
(2958, 145, '31', '0'),
(2959, 145, '21', '0'),
(2960, 145, '23', '0'),
(2961, 146, '27', '0'),
(2962, 146, '16', '0'),
(2963, 146, '30', '0'),
(2964, 146, '19', '0'),
(2965, 146, '32', '0'),
(2966, 146, '23', '0'),
(2967, 146, '31', '0'),
(2968, 146, '25', '0'),
(2969, 146, '21', '0'),
(2970, 146, '14', '0'),
(2971, 146, '20', '0'),
(2972, 146, '15', '0'),
(2973, 146, '28', '0'),
(2974, 146, '29', '0'),
(2975, 146, '33', '0'),
(2976, 146, '13', '0'),
(2977, 146, '24', '0'),
(2978, 146, '18', '0'),
(2979, 146, '22', '0'),
(2980, 146, '17', '0'),
(2981, 147, '27', '0'),
(2982, 147, '31', '0'),
(2983, 147, '29', '0'),
(2984, 147, '18', '0'),
(2985, 147, '28', '0'),
(2986, 147, '15', '0'),
(2987, 147, '25', '0'),
(2988, 147, '30', '0'),
(2989, 147, '23', '0'),
(2990, 147, '20', '0'),
(2991, 147, '19', '0'),
(2992, 147, '17', '0'),
(2993, 147, '26', '0'),
(2994, 147, '32', '0'),
(2995, 147, '24', '0'),
(2996, 147, '22', '0'),
(2997, 147, '13', '0'),
(2998, 147, '21', '0'),
(2999, 147, '33', '0'),
(3000, 147, '16', '0'),
(3001, 148, '18', '0'),
(3002, 148, '33', '0'),
(3003, 148, '25', '0'),
(3004, 148, '26', '0'),
(3005, 148, '21', '0'),
(3006, 148, '19', '0'),
(3007, 148, '28', '0'),
(3008, 148, '27', '0'),
(3009, 148, '20', '0'),
(3010, 148, '23', '0'),
(3011, 148, '24', '0'),
(3012, 148, '29', '0'),
(3013, 148, '13', '0'),
(3014, 148, '22', '0'),
(3015, 148, '17', '0'),
(3016, 148, '32', '0'),
(3017, 148, '30', '0'),
(3018, 148, '16', '0'),
(3019, 148, '31', '0'),
(3020, 148, '14', '0'),
(3021, 149, '21', '0'),
(3022, 149, '28', '0'),
(3023, 149, '29', '0'),
(3024, 149, '27', '0'),
(3025, 149, '16', '0'),
(3026, 149, '20', '0'),
(3027, 149, '30', '0'),
(3028, 149, '15', '0'),
(3029, 149, '31', '0'),
(3030, 149, '26', '0'),
(3031, 149, '23', '0'),
(3032, 149, '32', '0'),
(3033, 149, '33', '0'),
(3034, 149, '24', '0'),
(3035, 149, '18', '0'),
(3036, 149, '25', '0'),
(3037, 149, '17', '0'),
(3038, 149, '19', '0'),
(3039, 149, '13', '0'),
(3040, 149, '22', '0'),
(3041, 150, '32', '0'),
(3042, 150, '29', '0'),
(3043, 150, '22', '0'),
(3044, 150, '20', '0'),
(3045, 150, '18', '0'),
(3046, 150, '25', '0'),
(3047, 150, '19', '0'),
(3048, 150, '23', '0'),
(3049, 150, '15', '0'),
(3050, 150, '27', '0'),
(3051, 150, '28', '0'),
(3052, 150, '31', '0'),
(3053, 150, '33', '0'),
(3054, 150, '26', '0'),
(3055, 150, '21', '0'),
(3056, 150, '14', '0'),
(3057, 150, '16', '0'),
(3058, 150, '13', '0'),
(3059, 150, '24', '0'),
(3060, 150, '17', '0'),
(3061, 151, '22', '0'),
(3062, 151, '27', '0'),
(3063, 151, '14', '0'),
(3064, 151, '29', '0'),
(3065, 151, '20', '0'),
(3066, 151, '13', '0'),
(3067, 151, '24', '0'),
(3068, 151, '31', '0'),
(3069, 151, '28', '0'),
(3070, 151, '33', '0'),
(3071, 151, '18', '0'),
(3072, 151, '30', '0'),
(3073, 151, '16', '0'),
(3074, 151, '26', '0'),
(3075, 151, '17', '0'),
(3076, 151, '25', '0'),
(3077, 151, '21', '0'),
(3078, 151, '15', '0'),
(3079, 151, '19', '0'),
(3080, 151, '23', '0'),
(3081, 152, '27', '0'),
(3082, 152, '13', '0'),
(3083, 152, '26', '0'),
(3084, 152, '30', '0'),
(3085, 152, '33', '0'),
(3086, 152, '29', '0'),
(3087, 152, '14', '0'),
(3088, 152, '24', '0'),
(3089, 152, '31', '0'),
(3090, 152, '25', '0'),
(3091, 152, '19', '0'),
(3092, 152, '18', '0'),
(3093, 152, '15', '0'),
(3094, 152, '16', '0'),
(3095, 152, '32', '0'),
(3096, 152, '17', '0'),
(3097, 152, '23', '0'),
(3098, 152, '20', '0'),
(3099, 152, '28', '0'),
(3100, 152, '21', '0'),
(3101, 153, '16', '0'),
(3102, 153, '22', '0'),
(3103, 153, '15', '0'),
(3104, 153, '31', '0'),
(3105, 153, '28', '0'),
(3106, 153, '19', '0'),
(3107, 153, '24', '0'),
(3108, 153, '21', '0'),
(3109, 153, '18', '0'),
(3110, 153, '14', '0'),
(3111, 153, '30', '0'),
(3112, 153, '23', '0'),
(3113, 153, '33', '0'),
(3114, 153, '27', '0'),
(3115, 153, '13', '0'),
(3116, 153, '25', '0'),
(3117, 153, '20', '0'),
(3118, 153, '29', '0'),
(3119, 153, '17', '0'),
(3120, 153, '32', '0'),
(3121, 154, '30', '0'),
(3122, 154, '19', '0'),
(3123, 154, '16', '0'),
(3124, 154, '15', '0'),
(3125, 154, '27', '0'),
(3126, 154, '24', '0'),
(3127, 154, '14', '0'),
(3128, 154, '22', '0'),
(3129, 154, '32', '0'),
(3130, 154, '28', '0'),
(3131, 154, '23', '0'),
(3132, 154, '18', '0'),
(3133, 154, '29', '0'),
(3134, 154, '26', '0'),
(3135, 154, '31', '0'),
(3136, 154, '21', '0'),
(3137, 154, '17', '0'),
(3138, 154, '20', '0'),
(3139, 154, '13', '0'),
(3140, 154, '33', '0'),
(3141, 155, '32', '0'),
(3142, 155, '21', '0'),
(3143, 155, '23', '0'),
(3144, 155, '27', '0'),
(3145, 155, '15', '0'),
(3146, 155, '14', '0'),
(3147, 155, '33', '0'),
(3148, 155, '22', '0'),
(3149, 155, '13', '0'),
(3150, 155, '28', '0'),
(3151, 155, '17', '0'),
(3152, 155, '31', '0'),
(3153, 155, '19', '0'),
(3154, 155, '30', '0'),
(3155, 155, '18', '0'),
(3156, 155, '26', '0'),
(3157, 155, '25', '0'),
(3158, 155, '16', '0'),
(3159, 155, '29', '0'),
(3160, 155, '24', '0'),
(3161, 156, '22', '0'),
(3162, 156, '21', '0'),
(3163, 156, '20', '0'),
(3164, 156, '23', '0'),
(3165, 156, '16', '0'),
(3166, 156, '24', '0'),
(3167, 156, '14', '0'),
(3168, 156, '33', '0'),
(3169, 156, '13', '0'),
(3170, 156, '17', '0'),
(3171, 156, '15', '0'),
(3172, 156, '31', '0'),
(3173, 156, '28', '0'),
(3174, 156, '32', '0'),
(3175, 156, '18', '0'),
(3176, 156, '29', '0'),
(3177, 156, '19', '0'),
(3178, 156, '27', '0'),
(3179, 156, '30', '0'),
(3180, 156, '26', '0'),
(3181, 157, '13', '0'),
(3182, 157, '14', '0'),
(3183, 157, '19', '0'),
(3184, 157, '29', '0'),
(3185, 157, '22', '0'),
(3186, 157, '28', '0'),
(3187, 157, '16', '0'),
(3188, 157, '18', '0'),
(3189, 157, '15', '0'),
(3190, 157, '32', '0'),
(3191, 157, '33', '0'),
(3192, 157, '17', '0'),
(3193, 157, '31', '0'),
(3194, 157, '23', '0'),
(3195, 157, '27', '0'),
(3196, 157, '21', '0'),
(3197, 157, '25', '0'),
(3198, 157, '26', '0'),
(3199, 157, '20', '0'),
(3200, 157, '24', '0'),
(3201, 158, '20', '0'),
(3202, 158, '17', '0'),
(3203, 158, '19', '0'),
(3204, 158, '15', '0'),
(3205, 158, '29', '0'),
(3206, 158, '21', '0'),
(3207, 158, '24', '0'),
(3208, 158, '30', '0'),
(3209, 158, '23', '0'),
(3210, 158, '27', '0'),
(3211, 158, '13', '0'),
(3212, 158, '26', '0'),
(3213, 158, '33', '0'),
(3214, 158, '31', '0'),
(3215, 158, '22', '0'),
(3216, 158, '18', '0'),
(3217, 158, '14', '0'),
(3218, 158, '25', '0'),
(3219, 158, '32', '0'),
(3220, 158, '16', '0'),
(3221, 159, '22', '0'),
(3222, 159, '21', '0'),
(3223, 159, '31', '0'),
(3224, 159, '14', '0'),
(3225, 159, '13', '0'),
(3226, 159, '26', '0'),
(3227, 159, '19', '0'),
(3228, 159, '15', '0'),
(3229, 159, '27', '0'),
(3230, 159, '18', '0'),
(3231, 159, '20', '0'),
(3232, 159, '24', '0'),
(3233, 159, '30', '0'),
(3234, 159, '32', '0'),
(3235, 159, '17', '0'),
(3236, 159, '23', '0'),
(3237, 159, '29', '0'),
(3238, 159, '33', '0'),
(3239, 159, '16', '0'),
(3240, 159, '25', '0'),
(3241, 160, '27', '0'),
(3242, 160, '24', '0'),
(3243, 160, '18', '0'),
(3244, 160, '13', '0'),
(3245, 160, '31', '0'),
(3246, 160, '26', '0'),
(3247, 160, '20', '0'),
(3248, 160, '16', '0'),
(3249, 160, '15', '0'),
(3250, 160, '29', '0'),
(3251, 160, '19', '0'),
(3252, 160, '28', '0'),
(3253, 160, '14', '0'),
(3254, 160, '17', '0'),
(3255, 160, '25', '0'),
(3256, 160, '21', '0'),
(3257, 160, '30', '0'),
(3258, 160, '22', '0'),
(3259, 160, '23', '0'),
(3260, 160, '32', '0'),
(3261, 161, '21', '0'),
(3262, 161, '27', '0'),
(3263, 161, '26', '0'),
(3264, 161, '18', '0'),
(3265, 161, '32', '0'),
(3266, 161, '20', '0'),
(3267, 161, '14', '0'),
(3268, 161, '23', '0'),
(3269, 161, '24', '0'),
(3270, 161, '30', '0'),
(3271, 161, '19', '0'),
(3272, 161, '29', '0'),
(3273, 161, '31', '0'),
(3274, 161, '13', '0'),
(3275, 161, '16', '0'),
(3276, 161, '25', '0'),
(3277, 161, '22', '0'),
(3278, 161, '15', '0'),
(3279, 161, '33', '0'),
(3280, 161, '28', '0'),
(3281, 162, '32', '0'),
(3282, 162, '19', '0'),
(3283, 162, '20', '0'),
(3284, 162, '17', '0'),
(3285, 162, '14', '0'),
(3286, 162, '16', '0'),
(3287, 162, '18', '0'),
(3288, 162, '26', '0'),
(3289, 162, '28', '0'),
(3290, 162, '27', '0'),
(3291, 162, '23', '0'),
(3292, 162, '21', '0'),
(3293, 162, '13', '0'),
(3294, 162, '29', '0'),
(3295, 162, '22', '0'),
(3296, 162, '31', '0'),
(3297, 162, '33', '0'),
(3298, 162, '25', '0'),
(3299, 162, '15', '0'),
(3300, 162, '24', '0'),
(3301, 163, '17', '0'),
(3302, 163, '16', '0'),
(3303, 163, '26', '0'),
(3304, 163, '31', '0'),
(3305, 163, '13', '0'),
(3306, 163, '15', '0'),
(3307, 163, '27', '0'),
(3308, 163, '14', '0'),
(3309, 163, '29', '0'),
(3310, 163, '32', '0'),
(3311, 163, '30', '0'),
(3312, 163, '21', '0'),
(3313, 163, '18', '0'),
(3314, 163, '33', '0'),
(3315, 163, '24', '0'),
(3316, 163, '28', '0'),
(3317, 163, '25', '0'),
(3318, 163, '20', '0'),
(3319, 163, '23', '0'),
(3320, 163, '22', '0'),
(3321, 164, '26', '0'),
(3322, 164, '17', '0'),
(3323, 164, '15', '0'),
(3324, 164, '27', '0'),
(3325, 164, '19', '0'),
(3326, 164, '20', '0'),
(3327, 164, '18', '0'),
(3328, 164, '24', '0'),
(3329, 164, '13', '0'),
(3330, 164, '33', '0'),
(3331, 164, '21', '0'),
(3332, 164, '31', '0'),
(3333, 164, '14', '0'),
(3334, 164, '22', '0'),
(3335, 164, '16', '0'),
(3336, 164, '30', '0'),
(3337, 164, '23', '0'),
(3338, 164, '28', '0'),
(3339, 164, '29', '0'),
(3340, 164, '25', '0'),
(3341, 165, '17', '0'),
(3342, 165, '25', '0'),
(3343, 165, '18', '0'),
(3344, 165, '21', '0'),
(3345, 165, '29', '0'),
(3346, 165, '32', '0'),
(3347, 165, '26', '0'),
(3348, 165, '15', '0'),
(3349, 165, '27', '0'),
(3350, 165, '13', '0'),
(3351, 165, '33', '0'),
(3352, 165, '30', '0'),
(3353, 165, '28', '0'),
(3354, 165, '23', '0'),
(3355, 165, '16', '0'),
(3356, 165, '19', '0'),
(3357, 165, '22', '0'),
(3358, 165, '14', '0'),
(3359, 165, '20', '0'),
(3360, 165, '24', '0'),
(3361, 166, '23', '0'),
(3362, 166, '24', '0'),
(3363, 166, '19', '0'),
(3364, 166, '17', '0'),
(3365, 166, '33', '0'),
(3366, 166, '20', '0'),
(3367, 166, '25', '0'),
(3368, 166, '28', '0'),
(3369, 166, '22', '0'),
(3370, 166, '14', '0'),
(3371, 166, '27', '0'),
(3372, 166, '13', '0'),
(3373, 166, '15', '0'),
(3374, 166, '29', '0'),
(3375, 166, '31', '0'),
(3376, 166, '32', '0'),
(3377, 166, '21', '0'),
(3378, 166, '26', '0'),
(3379, 166, '18', '0'),
(3380, 166, '16', '0'),
(3381, 167, '26', '0'),
(3382, 167, '31', '0'),
(3383, 167, '23', '0'),
(3384, 167, '13', '0'),
(3385, 167, '14', '0'),
(3386, 167, '28', '0'),
(3387, 167, '17', '0'),
(3388, 167, '32', '0'),
(3389, 167, '16', '0'),
(3390, 167, '29', '0'),
(3391, 167, '18', '0'),
(3392, 167, '15', '0'),
(3393, 167, '25', '0'),
(3394, 167, '21', '0'),
(3395, 167, '33', '0'),
(3396, 167, '19', '0'),
(3397, 167, '30', '0'),
(3398, 167, '24', '0'),
(3399, 167, '27', '0'),
(3400, 167, '20', '0'),
(3401, 168, '31', '0'),
(3402, 168, '32', '0'),
(3403, 168, '14', '0'),
(3404, 168, '16', '0'),
(3405, 168, '23', '0'),
(3406, 168, '29', '0'),
(3407, 168, '20', '0'),
(3408, 168, '15', '0'),
(3409, 168, '27', '0'),
(3410, 168, '25', '0'),
(3411, 168, '22', '0'),
(3412, 168, '30', '0'),
(3413, 168, '33', '0'),
(3414, 168, '19', '0'),
(3415, 168, '28', '0'),
(3416, 168, '26', '0'),
(3417, 168, '13', '0'),
(3418, 168, '18', '0'),
(3419, 168, '21', '0'),
(3420, 168, '17', '0'),
(3421, 169, '30', '0'),
(3422, 169, '15', '0'),
(3423, 169, '26', '0'),
(3424, 169, '24', '0'),
(3425, 169, '28', '0'),
(3426, 169, '18', '0'),
(3427, 169, '17', '0'),
(3428, 169, '32', '0'),
(3429, 169, '20', '0'),
(3430, 169, '16', '0'),
(3431, 169, '22', '0'),
(3432, 169, '31', '0'),
(3433, 169, '19', '0'),
(3434, 169, '29', '0'),
(3435, 169, '13', '0'),
(3436, 169, '14', '0'),
(3437, 169, '33', '0'),
(3438, 169, '25', '0'),
(3439, 169, '27', '0'),
(3440, 169, '21', '0'),
(3441, 170, '13', '0'),
(3442, 170, '24', '0'),
(3443, 170, '32', '0'),
(3444, 170, '17', '0'),
(3445, 170, '16', '0'),
(3446, 170, '29', '0'),
(3447, 170, '15', '0'),
(3448, 170, '25', '0'),
(3449, 170, '23', '0'),
(3450, 170, '19', '0'),
(3451, 170, '18', '0'),
(3452, 170, '21', '0'),
(3453, 170, '28', '0'),
(3454, 170, '26', '0'),
(3455, 170, '22', '0'),
(3456, 170, '31', '0'),
(3457, 170, '30', '0'),
(3458, 170, '20', '0'),
(3459, 170, '14', '0'),
(3460, 170, '27', '0'),
(3461, 171, '16', '0'),
(3462, 171, '27', '0'),
(3463, 171, '20', '0'),
(3464, 171, '21', '0'),
(3465, 171, '25', '0'),
(3466, 171, '19', '0'),
(3467, 171, '14', '0'),
(3468, 171, '28', '0'),
(3469, 171, '13', '0'),
(3470, 171, '23', '0'),
(3471, 171, '33', '0'),
(3472, 171, '22', '0'),
(3473, 171, '17', '0'),
(3474, 171, '30', '0'),
(3475, 171, '18', '0'),
(3476, 171, '26', '0'),
(3477, 171, '24', '0'),
(3478, 171, '32', '0'),
(3479, 171, '15', '0'),
(3480, 171, '31', '0'),
(3481, 172, '14', '0'),
(3482, 172, '21', '0'),
(3483, 172, '23', '0'),
(3484, 172, '17', '0'),
(3485, 172, '26', '0'),
(3486, 172, '29', '0'),
(3487, 172, '13', '0'),
(3488, 172, '28', '0'),
(3489, 172, '30', '0'),
(3490, 172, '22', '0'),
(3491, 172, '27', '0'),
(3492, 172, '20', '0'),
(3493, 172, '25', '0'),
(3494, 172, '33', '0'),
(3495, 172, '18', '0'),
(3496, 172, '19', '0'),
(3497, 172, '16', '0'),
(3498, 172, '31', '0'),
(3499, 172, '24', '0'),
(3500, 172, '15', '0'),
(3501, 173, '23', '0'),
(3502, 173, '19', '0'),
(3503, 173, '32', '0'),
(3504, 173, '14', '0'),
(3505, 173, '26', '0'),
(3506, 173, '29', '0'),
(3507, 173, '13', '0'),
(3508, 173, '31', '0'),
(3509, 173, '24', '0'),
(3510, 173, '22', '0'),
(3511, 173, '25', '0'),
(3512, 173, '15', '0'),
(3513, 173, '20', '0'),
(3514, 173, '28', '0'),
(3515, 173, '16', '0'),
(3516, 173, '30', '0'),
(3517, 173, '17', '0'),
(3518, 173, '21', '0'),
(3519, 173, '18', '0'),
(3520, 173, '33', '0'),
(3521, 174, '14', '0'),
(3522, 174, '22', '0'),
(3523, 174, '19', '0'),
(3524, 174, '28', '0'),
(3525, 174, '24', '0'),
(3526, 174, '26', '0'),
(3527, 174, '17', '0'),
(3528, 174, '32', '0'),
(3529, 174, '21', '0'),
(3530, 174, '18', '0'),
(3531, 174, '27', '0'),
(3532, 174, '33', '0'),
(3533, 174, '30', '0'),
(3534, 174, '23', '0'),
(3535, 174, '15', '0'),
(3536, 174, '25', '0'),
(3537, 174, '16', '0'),
(3538, 174, '20', '0'),
(3539, 174, '29', '0'),
(3540, 174, '13', '0'),
(3541, 175, '28', '0'),
(3542, 175, '23', '0'),
(3543, 175, '30', '0'),
(3544, 175, '20', '0'),
(3545, 175, '29', '0'),
(3546, 175, '25', '0'),
(3547, 175, '17', '0'),
(3548, 175, '27', '0'),
(3549, 175, '32', '0'),
(3550, 175, '24', '0'),
(3551, 175, '26', '0'),
(3552, 175, '31', '0'),
(3553, 175, '14', '0'),
(3554, 175, '22', '0'),
(3555, 175, '19', '0'),
(3556, 175, '13', '0'),
(3557, 175, '21', '0'),
(3558, 175, '18', '0'),
(3559, 175, '16', '0'),
(3560, 175, '33', '0'),
(3561, 176, '16', '0'),
(3562, 176, '30', '0'),
(3563, 176, '33', '0'),
(3564, 176, '14', '0'),
(3565, 176, '19', '0'),
(3566, 176, '28', '0'),
(3567, 176, '13', '0'),
(3568, 176, '15', '0'),
(3569, 176, '24', '0'),
(3570, 176, '21', '0'),
(3571, 176, '18', '0'),
(3572, 176, '23', '0'),
(3573, 176, '26', '0'),
(3574, 176, '27', '0'),
(3575, 176, '32', '0'),
(3576, 176, '20', '0'),
(3577, 176, '31', '0'),
(3578, 176, '29', '0'),
(3579, 176, '25', '0'),
(3580, 176, '22', '0'),
(3581, 177, '29', '0'),
(3582, 177, '20', '0'),
(3583, 177, '27', '0'),
(3584, 177, '13', '0'),
(3585, 177, '22', '0'),
(3586, 177, '17', '0'),
(3587, 177, '15', '0'),
(3588, 177, '33', '0'),
(3589, 177, '31', '0'),
(3590, 177, '19', '0'),
(3591, 177, '18', '0'),
(3592, 177, '23', '0'),
(3593, 177, '21', '0'),
(3594, 177, '14', '0'),
(3595, 177, '30', '0'),
(3596, 177, '16', '0'),
(3597, 177, '25', '0'),
(3598, 177, '26', '0'),
(3599, 177, '28', '0'),
(3600, 177, '32', '0'),
(3601, 178, '16', '0'),
(3602, 178, '33', '0'),
(3603, 178, '30', '0'),
(3604, 178, '13', '0'),
(3605, 178, '15', '0'),
(3606, 178, '31', '0'),
(3607, 178, '24', '0'),
(3608, 178, '28', '0'),
(3609, 178, '20', '0'),
(3610, 178, '29', '0'),
(3611, 178, '23', '0'),
(3612, 178, '26', '0'),
(3613, 178, '18', '0'),
(3614, 178, '19', '0'),
(3615, 178, '22', '0'),
(3616, 178, '17', '0'),
(3617, 178, '25', '0'),
(3618, 178, '14', '0'),
(3619, 178, '32', '0'),
(3620, 178, '21', '0'),
(3621, 179, '17', '0'),
(3622, 179, '25', '0'),
(3623, 179, '27', '0'),
(3624, 179, '20', '0'),
(3625, 179, '32', '0'),
(3626, 179, '24', '0'),
(3627, 179, '16', '0'),
(3628, 179, '23', '0'),
(3629, 179, '15', '0'),
(3630, 179, '22', '0'),
(3631, 179, '14', '0'),
(3632, 179, '28', '0'),
(3633, 179, '21', '0'),
(3634, 179, '13', '0'),
(3635, 179, '30', '0'),
(3636, 179, '18', '0'),
(3637, 179, '26', '0'),
(3638, 179, '33', '0'),
(3639, 179, '31', '0'),
(3640, 179, '29', '0'),
(3641, 180, '18', '0'),
(3642, 180, '16', '0'),
(3643, 180, '31', '0'),
(3644, 180, '21', '0'),
(3645, 180, '22', '0'),
(3646, 180, '27', '0'),
(3647, 180, '17', '0'),
(3648, 180, '33', '0'),
(3649, 180, '23', '0'),
(3650, 180, '28', '0'),
(3651, 180, '14', '0'),
(3652, 180, '30', '0'),
(3653, 180, '25', '0'),
(3654, 180, '29', '0'),
(3655, 180, '19', '0'),
(3656, 180, '26', '0'),
(3657, 180, '32', '0'),
(3658, 180, '15', '0'),
(3659, 180, '20', '0'),
(3660, 180, '24', '0'),
(3661, 181, '14', '0'),
(3662, 181, '33', '0'),
(3663, 181, '25', '0'),
(3664, 181, '32', '0'),
(3665, 181, '31', '0'),
(3666, 181, '18', '0'),
(3667, 181, '26', '0'),
(3668, 181, '24', '0'),
(3669, 181, '27', '0'),
(3670, 181, '16', '0'),
(3671, 181, '15', '0'),
(3672, 181, '13', '0'),
(3673, 181, '20', '0'),
(3674, 181, '19', '0'),
(3675, 181, '22', '0'),
(3676, 181, '29', '0'),
(3677, 181, '30', '0'),
(3678, 181, '23', '0'),
(3679, 181, '21', '0'),
(3680, 181, '17', '0'),
(3681, 182, '15', '0'),
(3682, 182, '31', '0'),
(3683, 182, '22', '0'),
(3684, 182, '33', '0'),
(3685, 182, '28', '0'),
(3686, 182, '16', '0'),
(3687, 182, '30', '0'),
(3688, 182, '17', '0'),
(3689, 182, '13', '0'),
(3690, 182, '20', '0'),
(3691, 182, '27', '0'),
(3692, 182, '19', '0'),
(3693, 182, '14', '0'),
(3694, 182, '23', '0'),
(3695, 182, '18', '0'),
(3696, 182, '21', '0'),
(3697, 182, '25', '0'),
(3698, 182, '32', '0'),
(3699, 182, '26', '0'),
(3700, 182, '29', '0'),
(3701, 183, '26', '0'),
(3702, 183, '23', '0'),
(3703, 183, '32', '0'),
(3704, 183, '27', '0'),
(3705, 183, '21', '0'),
(3706, 183, '30', '0'),
(3707, 183, '19', '0'),
(3708, 183, '29', '0'),
(3709, 183, '15', '0'),
(3710, 183, '20', '0'),
(3711, 183, '33', '0'),
(3712, 183, '22', '0'),
(3713, 183, '17', '0'),
(3714, 183, '28', '0'),
(3715, 183, '24', '0'),
(3716, 183, '13', '0'),
(3717, 183, '14', '0'),
(3718, 183, '18', '0'),
(3719, 183, '16', '0'),
(3720, 183, '31', '0'),
(3721, 184, '26', '0'),
(3722, 184, '21', '0'),
(3723, 184, '27', '0'),
(3724, 184, '33', '0'),
(3725, 184, '31', '0'),
(3726, 184, '22', '0'),
(3727, 184, '18', '0'),
(3728, 184, '19', '0'),
(3729, 184, '17', '0'),
(3730, 184, '30', '0'),
(3731, 184, '24', '0'),
(3732, 184, '16', '0'),
(3733, 184, '25', '0'),
(3734, 184, '15', '0'),
(3735, 184, '13', '0'),
(3736, 184, '28', '0'),
(3737, 184, '20', '0'),
(3738, 184, '23', '0'),
(3739, 184, '29', '0'),
(3740, 184, '14', '0'),
(3741, 185, '23', '0'),
(3742, 185, '25', '0'),
(3743, 185, '19', '0'),
(3744, 185, '18', '0'),
(3745, 185, '30', '0'),
(3746, 185, '17', '0'),
(3747, 185, '33', '0'),
(3748, 185, '15', '0'),
(3749, 185, '24', '0'),
(3750, 185, '13', '0'),
(3751, 185, '31', '0'),
(3752, 185, '29', '0'),
(3753, 185, '27', '0'),
(3754, 185, '26', '0'),
(3755, 185, '16', '0'),
(3756, 185, '22', '0'),
(3757, 185, '32', '0'),
(3758, 185, '21', '0'),
(3759, 185, '14', '0'),
(3760, 185, '20', '0'),
(3761, 186, '30', '0'),
(3762, 186, '15', '0'),
(3763, 186, '13', '0'),
(3764, 186, '26', '0'),
(3765, 186, '16', '0'),
(3766, 186, '20', '0'),
(3767, 186, '21', '0'),
(3768, 186, '25', '0'),
(3769, 186, '17', '0'),
(3770, 186, '19', '0'),
(3771, 186, '29', '0'),
(3772, 186, '32', '0'),
(3773, 186, '33', '0'),
(3774, 186, '23', '0'),
(3775, 186, '14', '0'),
(3776, 186, '22', '0'),
(3777, 186, '31', '0'),
(3778, 186, '28', '0'),
(3779, 186, '24', '0'),
(3780, 186, '27', '0'),
(3781, 187, '24', '0'),
(3782, 187, '14', '0'),
(3783, 187, '21', '0'),
(3784, 187, '16', '0'),
(3785, 187, '13', '0'),
(3786, 187, '30', '0'),
(3787, 187, '33', '0'),
(3788, 187, '28', '0'),
(3789, 187, '25', '0'),
(3790, 187, '31', '0'),
(3791, 187, '18', '0'),
(3792, 187, '27', '0'),
(3793, 187, '17', '0'),
(3794, 187, '32', '0'),
(3795, 187, '20', '0'),
(3796, 187, '22', '0'),
(3797, 187, '15', '0'),
(3798, 187, '29', '0'),
(3799, 187, '23', '0'),
(3800, 187, '19', '0'),
(3801, 188, '28', '0'),
(3802, 188, '32', '0'),
(3803, 188, '25', '0'),
(3804, 188, '18', '0'),
(3805, 188, '17', '0'),
(3806, 188, '27', '0'),
(3807, 188, '30', '0'),
(3808, 188, '22', '0'),
(3809, 188, '20', '0'),
(3810, 188, '33', '0'),
(3811, 188, '29', '0'),
(3812, 188, '15', '0'),
(3813, 188, '24', '0'),
(3814, 188, '26', '0'),
(3815, 188, '14', '0'),
(3816, 188, '21', '0'),
(3817, 188, '23', '0'),
(3818, 188, '13', '0'),
(3819, 188, '19', '0'),
(3820, 188, '16', '0'),
(3821, 189, '21', '0'),
(3822, 189, '33', '0'),
(3823, 189, '24', '0'),
(3824, 189, '20', '0'),
(3825, 189, '18', '0'),
(3826, 189, '14', '0'),
(3827, 189, '26', '0'),
(3828, 189, '29', '0'),
(3829, 189, '15', '0'),
(3830, 189, '27', '0'),
(3831, 189, '25', '0'),
(3832, 189, '22', '0'),
(3833, 189, '19', '0'),
(3834, 189, '17', '0'),
(3835, 189, '13', '0'),
(3836, 189, '31', '0'),
(3837, 189, '32', '0'),
(3838, 189, '23', '0'),
(3839, 189, '28', '0'),
(3840, 189, '16', '0'),
(3841, 190, '19', '0'),
(3842, 190, '23', '0'),
(3843, 190, '16', '0'),
(3844, 190, '13', '0'),
(3845, 190, '18', '0'),
(3846, 190, '28', '0'),
(3847, 190, '25', '0'),
(3848, 190, '31', '0'),
(3849, 190, '26', '0'),
(3850, 190, '33', '0'),
(3851, 190, '21', '0'),
(3852, 190, '14', '0'),
(3853, 190, '29', '0'),
(3854, 190, '32', '0'),
(3855, 190, '24', '0'),
(3856, 190, '20', '0'),
(3857, 190, '22', '0'),
(3858, 190, '27', '0'),
(3859, 190, '15', '0'),
(3860, 190, '17', '0'),
(3861, 191, '19', '0'),
(3862, 191, '32', '0'),
(3863, 191, '14', '0'),
(3864, 191, '24', '0'),
(3865, 191, '13', '0'),
(3866, 191, '17', '0'),
(3867, 191, '25', '0'),
(3868, 191, '29', '0'),
(3869, 191, '27', '0'),
(3870, 191, '30', '0'),
(3871, 191, '26', '0'),
(3872, 191, '16', '0'),
(3873, 191, '28', '0'),
(3874, 191, '23', '0'),
(3875, 191, '18', '0'),
(3876, 191, '15', '0'),
(3877, 191, '20', '0'),
(3878, 191, '21', '0'),
(3879, 191, '22', '0'),
(3880, 191, '33', '0'),
(3881, 192, '23', '0'),
(3882, 192, '18', '0'),
(3883, 192, '19', '0'),
(3884, 192, '21', '0'),
(3885, 192, '31', '0'),
(3886, 192, '25', '0'),
(3887, 192, '13', '0'),
(3888, 192, '33', '0'),
(3889, 192, '16', '0'),
(3890, 192, '15', '0'),
(3891, 192, '27', '0'),
(3892, 192, '24', '0'),
(3893, 192, '26', '0'),
(3894, 192, '30', '0'),
(3895, 192, '20', '0'),
(3896, 192, '28', '0'),
(3897, 192, '22', '0'),
(3898, 192, '17', '0'),
(3899, 192, '32', '0'),
(3900, 192, '29', '0'),
(3901, 193, '29', '0'),
(3902, 193, '17', '0'),
(3903, 193, '21', '0'),
(3904, 193, '30', '0'),
(3905, 193, '23', '0'),
(3906, 193, '25', '0'),
(3907, 193, '26', '0'),
(3908, 193, '16', '0'),
(3909, 193, '33', '0'),
(3910, 193, '20', '0'),
(3911, 193, '28', '0'),
(3912, 193, '15', '0'),
(3913, 193, '18', '0'),
(3914, 193, '27', '0'),
(3915, 193, '31', '0'),
(3916, 193, '22', '0'),
(3917, 193, '13', '0'),
(3918, 193, '19', '0'),
(3919, 193, '32', '0'),
(3920, 193, '14', '0'),
(3921, 194, '18', '0'),
(3922, 194, '14', '0'),
(3923, 194, '33', '0'),
(3924, 194, '24', '0'),
(3925, 194, '15', '0'),
(3926, 194, '30', '0'),
(3927, 194, '23', '0'),
(3928, 194, '17', '0'),
(3929, 194, '22', '0'),
(3930, 194, '28', '0'),
(3931, 194, '26', '0'),
(3932, 194, '16', '0'),
(3933, 194, '29', '0'),
(3934, 194, '31', '0'),
(3935, 194, '19', '0'),
(3936, 194, '27', '0'),
(3937, 194, '21', '0'),
(3938, 194, '32', '0'),
(3939, 194, '20', '0'),
(3940, 194, '25', '0'),
(3941, 195, '33', '0'),
(3942, 195, '22', '0'),
(3943, 195, '29', '0'),
(3944, 195, '25', '0'),
(3945, 195, '24', '0'),
(3946, 195, '14', '0'),
(3947, 195, '18', '0'),
(3948, 195, '19', '0'),
(3949, 195, '26', '0'),
(3950, 195, '13', '0'),
(3951, 195, '27', '0'),
(3952, 195, '23', '0'),
(3953, 195, '30', '0'),
(3954, 195, '31', '0'),
(3955, 195, '20', '0'),
(3956, 195, '28', '0'),
(3957, 195, '17', '0'),
(3958, 195, '32', '0'),
(3959, 195, '21', '0'),
(3960, 195, '16', '0'),
(3961, 196, '26', '0'),
(3962, 196, '27', '0'),
(3963, 196, '30', '0'),
(3964, 196, '20', '0'),
(3965, 196, '28', '0'),
(3966, 196, '22', '0'),
(3967, 196, '32', '0'),
(3968, 196, '24', '0'),
(3969, 196, '18', '0'),
(3970, 196, '23', '0'),
(3971, 196, '25', '0'),
(3972, 196, '19', '0'),
(3973, 196, '16', '0'),
(3974, 196, '33', '0'),
(3975, 196, '31', '0'),
(3976, 196, '21', '0'),
(3977, 196, '14', '0'),
(3978, 196, '29', '0'),
(3979, 196, '13', '0'),
(3980, 196, '17', '0'),
(3981, 197, '13', '0'),
(3982, 197, '32', '0'),
(3983, 197, '31', '0'),
(3984, 197, '30', '0'),
(3985, 197, '17', '0'),
(3986, 197, '27', '0'),
(3987, 197, '33', '0'),
(3988, 197, '28', '0'),
(3989, 197, '16', '0'),
(3990, 197, '14', '0'),
(3991, 197, '22', '0'),
(3992, 197, '21', '0'),
(3993, 197, '25', '0'),
(3994, 197, '24', '0'),
(3995, 197, '29', '0'),
(3996, 197, '20', '0'),
(3997, 197, '23', '0'),
(3998, 197, '19', '0'),
(3999, 197, '18', '0'),
(4000, 197, '15', '0'),
(4001, 198, '24', '0'),
(4002, 198, '16', '0'),
(4003, 198, '30', '0'),
(4004, 198, '21', '0'),
(4005, 198, '22', '0'),
(4006, 198, '27', '0'),
(4007, 198, '13', '0'),
(4008, 198, '14', '0'),
(4009, 198, '23', '0'),
(4010, 198, '25', '0'),
(4011, 198, '33', '0'),
(4012, 198, '29', '0'),
(4013, 198, '26', '0'),
(4014, 198, '31', '0'),
(4015, 198, '19', '0'),
(4016, 198, '20', '0'),
(4017, 198, '17', '0'),
(4018, 198, '15', '0'),
(4019, 198, '28', '0'),
(4020, 198, '18', '0'),
(4021, 199, '17', '0'),
(4022, 199, '14', '0'),
(4023, 199, '19', '0'),
(4024, 199, '33', '0'),
(4025, 199, '25', '0'),
(4026, 199, '15', '0'),
(4027, 199, '13', '0'),
(4028, 199, '30', '0'),
(4029, 199, '29', '0'),
(4030, 199, '18', '0'),
(4031, 199, '27', '0'),
(4032, 199, '21', '0'),
(4033, 199, '28', '0'),
(4034, 199, '26', '0'),
(4035, 199, '20', '0'),
(4036, 199, '16', '0'),
(4037, 199, '23', '0'),
(4038, 199, '31', '0'),
(4039, 199, '24', '0'),
(4040, 199, '22', '0'),
(4041, 200, '23', '0'),
(4042, 200, '18', '0'),
(4043, 200, '22', '0'),
(4044, 200, '16', '0'),
(4045, 200, '32', '0'),
(4046, 200, '28', '0'),
(4047, 200, '19', '0'),
(4048, 200, '17', '0'),
(4049, 200, '20', '0'),
(4050, 200, '25', '0'),
(4051, 200, '14', '0'),
(4052, 200, '15', '0'),
(4053, 200, '30', '0'),
(4054, 200, '29', '0'),
(4055, 200, '26', '0'),
(4056, 200, '31', '0'),
(4057, 200, '33', '0'),
(4058, 200, '21', '0'),
(4059, 200, '27', '0'),
(4060, 200, '24', '0'),
(4061, 201, '15', '0'),
(4062, 201, '19', '0'),
(4063, 201, '32', '0'),
(4064, 201, '30', '0'),
(4065, 201, '18', '0'),
(4066, 201, '26', '0'),
(4067, 201, '27', '0'),
(4068, 201, '29', '0'),
(4069, 201, '16', '0'),
(4070, 201, '23', '0'),
(4071, 201, '31', '0'),
(4072, 201, '22', '0'),
(4073, 201, '25', '0'),
(4074, 201, '20', '0'),
(4075, 201, '14', '0'),
(4076, 201, '21', '0'),
(4077, 201, '13', '0'),
(4078, 201, '24', '0'),
(4079, 201, '33', '0'),
(4080, 201, '17', '0'),
(4081, 202, '20', '0'),
(4082, 202, '19', '0'),
(4083, 202, '27', '0'),
(4084, 202, '18', '0'),
(4085, 202, '17', '0'),
(4086, 202, '32', '0'),
(4087, 202, '24', '0'),
(4088, 202, '13', '0'),
(4089, 202, '33', '0'),
(4090, 202, '31', '0'),
(4091, 202, '29', '0'),
(4092, 202, '25', '0'),
(4093, 202, '22', '0'),
(4094, 202, '14', '0'),
(4095, 202, '30', '0'),
(4096, 202, '15', '0'),
(4097, 202, '26', '0'),
(4098, 202, '23', '0'),
(4099, 202, '16', '0'),
(4100, 202, '21', '0'),
(4101, 203, '26', '0'),
(4102, 203, '33', '0'),
(4103, 203, '31', '0'),
(4104, 203, '22', '0'),
(4105, 203, '27', '0'),
(4106, 203, '24', '0'),
(4107, 203, '15', '0'),
(4108, 203, '25', '0'),
(4109, 203, '13', '0'),
(4110, 203, '20', '0'),
(4111, 203, '23', '0'),
(4112, 203, '19', '0'),
(4113, 203, '29', '0'),
(4114, 203, '28', '0'),
(4115, 203, '32', '0'),
(4116, 203, '21', '0'),
(4117, 203, '18', '0'),
(4118, 203, '16', '0'),
(4119, 203, '14', '0'),
(4120, 203, '30', '0'),
(4121, 204, '15', '0'),
(4122, 204, '19', '0'),
(4123, 204, '14', '0'),
(4124, 204, '26', '0'),
(4125, 204, '31', '0'),
(4126, 204, '24', '0'),
(4127, 204, '17', '0'),
(4128, 204, '21', '0'),
(4129, 204, '33', '0'),
(4130, 204, '22', '0'),
(4131, 204, '13', '0'),
(4132, 204, '29', '0'),
(4133, 204, '25', '0'),
(4134, 204, '20', '0'),
(4135, 204, '32', '0'),
(4136, 204, '18', '0'),
(4137, 204, '30', '0'),
(4138, 204, '23', '0'),
(4139, 204, '28', '0'),
(4140, 204, '27', '0'),
(4141, 205, '26', '0'),
(4142, 205, '23', '0'),
(4143, 205, '27', '0'),
(4144, 205, '30', '0'),
(4145, 205, '18', '0'),
(4146, 205, '14', '0'),
(4147, 205, '24', '0'),
(4148, 205, '20', '0'),
(4149, 205, '19', '0'),
(4150, 205, '31', '0'),
(4151, 205, '32', '0'),
(4152, 205, '25', '0'),
(4153, 205, '28', '0'),
(4154, 205, '33', '0'),
(4155, 205, '22', '0'),
(4156, 205, '16', '0'),
(4157, 205, '21', '0'),
(4158, 205, '13', '0'),
(4159, 205, '29', '0'),
(4160, 205, '17', '0'),
(4161, 206, '29', '0'),
(4162, 206, '26', '0'),
(4163, 206, '20', '0'),
(4164, 206, '24', '0'),
(4165, 206, '30', '0'),
(4166, 206, '19', '0'),
(4167, 206, '32', '0'),
(4168, 206, '16', '0'),
(4169, 206, '18', '0'),
(4170, 206, '23', '0'),
(4171, 206, '15', '0'),
(4172, 206, '28', '0'),
(4173, 206, '17', '0'),
(4174, 206, '25', '0'),
(4175, 206, '22', '0'),
(4176, 206, '21', '0'),
(4177, 206, '31', '0'),
(4178, 206, '14', '0'),
(4179, 206, '13', '0'),
(4180, 206, '27', '0'),
(4181, 207, '32', '104'),
(4182, 207, '33', '107'),
(4183, 207, '24', '79'),
(4184, 207, '21', '72'),
(4185, 207, '22', '74'),
(4186, 207, '20', '67'),
(4187, 207, '30', '98'),
(4188, 207, '19', '64'),
(4189, 207, '29', '94'),
(4190, 207, '27', '88'),
(4191, 207, '17', '58'),
(4192, 207, '23', '78'),
(4193, 207, '14', '56'),
(4194, 207, '18', '62'),
(4195, 207, '31', '102'),
(4196, 207, '15', '52'),
(4197, 207, '16', '5'),
(4198, 207, '13', '126'),
(4199, 207, '26', '87'),
(4200, 207, '25', '84'),
(4201, 208, '18', '0'),
(4202, 208, '19', '0'),
(4203, 208, '29', '0'),
(4204, 208, '13', '0'),
(4205, 208, '15', '0'),
(4206, 208, '30', '0'),
(4207, 208, '14', '0'),
(4208, 208, '20', '0'),
(4209, 208, '31', '0'),
(4210, 208, '33', '0'),
(4211, 208, '21', '0'),
(4212, 208, '27', '0'),
(4213, 208, '23', '0'),
(4214, 208, '17', '0'),
(4215, 208, '24', '0'),
(4216, 208, '32', '0'),
(4217, 208, '28', '0'),
(4218, 208, '16', '0'),
(4219, 208, '26', '0'),
(4220, 208, '25', '0'),
(4221, 209, '19', '0'),
(4222, 209, '13', '0'),
(4223, 209, '33', '0'),
(4224, 209, '16', '0'),
(4225, 209, '15', '0'),
(4226, 209, '28', '0'),
(4227, 209, '26', '0'),
(4228, 209, '17', '0'),
(4229, 209, '20', '0'),
(4230, 209, '24', '0'),
(4231, 209, '25', '0'),
(4232, 209, '31', '0'),
(4233, 209, '22', '0'),
(4234, 209, '29', '0'),
(4235, 209, '21', '0'),
(4236, 209, '27', '0'),
(4237, 209, '23', '0'),
(4238, 209, '14', '0'),
(4239, 209, '30', '0'),
(4240, 209, '32', '0'),
(4241, 210, '31', '100'),
(4242, 210, '17', '58'),
(4243, 210, '26', '87'),
(4244, 210, '13', '124'),
(4245, 210, '30', '98'),
(4246, 210, '27', '90'),
(4247, 210, '14', '56'),
(4248, 210, '29', '94'),
(4249, 210, '20', '67'),
(4250, 210, '22', '74'),
(4251, 210, '32', '103'),
(4252, 210, '21', '72'),
(4253, 210, '19', '64'),
(4254, 210, '24', '79'),
(4255, 210, '16', '4'),
(4256, 210, '33', '108'),
(4257, 210, '28', '93'),
(4258, 210, '25', '84'),
(4259, 210, '23', '78'),
(4260, 210, '15', '53'),
(4261, 211, '18', '0'),
(4262, 211, '19', '0'),
(4263, 211, '20', '0'),
(4264, 211, '31', '0'),
(4265, 211, '32', '0'),
(4266, 211, '16', '0'),
(4267, 211, '28', '0'),
(4268, 211, '29', '0'),
(4269, 211, '30', '0'),
(4270, 211, '33', '0'),
(4271, 211, '21', '0'),
(4272, 211, '13', '0'),
(4273, 211, '25', '0'),
(4274, 211, '22', '0'),
(4275, 211, '17', '0'),
(4276, 211, '23', '0'),
(4277, 211, '15', '0'),
(4278, 211, '24', '0'),
(4279, 211, '27', '0'),
(4280, 211, '14', '0'),
(4281, 212, '28', '0'),
(4282, 212, '15', '0'),
(4283, 212, '23', '0'),
(4284, 212, '27', '0'),
(4285, 212, '18', '0'),
(4286, 212, '31', '0'),
(4287, 212, '24', '0'),
(4288, 212, '25', '0'),
(4289, 212, '22', '0'),
(4290, 212, '19', '0'),
(4291, 212, '14', '0'),
(4292, 212, '20', '0'),
(4293, 212, '30', '0'),
(4294, 212, '21', '0'),
(4295, 212, '33', '0'),
(4296, 212, '32', '0'),
(4297, 212, '16', '0'),
(4298, 212, '13', '0'),
(4299, 212, '26', '0'),
(4300, 212, '17', '0'),
(4301, 213, '28', '0'),
(4302, 213, '20', '67'),
(4303, 213, '21', '72'),
(4304, 213, '15', '53'),
(4305, 213, '24', '81'),
(4306, 213, '16', '4'),
(4307, 213, '26', '86'),
(4308, 213, '18', '63'),
(4309, 213, '29', '95'),
(4310, 213, '30', '97'),
(4311, 213, '25', '84'),
(4312, 213, '27', '88'),
(4313, 213, '22', '74'),
(4314, 213, '33', '108'),
(4315, 213, '32', '103'),
(4316, 213, '17', '60'),
(4317, 213, '14', '55'),
(4318, 213, '31', '101'),
(4319, 213, '19', '0'),
(4320, 213, '23', '76'),
(4321, 214, '29', '0'),
(4322, 214, '14', '0'),
(4323, 214, '31', '0'),
(4324, 214, '27', '0'),
(4325, 214, '21', '0'),
(4326, 214, '19', '0'),
(4327, 214, '22', '0'),
(4328, 214, '15', '0'),
(4329, 214, '20', '0'),
(4330, 214, '18', '0'),
(4331, 214, '17', '0'),
(4332, 214, '28', '0'),
(4333, 214, '33', '0'),
(4334, 214, '32', '0'),
(4335, 214, '26', '0'),
(4336, 214, '30', '0'),
(4337, 214, '13', '0'),
(4338, 214, '16', '0'),
(4339, 214, '25', '0'),
(4340, 214, '23', '0'),
(4341, 215, '15', '0'),
(4342, 215, '20', '0'),
(4343, 215, '26', '0'),
(4344, 215, '29', '0'),
(4345, 215, '23', '0'),
(4346, 215, '13', '0'),
(4347, 215, '27', '0'),
(4348, 215, '21', '0'),
(4349, 215, '31', '0'),
(4350, 215, '16', '0'),
(4351, 215, '22', '0'),
(4352, 215, '33', '0'),
(4353, 215, '25', '0'),
(4354, 215, '14', '0'),
(4355, 215, '18', '0'),
(4356, 215, '30', '0'),
(4357, 215, '28', '0'),
(4358, 215, '24', '0'),
(4359, 215, '32', '0'),
(4360, 215, '19', '0'),
(4361, 216, '26', '0'),
(4362, 216, '33', '0'),
(4363, 216, '19', '0'),
(4364, 216, '13', '0'),
(4365, 216, '22', '0'),
(4366, 216, '29', '0'),
(4367, 216, '20', '0'),
(4368, 216, '24', '0'),
(4369, 216, '28', '0'),
(4370, 216, '14', '0'),
(4371, 216, '25', '0'),
(4372, 216, '17', '0'),
(4373, 216, '15', '0'),
(4374, 216, '30', '0'),
(4375, 216, '32', '0'),
(4376, 216, '16', '0'),
(4377, 216, '31', '0'),
(4378, 216, '18', '0'),
(4379, 216, '23', '0'),
(4380, 216, '27', '0'),
(4381, 217, '29', '0'),
(4382, 217, '30', '0'),
(4383, 217, '23', '0'),
(4384, 217, '18', '0'),
(4385, 217, '32', '0'),
(4386, 217, '26', '0'),
(4387, 217, '31', '0'),
(4388, 217, '15', '0'),
(4389, 217, '33', '0'),
(4390, 217, '14', '0'),
(4391, 217, '24', '0'),
(4392, 217, '25', '0'),
(4393, 217, '16', '0'),
(4394, 217, '28', '0'),
(4395, 217, '17', '0'),
(4396, 217, '22', '0'),
(4397, 217, '13', '0'),
(4398, 217, '27', '0'),
(4399, 217, '21', '0'),
(4400, 217, '19', '0'),
(4401, 218, '22', '73'),
(4402, 218, '20', '69'),
(4403, 218, '32', '104'),
(4404, 218, '24', '81'),
(4405, 218, '19', '66'),
(4406, 218, '13', '124'),
(4407, 218, '27', '89'),
(4408, 218, '29', '96'),
(4409, 218, '14', '57'),
(4410, 218, '33', '106'),
(4411, 218, '25', '84'),
(4412, 218, '26', '86'),
(4413, 218, '28', '93'),
(4414, 218, '23', '78'),
(4415, 218, '31', '100'),
(4416, 218, '30', '97'),
(4417, 218, '16', '6'),
(4418, 218, '17', '60'),
(4419, 218, '21', '71'),
(4420, 218, '18', '61'),
(4421, 219, '33', '0'),
(4422, 219, '23', '0'),
(4423, 219, '24', '0'),
(4424, 219, '13', '0'),
(4425, 219, '20', '0'),
(4426, 219, '26', '0'),
(4427, 219, '30', '0'),
(4428, 219, '22', '0'),
(4429, 219, '16', '0'),
(4430, 219, '14', '0'),
(4431, 219, '25', '0'),
(4432, 219, '31', '0'),
(4433, 219, '27', '0'),
(4434, 219, '15', '0'),
(4435, 219, '17', '0'),
(4436, 219, '28', '0'),
(4437, 219, '18', '0'),
(4438, 219, '32', '0'),
(4439, 219, '29', '0'),
(4440, 219, '19', '0'),
(4441, 220, '31', '0'),
(4442, 220, '17', '0'),
(4443, 220, '14', '0'),
(4444, 220, '19', '0'),
(4445, 220, '32', '0'),
(4446, 220, '28', '0'),
(4447, 220, '18', '0'),
(4448, 220, '29', '0'),
(4449, 220, '21', '0'),
(4450, 220, '33', '0'),
(4451, 220, '26', '0'),
(4452, 220, '25', '0'),
(4453, 220, '15', '0'),
(4454, 220, '30', '0'),
(4455, 220, '27', '0'),
(4456, 220, '20', '0'),
(4457, 220, '22', '0'),
(4458, 220, '24', '0'),
(4459, 220, '23', '0'),
(4460, 220, '13', '0'),
(4461, 221, '19', '64'),
(4462, 221, '24', '79'),
(4463, 221, '32', '103'),
(4464, 221, '25', '82'),
(4465, 221, '27', '88'),
(4466, 221, '16', '4'),
(4467, 221, '22', '73'),
(4468, 221, '21', '70'),
(4469, 221, '31', '100'),
(4470, 221, '23', '77'),
(4471, 221, '29', '95'),
(4472, 221, '20', '68'),
(4473, 221, '26', '87'),
(4474, 221, '13', '0'),
(4475, 221, '18', '61'),
(4476, 221, '33', '106'),
(4477, 221, '14', '55'),
(4478, 221, '28', '91'),
(4479, 221, '30', '97'),
(4480, 221, '15', '52'),
(4481, 222, '14', '0'),
(4482, 222, '20', '0'),
(4483, 222, '17', '0'),
(4484, 222, '32', '0'),
(4485, 222, '13', '0'),
(4486, 222, '30', '0'),
(4487, 222, '23', '0'),
(4488, 222, '29', '0'),
(4489, 222, '28', '0'),
(4490, 222, '25', '0'),
(4491, 222, '31', '0'),
(4492, 222, '24', '0'),
(4493, 222, '18', '0'),
(4494, 222, '21', '0'),
(4495, 222, '16', '0'),
(4496, 222, '26', '0'),
(4497, 222, '19', '0'),
(4498, 222, '15', '0'),
(4499, 222, '33', '0'),
(4500, 222, '27', '0'),
(4501, 223, '28', '0'),
(4502, 223, '16', '0'),
(4503, 223, '24', '0'),
(4504, 223, '23', '0'),
(4505, 223, '32', '0'),
(4506, 223, '25', '0'),
(4507, 223, '15', '0'),
(4508, 223, '29', '0'),
(4509, 223, '33', '0'),
(4510, 223, '30', '0'),
(4511, 223, '21', '0'),
(4512, 223, '22', '0'),
(4513, 223, '31', '0'),
(4514, 223, '27', '0'),
(4515, 223, '26', '0'),
(4516, 223, '20', '0'),
(4517, 223, '17', '0'),
(4518, 223, '14', '0'),
(4519, 223, '13', '0'),
(4520, 223, '19', '0'),
(4521, 224, '17', '0'),
(4522, 224, '24', '0'),
(4523, 224, '22', '0'),
(4524, 224, '19', '0'),
(4525, 224, '16', '0'),
(4526, 224, '14', '0'),
(4527, 224, '21', '0'),
(4528, 224, '33', '0'),
(4529, 224, '13', '0'),
(4530, 224, '29', '0'),
(4531, 224, '30', '0'),
(4532, 224, '32', '0'),
(4533, 224, '31', '0'),
(4534, 224, '25', '0'),
(4535, 224, '15', '0'),
(4536, 224, '28', '0'),
(4537, 224, '26', '0'),
(4538, 224, '23', '0'),
(4539, 224, '27', '0'),
(4540, 224, '20', '0'),
(4541, 225, '27', '0'),
(4542, 225, '28', '0'),
(4543, 225, '26', '0'),
(4544, 225, '18', '0'),
(4545, 225, '29', '0'),
(4546, 225, '14', '0'),
(4547, 225, '33', '0'),
(4548, 225, '31', '0'),
(4549, 225, '32', '0'),
(4550, 225, '22', '0'),
(4551, 225, '21', '0'),
(4552, 225, '17', '0'),
(4553, 225, '16', '0'),
(4554, 225, '23', '0'),
(4555, 225, '13', '0'),
(4556, 225, '30', '0'),
(4557, 225, '25', '0'),
(4558, 225, '20', '0'),
(4559, 225, '19', '0'),
(4560, 225, '15', '0'),
(4561, 226, '18', '0'),
(4562, 226, '29', '0'),
(4563, 226, '14', '0'),
(4564, 226, '15', '0'),
(4565, 226, '19', '0'),
(4566, 226, '31', '0'),
(4567, 226, '28', '0'),
(4568, 226, '16', '0'),
(4569, 226, '26', '0'),
(4570, 226, '13', '0'),
(4571, 226, '23', '0'),
(4572, 226, '20', '0'),
(4573, 226, '22', '0'),
(4574, 226, '25', '0'),
(4575, 226, '21', '0'),
(4576, 226, '30', '0'),
(4577, 226, '17', '0'),
(4578, 226, '24', '0'),
(4579, 226, '33', '0'),
(4580, 226, '27', '0'),
(4581, 227, '21', '0'),
(4582, 227, '32', '0'),
(4583, 227, '25', '0'),
(4584, 227, '29', '0'),
(4585, 227, '20', '0'),
(4586, 227, '24', '0'),
(4587, 227, '28', '0'),
(4588, 227, '17', '0'),
(4589, 227, '22', '0'),
(4590, 227, '16', '0'),
(4591, 227, '26', '0'),
(4592, 227, '19', '0'),
(4593, 227, '31', '0'),
(4594, 227, '15', '0'),
(4595, 227, '30', '0'),
(4596, 227, '33', '0'),
(4597, 227, '18', '0'),
(4598, 227, '14', '0'),
(4599, 227, '13', '0'),
(4600, 227, '23', '0'),
(4601, 228, '31', '0'),
(4602, 228, '28', '0'),
(4603, 228, '32', '0'),
(4604, 228, '23', '0'),
(4605, 228, '18', '0'),
(4606, 228, '15', '0'),
(4607, 228, '17', '0'),
(4608, 228, '25', '0'),
(4609, 228, '14', '0'),
(4610, 228, '30', '0'),
(4611, 228, '16', '0'),
(4612, 228, '13', '0'),
(4613, 228, '19', '0'),
(4614, 228, '24', '0'),
(4615, 228, '29', '0'),
(4616, 228, '20', '0'),
(4617, 228, '27', '0'),
(4618, 228, '22', '0'),
(4619, 228, '33', '0'),
(4620, 228, '26', '0'),
(4621, 229, '19', '0'),
(4622, 229, '31', '0'),
(4623, 229, '26', '0'),
(4624, 229, '22', '0'),
(4625, 229, '15', '0'),
(4626, 229, '16', '0'),
(4627, 229, '29', '0'),
(4628, 229, '20', '0'),
(4629, 229, '13', '0'),
(4630, 229, '21', '0'),
(4631, 229, '33', '0'),
(4632, 229, '17', '0'),
(4633, 229, '27', '0'),
(4634, 229, '30', '0'),
(4635, 229, '28', '0'),
(4636, 229, '23', '0'),
(4637, 229, '25', '0'),
(4638, 229, '14', '0'),
(4639, 229, '24', '0'),
(4640, 229, '32', '0'),
(4641, 230, '29', '0'),
(4642, 230, '18', '0'),
(4643, 230, '22', '0'),
(4644, 230, '32', '0'),
(4645, 230, '21', '0'),
(4646, 230, '23', '0'),
(4647, 230, '28', '0'),
(4648, 230, '15', '0'),
(4649, 230, '25', '0'),
(4650, 230, '17', '0'),
(4651, 230, '27', '0'),
(4652, 230, '33', '0'),
(4653, 230, '31', '0'),
(4654, 230, '19', '0'),
(4655, 230, '20', '0'),
(4656, 230, '24', '0'),
(4657, 230, '13', '0'),
(4658, 230, '30', '0');
INSERT INTO `parper_ext` (`pid`, `tid`, `qid`, `eid`) VALUES
(4659, 230, '16', '0'),
(4660, 230, '26', '0'),
(4661, 231, '20', '0'),
(4662, 231, '33', '0'),
(4663, 231, '27', '0'),
(4664, 231, '28', '0'),
(4665, 231, '18', '0'),
(4666, 231, '29', '0'),
(4667, 231, '13', '0'),
(4668, 231, '31', '0'),
(4669, 231, '19', '0'),
(4670, 231, '21', '0'),
(4671, 231, '24', '0'),
(4672, 231, '22', '0'),
(4673, 231, '25', '0'),
(4674, 231, '16', '0'),
(4675, 231, '23', '0'),
(4676, 231, '15', '0'),
(4677, 231, '26', '0'),
(4678, 231, '17', '0'),
(4679, 231, '30', '0'),
(4680, 231, '14', '0'),
(4681, 232, '28', '0'),
(4682, 232, '16', '0'),
(4683, 232, '19', '0'),
(4684, 232, '24', '0'),
(4685, 232, '33', '0'),
(4686, 232, '21', '0'),
(4687, 232, '31', '0'),
(4688, 232, '25', '0'),
(4689, 232, '30', '0'),
(4690, 232, '14', '0'),
(4691, 232, '27', '0'),
(4692, 232, '26', '0'),
(4693, 232, '20', '0'),
(4694, 232, '13', '0'),
(4695, 232, '17', '0'),
(4696, 232, '32', '0'),
(4697, 232, '15', '0'),
(4698, 232, '22', '0'),
(4699, 232, '18', '0'),
(4700, 232, '23', '0'),
(4701, 233, '20', '0'),
(4702, 233, '26', '0'),
(4703, 233, '18', '0'),
(4704, 233, '23', '0'),
(4705, 233, '27', '0'),
(4706, 233, '32', '0'),
(4707, 233, '19', '0'),
(4708, 233, '21', '0'),
(4709, 233, '30', '0'),
(4710, 233, '25', '0'),
(4711, 233, '14', '0'),
(4712, 233, '22', '0'),
(4713, 233, '29', '0'),
(4714, 233, '24', '0'),
(4715, 233, '16', '0'),
(4716, 233, '13', '0'),
(4717, 233, '15', '0'),
(4718, 233, '17', '0'),
(4719, 233, '33', '0'),
(4720, 233, '28', '0'),
(4721, 234, '29', '0'),
(4722, 234, '27', '0'),
(4723, 234, '23', '0'),
(4724, 234, '13', '0'),
(4725, 234, '18', '0'),
(4726, 234, '22', '0'),
(4727, 234, '17', '0'),
(4728, 234, '21', '0'),
(4729, 234, '33', '0'),
(4730, 234, '15', '0'),
(4731, 234, '16', '0'),
(4732, 234, '30', '0'),
(4733, 234, '25', '0'),
(4734, 234, '20', '0'),
(4735, 234, '24', '0'),
(4736, 234, '14', '0'),
(4737, 234, '26', '0'),
(4738, 234, '28', '0'),
(4739, 234, '32', '0'),
(4740, 234, '31', '0'),
(4741, 235, '18', '0'),
(4742, 235, '24', '0'),
(4743, 235, '26', '0'),
(4744, 235, '22', '0'),
(4745, 235, '25', '0'),
(4746, 235, '30', '0'),
(4747, 235, '32', '0'),
(4748, 235, '14', '0'),
(4749, 235, '28', '0'),
(4750, 235, '31', '0'),
(4751, 235, '20', '0'),
(4752, 235, '29', '0'),
(4753, 235, '15', '0'),
(4754, 235, '13', '0'),
(4755, 235, '23', '0'),
(4756, 235, '19', '0'),
(4757, 235, '33', '0'),
(4758, 235, '27', '0'),
(4759, 235, '16', '0'),
(4760, 235, '21', '0'),
(4761, 236, '20', '0'),
(4762, 236, '28', '0'),
(4763, 236, '21', '0'),
(4764, 236, '25', '0'),
(4765, 236, '18', '0'),
(4766, 236, '16', '0'),
(4767, 236, '26', '0'),
(4768, 236, '19', '0'),
(4769, 236, '30', '0'),
(4770, 236, '23', '0'),
(4771, 236, '33', '0'),
(4772, 236, '13', '0'),
(4773, 236, '32', '0'),
(4774, 236, '17', '0'),
(4775, 236, '29', '0'),
(4776, 236, '22', '0'),
(4777, 236, '24', '0'),
(4778, 236, '15', '0'),
(4779, 236, '27', '0'),
(4780, 236, '31', '0'),
(4781, 237, '27', '0'),
(4782, 237, '28', '0'),
(4783, 237, '17', '0'),
(4784, 237, '29', '0'),
(4785, 237, '24', '0'),
(4786, 237, '13', '0'),
(4787, 237, '33', '0'),
(4788, 237, '25', '0'),
(4789, 237, '32', '0'),
(4790, 237, '19', '0'),
(4791, 237, '30', '0'),
(4792, 237, '20', '0'),
(4793, 237, '14', '0'),
(4794, 237, '22', '0'),
(4795, 237, '16', '0'),
(4796, 237, '31', '0'),
(4797, 237, '23', '0'),
(4798, 237, '18', '0'),
(4799, 237, '21', '0'),
(4800, 237, '26', '0'),
(4801, 238, '32', '0'),
(4802, 238, '17', '0'),
(4803, 238, '19', '0'),
(4804, 238, '31', '0'),
(4805, 238, '28', '0'),
(4806, 238, '14', '0'),
(4807, 238, '26', '0'),
(4808, 238, '21', '0'),
(4809, 238, '27', '0'),
(4810, 238, '30', '0'),
(4811, 238, '20', '0'),
(4812, 238, '25', '0'),
(4813, 238, '18', '0'),
(4814, 238, '33', '0'),
(4815, 238, '13', '0'),
(4816, 238, '15', '0'),
(4817, 238, '24', '0'),
(4818, 238, '22', '0'),
(4819, 238, '29', '0'),
(4820, 238, '23', '0'),
(4821, 239, '28', '92'),
(4822, 239, '33', '106'),
(4823, 239, '13', '0'),
(4824, 239, '31', '0'),
(4825, 239, '15', '0'),
(4826, 239, '32', '0'),
(4827, 239, '26', '0'),
(4828, 239, '27', '0'),
(4829, 239, '18', '0'),
(4830, 239, '19', '0'),
(4831, 239, '14', '0'),
(4832, 239, '23', '0'),
(4833, 239, '25', '0'),
(4834, 239, '24', '0'),
(4835, 239, '17', '0'),
(4836, 239, '30', '0'),
(4837, 239, '16', '0'),
(4838, 239, '22', '0'),
(4839, 239, '21', '0'),
(4840, 239, '20', '0'),
(4841, 240, '16', '4'),
(4842, 240, '33', '107'),
(4843, 240, '30', '98'),
(4844, 240, '15', '0'),
(4845, 240, '19', '0'),
(4846, 240, '24', '0'),
(4847, 240, '18', '0'),
(4848, 240, '20', '0'),
(4849, 240, '26', '0'),
(4850, 240, '29', '0'),
(4851, 240, '27', '0'),
(4852, 240, '28', '0'),
(4853, 240, '31', '0'),
(4854, 240, '17', '0'),
(4855, 240, '23', '0'),
(4856, 240, '21', '0'),
(4857, 240, '22', '0'),
(4858, 240, '32', '0'),
(4859, 240, '13', '0'),
(4860, 240, '14', '0'),
(4861, 241, '13', '0'),
(4862, 241, '21', '0'),
(4863, 241, '16', '0'),
(4864, 241, '30', '0'),
(4865, 241, '14', '0'),
(4866, 241, '27', '0'),
(4867, 241, '22', '0'),
(4868, 241, '15', '0'),
(4869, 241, '25', '0'),
(4870, 241, '23', '0'),
(4871, 241, '26', '0'),
(4872, 241, '32', '0'),
(4873, 241, '24', '0'),
(4874, 241, '33', '0'),
(4875, 241, '28', '0'),
(4876, 241, '31', '0'),
(4877, 241, '17', '0'),
(4878, 241, '29', '0'),
(4879, 241, '18', '0'),
(4880, 241, '19', '0'),
(4881, 242, '32', '0'),
(4882, 242, '30', '0'),
(4883, 242, '29', '0'),
(4884, 242, '18', '0'),
(4885, 242, '28', '0'),
(4886, 242, '21', '0'),
(4887, 242, '13', '0'),
(4888, 242, '31', '0'),
(4889, 242, '20', '0'),
(4890, 242, '22', '0'),
(4891, 242, '27', '0'),
(4892, 242, '17', '0'),
(4893, 242, '33', '0'),
(4894, 242, '14', '0'),
(4895, 242, '15', '0'),
(4896, 242, '26', '0'),
(4897, 242, '24', '0'),
(4898, 242, '25', '0'),
(4899, 242, '19', '0'),
(4900, 242, '23', '0'),
(4901, 243, '23', '0'),
(4902, 243, '16', '0'),
(4903, 243, '14', '0'),
(4904, 243, '19', '0'),
(4905, 243, '30', '0'),
(4906, 243, '24', '0'),
(4907, 243, '22', '0'),
(4908, 243, '32', '0'),
(4909, 243, '27', '0'),
(4910, 243, '31', '0'),
(4911, 243, '17', '0'),
(4912, 243, '20', '0'),
(4913, 243, '28', '0'),
(4914, 243, '15', '0'),
(4915, 243, '13', '0'),
(4916, 243, '25', '0'),
(4917, 243, '26', '0'),
(4918, 243, '18', '0'),
(4919, 243, '29', '0'),
(4920, 243, '33', '0'),
(4921, 244, '16', '0'),
(4922, 244, '28', '0'),
(4923, 244, '19', '0'),
(4924, 244, '15', '0'),
(4925, 244, '27', '0'),
(4926, 244, '14', '0'),
(4927, 244, '21', '0'),
(4928, 244, '22', '0'),
(4929, 244, '30', '0'),
(4930, 244, '20', '0'),
(4931, 244, '32', '0'),
(4932, 244, '33', '0'),
(4933, 244, '25', '0'),
(4934, 244, '31', '0'),
(4935, 244, '17', '0'),
(4936, 244, '26', '0'),
(4937, 244, '29', '0'),
(4938, 244, '24', '0'),
(4939, 244, '13', '0'),
(4940, 244, '23', '0'),
(4941, 245, '33', '0'),
(4942, 245, '27', '0'),
(4943, 245, '30', '0'),
(4944, 245, '32', '0'),
(4945, 245, '18', '0'),
(4946, 245, '20', '0'),
(4947, 245, '21', '0'),
(4948, 245, '23', '0'),
(4949, 245, '13', '0'),
(4950, 245, '17', '0'),
(4951, 245, '25', '0'),
(4952, 245, '26', '0'),
(4953, 245, '14', '0'),
(4954, 245, '22', '0'),
(4955, 245, '24', '0'),
(4956, 245, '31', '0'),
(4957, 245, '15', '0'),
(4958, 245, '28', '0'),
(4959, 245, '16', '0'),
(4960, 245, '29', '0'),
(4961, 246, '16', '0'),
(4962, 246, '17', '0'),
(4963, 246, '26', '0'),
(4964, 246, '21', '0'),
(4965, 246, '24', '0'),
(4966, 246, '29', '0'),
(4967, 246, '13', '0'),
(4968, 246, '19', '0'),
(4969, 246, '14', '0'),
(4970, 246, '31', '0'),
(4971, 246, '27', '0'),
(4972, 246, '22', '0'),
(4973, 246, '18', '0'),
(4974, 246, '32', '0'),
(4975, 246, '25', '0'),
(4976, 246, '33', '0'),
(4977, 246, '28', '0'),
(4978, 246, '23', '0'),
(4979, 246, '20', '0'),
(4980, 246, '30', '0'),
(4981, 247, '22', '0'),
(4982, 247, '17', '0'),
(4983, 247, '16', '0'),
(4984, 247, '26', '0'),
(4985, 247, '19', '0'),
(4986, 247, '20', '0'),
(4987, 247, '25', '0'),
(4988, 247, '14', '0'),
(4989, 247, '13', '0'),
(4990, 247, '32', '0'),
(4991, 247, '29', '0'),
(4992, 247, '27', '0'),
(4993, 247, '28', '0'),
(4994, 247, '30', '0'),
(4995, 247, '21', '0'),
(4996, 247, '23', '0'),
(4997, 247, '18', '0'),
(4998, 247, '33', '0'),
(4999, 247, '15', '0'),
(5000, 247, '31', '0'),
(5001, 248, '24', '0'),
(5002, 248, '23', '0'),
(5003, 248, '25', '0'),
(5004, 248, '26', '0'),
(5005, 248, '19', '0'),
(5006, 248, '21', '0'),
(5007, 248, '27', '0'),
(5008, 248, '18', '0'),
(5009, 248, '15', '0'),
(5010, 248, '17', '0'),
(5011, 248, '13', '0'),
(5012, 248, '29', '0'),
(5013, 248, '14', '0'),
(5014, 248, '28', '0'),
(5015, 248, '32', '0'),
(5016, 248, '30', '0'),
(5017, 248, '20', '0'),
(5018, 248, '22', '0'),
(5019, 248, '31', '0'),
(5020, 248, '16', '0'),
(5021, 249, '33', '0'),
(5022, 249, '14', '0'),
(5023, 249, '19', '0'),
(5024, 249, '18', '0'),
(5025, 249, '20', '0'),
(5026, 249, '17', '0'),
(5027, 249, '16', '0'),
(5028, 249, '31', '0'),
(5029, 249, '21', '0'),
(5030, 249, '15', '0'),
(5031, 249, '29', '0'),
(5032, 249, '13', '0'),
(5033, 249, '27', '0'),
(5034, 249, '25', '0'),
(5035, 249, '32', '0'),
(5036, 249, '23', '0'),
(5037, 249, '24', '0'),
(5038, 249, '30', '0'),
(5039, 249, '28', '0'),
(5040, 249, '22', '0'),
(5041, 250, '28', '0'),
(5042, 250, '18', '0'),
(5043, 250, '26', '0'),
(5044, 250, '16', '0'),
(5045, 250, '22', '0'),
(5046, 250, '30', '0'),
(5047, 250, '15', '0'),
(5048, 250, '23', '0'),
(5049, 250, '29', '0'),
(5050, 250, '33', '0'),
(5051, 250, '14', '0'),
(5052, 250, '25', '0'),
(5053, 250, '24', '0'),
(5054, 250, '19', '0'),
(5055, 250, '20', '0'),
(5056, 250, '13', '0'),
(5057, 250, '32', '0'),
(5058, 250, '27', '0'),
(5059, 250, '21', '0'),
(5060, 250, '31', '0'),
(5061, 251, '27', '0'),
(5062, 251, '24', '0'),
(5063, 251, '33', '0'),
(5064, 251, '29', '0'),
(5065, 251, '25', '0'),
(5066, 251, '16', '0'),
(5067, 251, '32', '0'),
(5068, 251, '19', '0'),
(5069, 251, '17', '0'),
(5070, 251, '31', '0'),
(5071, 251, '22', '0'),
(5072, 251, '21', '0'),
(5073, 251, '23', '0'),
(5074, 251, '26', '0'),
(5075, 251, '14', '0'),
(5076, 251, '15', '0'),
(5077, 251, '28', '0'),
(5078, 251, '30', '0'),
(5079, 251, '18', '0'),
(5080, 251, '20', '0'),
(5081, 252, '23', '0'),
(5082, 252, '29', '0'),
(5083, 252, '31', '0'),
(5084, 252, '27', '0'),
(5085, 252, '25', '0'),
(5086, 252, '33', '0'),
(5087, 252, '24', '0'),
(5088, 252, '18', '0'),
(5089, 252, '16', '0'),
(5090, 252, '15', '0'),
(5091, 252, '32', '0'),
(5092, 252, '13', '0'),
(5093, 252, '19', '0'),
(5094, 252, '30', '0'),
(5095, 252, '17', '0'),
(5096, 252, '14', '0'),
(5097, 252, '28', '0'),
(5098, 252, '26', '0'),
(5099, 252, '20', '0'),
(5100, 252, '21', '0'),
(5101, 253, '18', '0'),
(5102, 253, '29', '0'),
(5103, 253, '33', '0'),
(5104, 253, '23', '0'),
(5105, 253, '16', '0'),
(5106, 253, '26', '0'),
(5107, 253, '27', '0'),
(5108, 253, '19', '0'),
(5109, 253, '17', '0'),
(5110, 253, '31', '0'),
(5111, 253, '22', '0'),
(5112, 253, '14', '0'),
(5113, 253, '21', '0'),
(5114, 253, '25', '0'),
(5115, 253, '28', '0'),
(5116, 253, '24', '0'),
(5117, 253, '15', '0'),
(5118, 253, '13', '0'),
(5119, 253, '30', '0'),
(5120, 253, '32', '0'),
(5121, 254, '33', '0'),
(5122, 254, '14', '0'),
(5123, 254, '30', '0'),
(5124, 254, '15', '0'),
(5125, 254, '26', '0'),
(5126, 254, '23', '0'),
(5127, 254, '21', '0'),
(5128, 254, '19', '0'),
(5129, 254, '17', '0'),
(5130, 254, '16', '0'),
(5131, 254, '20', '0'),
(5132, 254, '13', '0'),
(5133, 254, '29', '0'),
(5134, 254, '28', '0'),
(5135, 254, '18', '0'),
(5136, 254, '32', '0'),
(5137, 254, '27', '0'),
(5138, 254, '31', '0'),
(5139, 254, '24', '0'),
(5140, 254, '25', '0'),
(5141, 255, '28', '0'),
(5142, 255, '19', '64'),
(5143, 255, '13', '0'),
(5144, 255, '17', '0'),
(5145, 255, '21', '0'),
(5146, 255, '32', '0'),
(5147, 255, '14', '0'),
(5148, 255, '22', '0'),
(5149, 255, '30', '0'),
(5150, 255, '26', '0'),
(5151, 255, '18', '0'),
(5152, 255, '33', '0'),
(5153, 255, '25', '0'),
(5154, 255, '23', '0'),
(5155, 255, '16', '0'),
(5156, 255, '31', '0'),
(5157, 255, '27', '0'),
(5158, 255, '20', '0'),
(5159, 255, '15', '0'),
(5160, 255, '29', '0'),
(5161, 256, '23', '0'),
(5162, 256, '33', '0'),
(5163, 256, '22', '0'),
(5164, 256, '28', '0'),
(5165, 256, '21', '0'),
(5166, 256, '18', '0'),
(5167, 256, '14', '0'),
(5168, 256, '32', '0'),
(5169, 256, '20', '0'),
(5170, 256, '16', '0'),
(5171, 256, '27', '0'),
(5172, 256, '26', '0'),
(5173, 256, '15', '0'),
(5174, 256, '24', '0'),
(5175, 256, '25', '0'),
(5176, 256, '17', '0'),
(5177, 256, '31', '0'),
(5178, 256, '29', '0'),
(5179, 256, '19', '0'),
(5180, 256, '30', '0'),
(5181, 257, '30', '99'),
(5182, 257, '13', '125'),
(5183, 257, '31', '0'),
(5184, 257, '19', '0'),
(5185, 257, '25', '0'),
(5186, 257, '33', '0'),
(5187, 257, '24', '0'),
(5188, 257, '26', '0'),
(5189, 257, '20', '0'),
(5190, 257, '21', '0'),
(5191, 257, '15', '0'),
(5192, 257, '18', '0'),
(5193, 257, '32', '0'),
(5194, 257, '29', '0'),
(5195, 257, '17', '0'),
(5196, 257, '14', '0'),
(5197, 257, '23', '0'),
(5198, 257, '27', '0'),
(5199, 257, '22', '0'),
(5200, 257, '28', '0'),
(5201, 258, '24', '0'),
(5202, 258, '16', '0'),
(5203, 258, '30', '0'),
(5204, 258, '29', '0'),
(5205, 258, '22', '0'),
(5206, 258, '33', '0'),
(5207, 258, '17', '0'),
(5208, 258, '15', '0'),
(5209, 258, '25', '0'),
(5210, 258, '18', '0'),
(5211, 258, '13', '0'),
(5212, 258, '27', '0'),
(5213, 258, '14', '0'),
(5214, 258, '26', '0'),
(5215, 258, '32', '0'),
(5216, 258, '21', '0'),
(5217, 258, '19', '0'),
(5218, 258, '31', '0'),
(5219, 258, '20', '0'),
(5220, 258, '28', '0'),
(5221, 259, '24', '0'),
(5222, 259, '16', '0'),
(5223, 259, '26', '0'),
(5224, 259, '33', '0'),
(5225, 259, '21', '0'),
(5226, 259, '13', '0'),
(5227, 259, '32', '0'),
(5228, 259, '19', '0'),
(5229, 259, '28', '0'),
(5230, 259, '22', '0'),
(5231, 259, '15', '0'),
(5232, 259, '17', '0'),
(5233, 259, '30', '0'),
(5234, 259, '31', '0'),
(5235, 259, '23', '0'),
(5236, 259, '20', '0'),
(5237, 259, '25', '0'),
(5238, 259, '29', '0'),
(5239, 259, '18', '0'),
(5240, 259, '14', '0'),
(5241, 260, '28', '0'),
(5242, 260, '17', '0'),
(5243, 260, '32', '0'),
(5244, 260, '24', '0'),
(5245, 260, '16', '0'),
(5246, 260, '25', '0'),
(5247, 260, '13', '0'),
(5248, 260, '22', '0'),
(5249, 260, '19', '0'),
(5250, 260, '21', '0'),
(5251, 260, '15', '0'),
(5252, 260, '30', '0'),
(5253, 260, '23', '0'),
(5254, 260, '14', '0'),
(5255, 260, '26', '0'),
(5256, 260, '31', '0'),
(5257, 260, '18', '0'),
(5258, 260, '27', '0'),
(5259, 260, '33', '0'),
(5260, 260, '20', '0'),
(5261, 261, '31', '0'),
(5262, 261, '15', '0'),
(5263, 261, '27', '0'),
(5264, 261, '23', '0'),
(5265, 261, '13', '0'),
(5266, 261, '18', '0'),
(5267, 261, '24', '0'),
(5268, 261, '30', '0'),
(5269, 261, '33', '0'),
(5270, 261, '19', '0'),
(5271, 261, '29', '0'),
(5272, 261, '16', '0'),
(5273, 261, '32', '0'),
(5274, 261, '28', '0'),
(5275, 261, '26', '0'),
(5276, 261, '25', '0'),
(5277, 261, '22', '0'),
(5278, 261, '17', '0'),
(5279, 261, '14', '0'),
(5280, 261, '21', '0'),
(5281, 262, '26', '0'),
(5282, 262, '33', '0'),
(5283, 262, '23', '0'),
(5284, 262, '16', '0'),
(5285, 262, '17', '0'),
(5286, 262, '15', '0'),
(5287, 262, '20', '0'),
(5288, 262, '13', '0'),
(5289, 262, '27', '0'),
(5290, 262, '24', '0'),
(5291, 262, '25', '0'),
(5292, 262, '14', '0'),
(5293, 262, '30', '0'),
(5294, 262, '28', '0'),
(5295, 262, '29', '0'),
(5296, 262, '31', '0'),
(5297, 262, '19', '0'),
(5298, 262, '18', '0'),
(5299, 262, '21', '0'),
(5300, 262, '32', '0'),
(5301, 263, '17', '0'),
(5302, 263, '14', '0'),
(5303, 263, '33', '0'),
(5304, 263, '18', '0'),
(5305, 263, '25', '0'),
(5306, 263, '13', '0'),
(5307, 263, '28', '0'),
(5308, 263, '16', '0'),
(5309, 263, '32', '0'),
(5310, 263, '19', '0'),
(5311, 263, '23', '0'),
(5312, 263, '30', '0'),
(5313, 263, '27', '0'),
(5314, 263, '26', '0'),
(5315, 263, '22', '0'),
(5316, 263, '29', '0'),
(5317, 263, '20', '0'),
(5318, 263, '21', '0'),
(5319, 263, '15', '0'),
(5320, 263, '24', '0'),
(5321, 264, '27', '0'),
(5322, 264, '29', '0'),
(5323, 264, '21', '0'),
(5324, 264, '13', '0'),
(5325, 264, '20', '0'),
(5326, 264, '15', '0'),
(5327, 264, '32', '0'),
(5328, 264, '14', '0'),
(5329, 264, '16', '0'),
(5330, 264, '18', '0'),
(5331, 264, '24', '0'),
(5332, 264, '22', '0'),
(5333, 264, '23', '0'),
(5334, 264, '33', '0'),
(5335, 264, '26', '0'),
(5336, 264, '19', '0'),
(5337, 264, '28', '0'),
(5338, 264, '30', '0'),
(5339, 264, '25', '0'),
(5340, 264, '17', '0'),
(5341, 265, '20', '0'),
(5342, 265, '31', '0'),
(5343, 265, '30', '0'),
(5344, 265, '32', '0'),
(5345, 265, '19', '0'),
(5346, 265, '33', '0'),
(5347, 265, '26', '0'),
(5348, 265, '17', '0'),
(5349, 265, '16', '0'),
(5350, 265, '22', '0'),
(5351, 265, '21', '0'),
(5352, 265, '25', '0'),
(5353, 265, '18', '0'),
(5354, 265, '14', '0'),
(5355, 265, '29', '0'),
(5356, 265, '24', '0'),
(5357, 265, '23', '0'),
(5358, 265, '15', '0'),
(5359, 265, '28', '0'),
(5360, 265, '13', '0'),
(5361, 266, '21', '0'),
(5362, 266, '32', '0'),
(5363, 266, '24', '0'),
(5364, 266, '22', '0'),
(5365, 266, '27', '0'),
(5366, 266, '20', '0'),
(5367, 266, '31', '0'),
(5368, 266, '15', '0'),
(5369, 266, '23', '0'),
(5370, 266, '13', '0'),
(5371, 266, '19', '0'),
(5372, 266, '26', '0'),
(5373, 266, '30', '0'),
(5374, 266, '33', '0'),
(5375, 266, '14', '0'),
(5376, 266, '16', '0'),
(5377, 266, '18', '0'),
(5378, 266, '25', '0'),
(5379, 266, '17', '0'),
(5380, 266, '29', '0'),
(5381, 267, '30', '0'),
(5382, 267, '16', '0'),
(5383, 267, '27', '0'),
(5384, 267, '26', '0'),
(5385, 267, '28', '0'),
(5386, 267, '25', '0'),
(5387, 267, '21', '0'),
(5388, 267, '29', '0'),
(5389, 267, '31', '0'),
(5390, 267, '32', '0'),
(5391, 267, '13', '0'),
(5392, 267, '23', '0'),
(5393, 267, '24', '0'),
(5394, 267, '15', '0'),
(5395, 267, '14', '0'),
(5396, 267, '22', '0'),
(5397, 267, '17', '0'),
(5398, 267, '20', '0'),
(5399, 267, '33', '0'),
(5400, 267, '19', '0'),
(5401, 268, '33', '0'),
(5402, 268, '26', '0'),
(5403, 268, '13', '0'),
(5404, 268, '32', '0'),
(5405, 268, '15', '0'),
(5406, 268, '31', '0'),
(5407, 268, '27', '0'),
(5408, 268, '23', '0'),
(5409, 268, '28', '0'),
(5410, 268, '30', '0'),
(5411, 268, '16', '0'),
(5412, 268, '18', '0'),
(5413, 268, '21', '0'),
(5414, 268, '17', '0'),
(5415, 268, '25', '0'),
(5416, 268, '19', '0'),
(5417, 268, '24', '0'),
(5418, 268, '29', '0'),
(5419, 268, '20', '0'),
(5420, 268, '14', '0'),
(5421, 269, '17', '0'),
(5422, 269, '14', '0'),
(5423, 269, '15', '0'),
(5424, 269, '32', '0'),
(5425, 269, '33', '0'),
(5426, 269, '27', '0'),
(5427, 269, '30', '0'),
(5428, 269, '20', '0'),
(5429, 269, '21', '0'),
(5430, 269, '16', '0'),
(5431, 269, '28', '0'),
(5432, 269, '18', '0'),
(5433, 269, '24', '0'),
(5434, 269, '22', '0'),
(5435, 269, '25', '0'),
(5436, 269, '31', '0'),
(5437, 269, '26', '0'),
(5438, 269, '19', '0'),
(5439, 269, '13', '0'),
(5440, 269, '23', '0'),
(5441, 270, '30', '0'),
(5442, 270, '32', '0'),
(5443, 270, '33', '0'),
(5444, 270, '28', '0'),
(5445, 270, '29', '0'),
(5446, 270, '16', '0'),
(5447, 270, '15', '0'),
(5448, 270, '23', '0'),
(5449, 270, '24', '0'),
(5450, 270, '27', '0'),
(5451, 270, '20', '0'),
(5452, 270, '31', '0'),
(5453, 270, '17', '0'),
(5454, 270, '21', '0'),
(5455, 270, '14', '0'),
(5456, 270, '19', '0'),
(5457, 270, '25', '0'),
(5458, 270, '22', '0'),
(5459, 270, '13', '0'),
(5460, 270, '18', '0'),
(5461, 271, '22', '0'),
(5462, 271, '15', '0'),
(5463, 271, '31', '0'),
(5464, 271, '16', '0'),
(5465, 271, '18', '0'),
(5466, 271, '27', '0'),
(5467, 271, '20', '0'),
(5468, 271, '28', '0'),
(5469, 271, '13', '0'),
(5470, 271, '19', '0'),
(5471, 271, '33', '0'),
(5472, 271, '23', '0'),
(5473, 271, '14', '0'),
(5474, 271, '17', '0'),
(5475, 271, '25', '0'),
(5476, 271, '26', '0'),
(5477, 271, '30', '0'),
(5478, 271, '29', '0'),
(5479, 271, '24', '0'),
(5480, 271, '32', '0'),
(5481, 272, '27', '0'),
(5482, 272, '33', '0'),
(5483, 272, '25', '0'),
(5484, 272, '32', '0'),
(5485, 272, '22', '0'),
(5486, 272, '14', '0'),
(5487, 272, '26', '0'),
(5488, 272, '16', '0'),
(5489, 272, '28', '0'),
(5490, 272, '30', '0'),
(5491, 272, '24', '0'),
(5492, 272, '19', '0'),
(5493, 272, '21', '0'),
(5494, 272, '13', '0'),
(5495, 272, '29', '0'),
(5496, 272, '18', '0'),
(5497, 272, '17', '0'),
(5498, 272, '31', '0'),
(5499, 272, '23', '0'),
(5500, 272, '20', '0'),
(5501, 273, '21', '0'),
(5502, 273, '16', '0'),
(5503, 273, '32', '0'),
(5504, 273, '13', '0'),
(5505, 273, '15', '0'),
(5506, 273, '23', '0'),
(5507, 273, '14', '0'),
(5508, 273, '33', '0'),
(5509, 273, '26', '0'),
(5510, 273, '20', '0'),
(5511, 273, '28', '0'),
(5512, 273, '22', '0'),
(5513, 273, '25', '0'),
(5514, 273, '24', '0'),
(5515, 273, '31', '0'),
(5516, 273, '19', '0'),
(5517, 273, '17', '0'),
(5518, 273, '18', '0'),
(5519, 273, '30', '0'),
(5520, 273, '29', '0'),
(5521, 274, '20', '0'),
(5522, 274, '13', '0'),
(5523, 274, '16', '0'),
(5524, 274, '27', '0'),
(5525, 274, '18', '0'),
(5526, 274, '26', '0'),
(5527, 274, '21', '0'),
(5528, 274, '14', '0'),
(5529, 274, '25', '0'),
(5530, 274, '19', '0'),
(5531, 274, '23', '0'),
(5532, 274, '33', '0'),
(5533, 274, '32', '0'),
(5534, 274, '17', '0'),
(5535, 274, '30', '0'),
(5536, 274, '31', '0'),
(5537, 274, '24', '0'),
(5538, 274, '29', '0'),
(5539, 274, '15', '0'),
(5540, 274, '22', '0'),
(5541, 275, '26', '0'),
(5542, 275, '31', '0'),
(5543, 275, '22', '0'),
(5544, 275, '24', '0'),
(5545, 275, '15', '0'),
(5546, 275, '32', '0'),
(5547, 275, '30', '0'),
(5548, 275, '27', '0'),
(5549, 275, '33', '0'),
(5550, 275, '17', '0'),
(5551, 275, '18', '0'),
(5552, 275, '29', '0'),
(5553, 275, '21', '0'),
(5554, 275, '25', '0'),
(5555, 275, '23', '0'),
(5556, 275, '13', '0'),
(5557, 275, '28', '0'),
(5558, 275, '20', '0'),
(5559, 275, '19', '0'),
(5560, 275, '16', '0'),
(5561, 276, '13', '0'),
(5562, 276, '30', '0'),
(5563, 276, '25', '0'),
(5564, 276, '29', '0'),
(5565, 276, '31', '0'),
(5566, 276, '20', '0'),
(5567, 276, '32', '0'),
(5568, 276, '28', '0'),
(5569, 276, '18', '0'),
(5570, 276, '19', '0'),
(5571, 276, '16', '0'),
(5572, 276, '17', '0'),
(5573, 276, '22', '0'),
(5574, 276, '14', '0'),
(5575, 276, '15', '0'),
(5576, 276, '27', '0'),
(5577, 276, '33', '0'),
(5578, 276, '23', '0'),
(5579, 276, '26', '0'),
(5580, 276, '24', '0'),
(5581, 277, '33', '0'),
(5582, 277, '28', '0'),
(5583, 277, '16', '0'),
(5584, 277, '20', '0'),
(5585, 277, '14', '0'),
(5586, 277, '19', '0'),
(5587, 277, '30', '0'),
(5588, 277, '26', '0'),
(5589, 277, '15', '0'),
(5590, 277, '22', '0'),
(5591, 277, '17', '0'),
(5592, 277, '29', '0'),
(5593, 277, '32', '0'),
(5594, 277, '23', '0'),
(5595, 277, '27', '0'),
(5596, 277, '24', '0'),
(5597, 277, '25', '0'),
(5598, 277, '18', '0'),
(5599, 277, '21', '0'),
(5600, 277, '13', '0'),
(5601, 278, '28', '0'),
(5602, 278, '24', '0'),
(5603, 278, '25', '0'),
(5604, 278, '20', '0'),
(5605, 278, '18', '0'),
(5606, 278, '33', '0'),
(5607, 278, '15', '0'),
(5608, 278, '27', '0'),
(5609, 278, '29', '0'),
(5610, 278, '23', '0'),
(5611, 278, '32', '0'),
(5612, 278, '17', '0'),
(5613, 278, '14', '0'),
(5614, 278, '30', '0'),
(5615, 278, '31', '0'),
(5616, 278, '16', '0'),
(5617, 278, '21', '0'),
(5618, 278, '13', '0'),
(5619, 278, '19', '0'),
(5620, 278, '26', '0'),
(5621, 279, '17', '0'),
(5622, 279, '26', '0'),
(5623, 279, '16', '0'),
(5624, 279, '28', '0'),
(5625, 279, '15', '0'),
(5626, 279, '29', '0'),
(5627, 279, '19', '0'),
(5628, 279, '22', '0'),
(5629, 279, '24', '0'),
(5630, 279, '27', '0'),
(5631, 279, '21', '0'),
(5632, 279, '14', '0'),
(5633, 279, '13', '0'),
(5634, 279, '25', '0'),
(5635, 279, '32', '0'),
(5636, 279, '33', '0'),
(5637, 279, '18', '0'),
(5638, 279, '23', '0'),
(5639, 279, '20', '0'),
(5640, 279, '31', '0'),
(5641, 280, '17', '0'),
(5642, 280, '13', '0'),
(5643, 280, '22', '0'),
(5644, 280, '19', '0'),
(5645, 280, '14', '0'),
(5646, 280, '30', '0'),
(5647, 280, '27', '0'),
(5648, 280, '23', '0'),
(5649, 280, '21', '0'),
(5650, 280, '25', '0'),
(5651, 280, '31', '0'),
(5652, 280, '15', '0'),
(5653, 280, '26', '0'),
(5654, 280, '29', '0'),
(5655, 280, '32', '0'),
(5656, 280, '24', '0'),
(5657, 280, '33', '0'),
(5658, 280, '16', '0'),
(5659, 280, '18', '0'),
(5660, 280, '28', '0'),
(5661, 281, '30', '0'),
(5662, 281, '31', '0'),
(5663, 281, '27', '0'),
(5664, 281, '21', '0'),
(5665, 281, '26', '0'),
(5666, 281, '32', '0'),
(5667, 281, '15', '0'),
(5668, 281, '25', '0'),
(5669, 281, '29', '0'),
(5670, 281, '17', '0'),
(5671, 281, '13', '0'),
(5672, 281, '19', '0'),
(5673, 281, '24', '0'),
(5674, 281, '16', '0'),
(5675, 281, '18', '0'),
(5676, 281, '22', '0'),
(5677, 281, '33', '0'),
(5678, 281, '14', '0'),
(5679, 281, '28', '0'),
(5680, 281, '23', '0'),
(5681, 282, '19', '0'),
(5682, 282, '16', '0'),
(5683, 282, '33', '0'),
(5684, 282, '18', '0'),
(5685, 282, '22', '0'),
(5686, 282, '28', '0'),
(5687, 282, '26', '0'),
(5688, 282, '32', '0'),
(5689, 282, '25', '0'),
(5690, 282, '13', '0'),
(5691, 282, '23', '0'),
(5692, 282, '24', '0'),
(5693, 282, '29', '0'),
(5694, 282, '21', '0'),
(5695, 282, '31', '0'),
(5696, 282, '15', '0'),
(5697, 282, '30', '0'),
(5698, 282, '20', '0'),
(5699, 282, '27', '0'),
(5700, 282, '17', '0'),
(5701, 283, '26', '0'),
(5702, 283, '23', '0'),
(5703, 283, '17', '0'),
(5704, 283, '32', '0'),
(5705, 283, '33', '0'),
(5706, 283, '25', '0'),
(5707, 283, '14', '0'),
(5708, 283, '24', '0'),
(5709, 283, '21', '0'),
(5710, 283, '31', '0'),
(5711, 283, '28', '0'),
(5712, 283, '15', '0'),
(5713, 283, '18', '0'),
(5714, 283, '30', '0'),
(5715, 283, '27', '0'),
(5716, 283, '13', '0'),
(5717, 283, '20', '0'),
(5718, 283, '16', '0'),
(5719, 283, '19', '0'),
(5720, 283, '22', '0'),
(5721, 284, '32', '0'),
(5722, 284, '24', '0'),
(5723, 284, '21', '0'),
(5724, 284, '22', '0'),
(5725, 284, '33', '0'),
(5726, 284, '16', '0'),
(5727, 284, '30', '0'),
(5728, 284, '15', '0'),
(5729, 284, '29', '0'),
(5730, 284, '13', '0'),
(5731, 284, '23', '0'),
(5732, 284, '27', '0'),
(5733, 284, '17', '0'),
(5734, 284, '31', '0'),
(5735, 284, '20', '0'),
(5736, 284, '25', '0'),
(5737, 284, '14', '0'),
(5738, 284, '28', '0'),
(5739, 284, '19', '0'),
(5740, 284, '18', '0'),
(5741, 285, '27', '0'),
(5742, 285, '21', '0'),
(5743, 285, '32', '0'),
(5744, 285, '25', '0'),
(5745, 285, '18', '0'),
(5746, 285, '29', '0'),
(5747, 285, '22', '0'),
(5748, 285, '31', '0'),
(5749, 285, '23', '0'),
(5750, 285, '16', '0'),
(5751, 285, '17', '0'),
(5752, 285, '14', '0'),
(5753, 285, '33', '0'),
(5754, 285, '13', '0'),
(5755, 285, '26', '0'),
(5756, 285, '15', '0'),
(5757, 285, '30', '0'),
(5758, 285, '24', '0'),
(5759, 285, '28', '0'),
(5760, 285, '19', '0'),
(5761, 286, '24', '0'),
(5762, 286, '18', '0'),
(5763, 286, '15', '0'),
(5764, 286, '19', '0'),
(5765, 286, '28', '0'),
(5766, 286, '20', '0'),
(5767, 286, '32', '0'),
(5768, 286, '13', '0'),
(5769, 286, '25', '0'),
(5770, 286, '23', '0'),
(5771, 286, '30', '0'),
(5772, 286, '16', '0'),
(5773, 286, '14', '0'),
(5774, 286, '27', '0'),
(5775, 286, '31', '0'),
(5776, 286, '22', '0'),
(5777, 286, '26', '0'),
(5778, 286, '33', '0'),
(5779, 286, '17', '0'),
(5780, 286, '29', '0'),
(5781, 287, '23', '0'),
(5782, 287, '30', '0'),
(5783, 287, '20', '0'),
(5784, 287, '16', '0'),
(5785, 287, '32', '104'),
(5786, 287, '29', '94'),
(5787, 287, '27', '88'),
(5788, 287, '25', '84'),
(5789, 287, '15', '54'),
(5790, 287, '28', '0'),
(5791, 287, '22', '75'),
(5792, 287, '13', '124'),
(5793, 287, '31', '102'),
(5794, 287, '18', '63'),
(5795, 287, '17', '0'),
(5796, 287, '26', '85'),
(5797, 287, '24', '80'),
(5798, 287, '33', '107'),
(5799, 287, '21', '71'),
(5800, 287, '19', '64'),
(5801, 288, '16', '0'),
(5802, 288, '24', '0'),
(5803, 288, '30', '0'),
(5804, 288, '18', '0'),
(5805, 288, '17', '0'),
(5806, 288, '32', '0'),
(5807, 288, '20', '0'),
(5808, 288, '21', '0'),
(5809, 288, '28', '0'),
(5810, 288, '19', '0'),
(5811, 288, '27', '0'),
(5812, 288, '33', '0'),
(5813, 288, '26', '0'),
(5814, 288, '29', '0'),
(5815, 288, '23', '0'),
(5816, 288, '22', '0'),
(5817, 288, '25', '0'),
(5818, 288, '13', '0'),
(5819, 288, '14', '0'),
(5820, 288, '15', '0'),
(5821, 289, '16', '0'),
(5822, 289, '20', '0'),
(5823, 289, '33', '0'),
(5824, 289, '27', '0'),
(5825, 289, '30', '0'),
(5826, 289, '22', '0'),
(5827, 289, '15', '0'),
(5828, 289, '17', '0'),
(5829, 289, '32', '0'),
(5830, 289, '26', '0'),
(5831, 289, '13', '0'),
(5832, 289, '18', '0'),
(5833, 289, '24', '0'),
(5834, 289, '29', '0'),
(5835, 289, '28', '0'),
(5836, 289, '19', '0'),
(5837, 289, '23', '0'),
(5838, 289, '14', '0'),
(5839, 289, '25', '0'),
(5840, 289, '21', '0'),
(5841, 290, '33', '0'),
(5842, 290, '15', '0'),
(5843, 290, '32', '0'),
(5844, 290, '22', '0'),
(5845, 290, '25', '0'),
(5846, 290, '14', '0'),
(5847, 290, '19', '0'),
(5848, 290, '27', '0'),
(5849, 290, '18', '0'),
(5850, 290, '23', '0'),
(5851, 290, '29', '0'),
(5852, 290, '24', '0'),
(5853, 290, '28', '0'),
(5854, 290, '17', '0'),
(5855, 290, '16', '0'),
(5856, 290, '20', '0'),
(5857, 290, '13', '0'),
(5858, 290, '26', '0'),
(5859, 290, '30', '0'),
(5860, 290, '21', '0'),
(5861, 291, '28', '0'),
(5862, 291, '16', '0'),
(5863, 291, '25', '0'),
(5864, 291, '17', '0'),
(5865, 291, '24', '0'),
(5866, 291, '19', '0'),
(5867, 291, '14', '0'),
(5868, 291, '32', '0'),
(5869, 291, '29', '0'),
(5870, 291, '20', '0'),
(5871, 291, '18', '0'),
(5872, 291, '23', '0'),
(5873, 291, '13', '0'),
(5874, 291, '27', '0'),
(5875, 291, '30', '0'),
(5876, 291, '22', '0'),
(5877, 291, '21', '0'),
(5878, 291, '33', '0'),
(5879, 291, '26', '0'),
(5880, 291, '31', '0'),
(5881, 292, '13', '0'),
(5882, 292, '21', '0'),
(5883, 292, '25', '0'),
(5884, 292, '33', '0'),
(5885, 292, '17', '0'),
(5886, 292, '18', '0'),
(5887, 292, '32', '0'),
(5888, 292, '30', '0'),
(5889, 292, '15', '0'),
(5890, 292, '22', '0'),
(5891, 292, '19', '0'),
(5892, 292, '31', '0'),
(5893, 292, '28', '0'),
(5894, 292, '29', '0'),
(5895, 292, '20', '0'),
(5896, 292, '14', '0'),
(5897, 292, '27', '0'),
(5898, 292, '26', '0'),
(5899, 292, '23', '0'),
(5900, 292, '16', '0'),
(5901, 293, '28', '0'),
(5902, 293, '22', '0'),
(5903, 293, '24', '0'),
(5904, 293, '21', '0'),
(5905, 293, '27', '0'),
(5906, 293, '29', '0'),
(5907, 293, '30', '0'),
(5908, 293, '23', '0'),
(5909, 293, '15', '0'),
(5910, 293, '16', '0'),
(5911, 293, '14', '0'),
(5912, 293, '33', '0'),
(5913, 293, '20', '0'),
(5914, 293, '18', '0'),
(5915, 293, '13', '0'),
(5916, 293, '17', '0'),
(5917, 293, '26', '0'),
(5918, 293, '31', '0'),
(5919, 293, '25', '0'),
(5920, 293, '19', '0'),
(5921, 294, '33', '0'),
(5922, 294, '17', '0'),
(5923, 294, '28', '0'),
(5924, 294, '21', '0'),
(5925, 294, '19', '0'),
(5926, 294, '16', '0'),
(5927, 294, '27', '0'),
(5928, 294, '30', '0'),
(5929, 294, '31', '0'),
(5930, 294, '18', '0'),
(5931, 294, '24', '0'),
(5932, 294, '29', '0'),
(5933, 294, '26', '0'),
(5934, 294, '13', '0'),
(5935, 294, '22', '0'),
(5936, 294, '20', '0'),
(5937, 294, '25', '0'),
(5938, 294, '15', '0'),
(5939, 294, '32', '0'),
(5940, 294, '23', '0'),
(5941, 295, '15', '0'),
(5942, 295, '30', '0'),
(5943, 295, '25', '82'),
(5944, 295, '13', '125'),
(5945, 295, '32', '0'),
(5946, 295, '17', '0'),
(5947, 295, '28', '0'),
(5948, 295, '22', '0'),
(5949, 295, '31', '0'),
(5950, 295, '21', '0'),
(5951, 295, '14', '0'),
(5952, 295, '26', '0'),
(5953, 295, '19', '0'),
(5954, 295, '29', '0'),
(5955, 295, '20', '0'),
(5956, 295, '24', '0'),
(5957, 295, '33', '0'),
(5958, 295, '23', '0'),
(5959, 295, '27', '0'),
(5960, 295, '16', '0'),
(5961, 296, '25', '0'),
(5962, 296, '23', '0'),
(5963, 296, '31', '0'),
(5964, 296, '19', '0'),
(5965, 296, '17', '0'),
(5966, 296, '29', '0'),
(5967, 296, '26', '0'),
(5968, 296, '27', '0'),
(5969, 296, '18', '0'),
(5970, 296, '32', '0'),
(5971, 296, '21', '0'),
(5972, 296, '33', '0'),
(5973, 296, '15', '0'),
(5974, 296, '16', '0'),
(5975, 296, '22', '0'),
(5976, 296, '24', '0'),
(5977, 296, '13', '0'),
(5978, 296, '14', '0'),
(5979, 296, '20', '0'),
(5980, 296, '30', '0'),
(5981, 297, '27', '0'),
(5982, 297, '16', '0'),
(5983, 297, '23', '0'),
(5984, 297, '14', '0'),
(5985, 297, '13', '0'),
(5986, 297, '20', '0'),
(5987, 297, '26', '0'),
(5988, 297, '30', '0'),
(5989, 297, '15', '0'),
(5990, 297, '17', '0'),
(5991, 297, '28', '0'),
(5992, 297, '24', '0'),
(5993, 297, '25', '0'),
(5994, 297, '18', '0'),
(5995, 297, '31', '0'),
(5996, 297, '29', '0'),
(5997, 297, '22', '0'),
(5998, 297, '19', '0'),
(5999, 297, '21', '0'),
(6000, 297, '33', '0'),
(6001, 298, '25', '0'),
(6002, 298, '22', '0'),
(6003, 298, '31', '0'),
(6004, 298, '19', '0'),
(6005, 298, '24', '0'),
(6006, 298, '33', '0'),
(6007, 298, '30', '0'),
(6008, 298, '28', '0'),
(6009, 298, '14', '0'),
(6010, 298, '18', '0'),
(6011, 298, '20', '0'),
(6012, 298, '32', '0'),
(6013, 298, '16', '0'),
(6014, 298, '17', '0'),
(6015, 298, '13', '0'),
(6016, 298, '15', '0'),
(6017, 298, '26', '0'),
(6018, 298, '29', '0'),
(6019, 298, '21', '0'),
(6020, 298, '23', '0'),
(6021, 299, '29', '0'),
(6022, 299, '20', '0'),
(6023, 299, '25', '0'),
(6024, 299, '28', '0'),
(6025, 299, '15', '0'),
(6026, 299, '22', '0'),
(6027, 299, '27', '0'),
(6028, 299, '17', '0'),
(6029, 299, '26', '0'),
(6030, 299, '23', '0'),
(6031, 299, '18', '0'),
(6032, 299, '19', '0'),
(6033, 299, '13', '0'),
(6034, 299, '16', '0'),
(6035, 299, '32', '0'),
(6036, 299, '14', '0'),
(6037, 299, '30', '0'),
(6038, 299, '31', '0'),
(6039, 299, '33', '0'),
(6040, 299, '21', '0'),
(6041, 300, '14', '0'),
(6042, 300, '23', '0'),
(6043, 300, '20', '0'),
(6044, 300, '16', '0'),
(6045, 300, '15', '0'),
(6046, 300, '25', '0'),
(6047, 300, '30', '0'),
(6048, 300, '18', '0'),
(6049, 300, '22', '0'),
(6050, 300, '33', '0'),
(6051, 300, '28', '0'),
(6052, 300, '26', '0'),
(6053, 300, '21', '0'),
(6054, 300, '17', '0'),
(6055, 300, '27', '0'),
(6056, 300, '29', '0'),
(6057, 300, '19', '0'),
(6058, 300, '24', '0'),
(6059, 300, '32', '0'),
(6060, 300, '31', '0'),
(6061, 301, '30', '0'),
(6062, 301, '13', '0'),
(6063, 301, '18', '0'),
(6064, 301, '21', '0'),
(6065, 301, '14', '0'),
(6066, 301, '25', '0'),
(6067, 301, '27', '0'),
(6068, 301, '32', '0'),
(6069, 301, '33', '0'),
(6070, 301, '15', '0'),
(6071, 301, '16', '0'),
(6072, 301, '28', '0'),
(6073, 301, '29', '0'),
(6074, 301, '24', '0'),
(6075, 301, '22', '0'),
(6076, 301, '31', '0'),
(6077, 301, '19', '0'),
(6078, 301, '17', '0'),
(6079, 301, '23', '0'),
(6080, 301, '20', '0'),
(6081, 302, '15', '0'),
(6082, 302, '29', '0'),
(6083, 302, '32', '0'),
(6084, 302, '28', '0'),
(6085, 302, '27', '0'),
(6086, 302, '16', '0'),
(6087, 302, '21', '0'),
(6088, 302, '31', '0'),
(6089, 302, '33', '0'),
(6090, 302, '20', '0'),
(6091, 302, '26', '0'),
(6092, 302, '24', '0'),
(6093, 302, '18', '0'),
(6094, 302, '22', '0'),
(6095, 302, '19', '0'),
(6096, 302, '23', '0'),
(6097, 302, '17', '0'),
(6098, 302, '25', '0'),
(6099, 302, '30', '0'),
(6100, 302, '13', '0'),
(6101, 303, '25', '0'),
(6102, 303, '22', '0'),
(6103, 303, '17', '0'),
(6104, 303, '14', '0'),
(6105, 303, '29', '0'),
(6106, 303, '33', '0'),
(6107, 303, '21', '0'),
(6108, 303, '19', '0'),
(6109, 303, '23', '0'),
(6110, 303, '26', '0'),
(6111, 303, '15', '0'),
(6112, 303, '16', '0'),
(6113, 303, '18', '0'),
(6114, 303, '24', '0'),
(6115, 303, '32', '0'),
(6116, 303, '30', '0'),
(6117, 303, '31', '0'),
(6118, 303, '27', '0'),
(6119, 303, '20', '0'),
(6120, 303, '13', '0'),
(6121, 304, '27', '0'),
(6122, 304, '23', '0'),
(6123, 304, '26', '0'),
(6124, 304, '17', '0'),
(6125, 304, '32', '0'),
(6126, 304, '28', '0'),
(6127, 304, '33', '0'),
(6128, 304, '18', '0'),
(6129, 304, '19', '0'),
(6130, 304, '24', '0'),
(6131, 304, '22', '0'),
(6132, 304, '16', '0'),
(6133, 304, '25', '0'),
(6134, 304, '31', '0'),
(6135, 304, '30', '0'),
(6136, 304, '20', '0'),
(6137, 304, '15', '0'),
(6138, 304, '13', '0'),
(6139, 304, '14', '0'),
(6140, 304, '29', '0'),
(6141, 305, '15', '0'),
(6142, 305, '16', '0'),
(6143, 305, '26', '0'),
(6144, 305, '17', '0'),
(6145, 305, '29', '0'),
(6146, 305, '21', '0'),
(6147, 305, '31', '0'),
(6148, 305, '30', '0'),
(6149, 305, '19', '0'),
(6150, 305, '22', '0'),
(6151, 305, '33', '0'),
(6152, 305, '18', '0'),
(6153, 305, '25', '0'),
(6154, 305, '32', '0'),
(6155, 305, '28', '0'),
(6156, 305, '20', '0'),
(6157, 305, '27', '0'),
(6158, 305, '13', '0'),
(6159, 305, '24', '0'),
(6160, 305, '14', '0'),
(6161, 306, '26', '0'),
(6162, 306, '25', '0'),
(6163, 306, '27', '0'),
(6164, 306, '30', '0'),
(6165, 306, '24', '0'),
(6166, 306, '16', '0'),
(6167, 306, '23', '0'),
(6168, 306, '28', '0'),
(6169, 306, '18', '0'),
(6170, 306, '13', '0'),
(6171, 306, '17', '0'),
(6172, 306, '29', '0'),
(6173, 306, '33', '0'),
(6174, 306, '21', '0'),
(6175, 306, '19', '0'),
(6176, 306, '20', '0'),
(6177, 306, '32', '0'),
(6178, 306, '22', '0'),
(6179, 306, '31', '0'),
(6180, 306, '14', '0'),
(6181, 307, '13', '0'),
(6182, 307, '26', '0'),
(6183, 307, '15', '0'),
(6184, 307, '23', '0'),
(6185, 307, '28', '0'),
(6186, 307, '29', '0'),
(6187, 307, '27', '0'),
(6188, 307, '32', '0'),
(6189, 307, '16', '0'),
(6190, 307, '33', '0'),
(6191, 307, '22', '0'),
(6192, 307, '31', '0'),
(6193, 307, '24', '0'),
(6194, 307, '14', '0'),
(6195, 307, '21', '0'),
(6196, 307, '17', '0'),
(6197, 307, '25', '0'),
(6198, 307, '18', '0'),
(6199, 307, '20', '0'),
(6200, 307, '19', '0'),
(6201, 308, '33', '0'),
(6202, 308, '32', '0'),
(6203, 308, '31', '0'),
(6204, 308, '153', '0'),
(6205, 308, '29', '0'),
(6206, 308, '26', '0'),
(6207, 308, '17', '0'),
(6208, 308, '18', '0'),
(6209, 308, '13', '0'),
(6210, 308, '15', '0'),
(6211, 308, '21', '0'),
(6212, 308, '25', '0'),
(6213, 308, '19', '0'),
(6214, 308, '22', '0'),
(6215, 308, '14', '0'),
(6216, 308, '16', '0'),
(6217, 308, '23', '0'),
(6218, 308, '30', '0'),
(6219, 308, '20', '0'),
(6220, 308, '28', '0'),
(6221, 309, '24', '0'),
(6222, 309, '17', '0'),
(6223, 309, '26', '0'),
(6224, 309, '23', '0'),
(6225, 309, '22', '0'),
(6226, 309, '31', '0'),
(6227, 309, '21', '0'),
(6228, 309, '28', '0'),
(6229, 309, '151', '0'),
(6230, 309, '32', '0'),
(6231, 309, '16', '0'),
(6232, 309, '153', '0'),
(6233, 309, '33', '0'),
(6234, 309, '152', '0'),
(6235, 309, '18', '0'),
(6236, 309, '25', '0'),
(6237, 309, '27', '0'),
(6238, 309, '20', '0'),
(6239, 309, '15', '0'),
(6240, 309, '29', '0'),
(6241, 310, '28', '0'),
(6242, 310, '13', '0'),
(6243, 310, '15', '0'),
(6244, 310, '151', '0'),
(6245, 310, '29', '0'),
(6246, 310, '152', '0'),
(6247, 310, '31', '0'),
(6248, 310, '19', '0'),
(6249, 310, '20', '0'),
(6250, 310, '32', '0'),
(6251, 310, '14', '0'),
(6252, 310, '24', '0'),
(6253, 310, '22', '0'),
(6254, 310, '21', '0'),
(6255, 310, '23', '0'),
(6256, 310, '153', '0'),
(6257, 310, '30', '0'),
(6258, 310, '18', '0'),
(6259, 310, '16', '0'),
(6260, 310, '33', '0'),
(6261, 311, '21', '0'),
(6262, 311, '18', '0'),
(6263, 311, '26', '0'),
(6264, 311, '22', '0'),
(6265, 311, '15', '0'),
(6266, 311, '17', '0'),
(6267, 311, '13', '0'),
(6268, 311, '29', '0'),
(6269, 311, '32', '0'),
(6270, 311, '33', '0'),
(6271, 311, '23', '0'),
(6272, 311, '30', '0'),
(6273, 311, '14', '0'),
(6274, 311, '27', '0'),
(6275, 311, '28', '0'),
(6276, 311, '153', '0'),
(6277, 311, '20', '0'),
(6278, 311, '19', '0'),
(6279, 311, '31', '0'),
(6280, 311, '151', '0'),
(6281, 312, '30', '0'),
(6282, 312, '31', '0'),
(6283, 312, '151', '0'),
(6284, 312, '19', '0'),
(6285, 312, '15', '0'),
(6286, 312, '16', '0'),
(6287, 312, '27', '0'),
(6288, 312, '14', '0'),
(6289, 312, '33', '0'),
(6290, 312, '23', '0'),
(6291, 312, '18', '0'),
(6292, 312, '21', '0'),
(6293, 312, '13', '0'),
(6294, 312, '32', '0'),
(6295, 312, '153', '0'),
(6296, 312, '25', '0'),
(6297, 312, '17', '0'),
(6298, 312, '22', '0'),
(6299, 312, '24', '0'),
(6300, 312, '152', '0'),
(6301, 313, '32', '0'),
(6302, 313, '16', '0'),
(6303, 313, '33', '0'),
(6304, 313, '25', '0'),
(6305, 313, '26', '0'),
(6306, 313, '151', '0'),
(6307, 313, '17', '0'),
(6308, 313, '14', '0'),
(6309, 313, '13', '0'),
(6310, 313, '30', '0'),
(6311, 313, '28', '0'),
(6312, 313, '21', '0'),
(6313, 313, '15', '0'),
(6314, 313, '31', '0'),
(6315, 313, '19', '0'),
(6316, 313, '24', '0'),
(6317, 313, '20', '0'),
(6318, 313, '27', '0'),
(6319, 313, '153', '0'),
(6320, 313, '29', '0'),
(6321, 314, '31', '0'),
(6322, 314, '13', '0'),
(6323, 314, '17', '0'),
(6324, 314, '24', '0'),
(6325, 314, '151', '0'),
(6326, 314, '18', '0'),
(6327, 314, '152', '0'),
(6328, 314, '26', '0'),
(6329, 314, '25', '0'),
(6330, 314, '29', '0'),
(6331, 314, '21', '0'),
(6332, 314, '32', '0'),
(6333, 314, '33', '0'),
(6334, 314, '27', '0'),
(6335, 314, '15', '0'),
(6336, 314, '22', '0'),
(6337, 314, '19', '0'),
(6338, 314, '153', '0'),
(6339, 314, '14', '0'),
(6340, 314, '16', '0'),
(6341, 315, '33', '0'),
(6342, 315, '15', '0'),
(6343, 315, '31', '0'),
(6344, 315, '18', '0'),
(6345, 315, '153', '0'),
(6346, 315, '32', '0'),
(6347, 315, '23', '0'),
(6348, 315, '21', '0'),
(6349, 315, '151', '0'),
(6350, 315, '26', '0'),
(6351, 315, '16', '0'),
(6352, 315, '30', '0'),
(6353, 315, '152', '0'),
(6354, 315, '19', '0'),
(6355, 315, '20', '0'),
(6356, 315, '25', '0'),
(6357, 315, '27', '0'),
(6358, 315, '22', '0'),
(6359, 315, '28', '0'),
(6360, 315, '24', '0'),
(6361, 316, '32', '0'),
(6362, 316, '17', '0'),
(6363, 316, '20', '0'),
(6364, 316, '28', '0'),
(6365, 316, '26', '0'),
(6366, 316, '15', '0'),
(6367, 316, '27', '0'),
(6368, 316, '33', '0'),
(6369, 316, '22', '0'),
(6370, 316, '152', '0'),
(6371, 316, '30', '0'),
(6372, 316, '153', '0'),
(6373, 316, '151', '0'),
(6374, 316, '21', '0'),
(6375, 316, '14', '0'),
(6376, 316, '31', '0'),
(6377, 316, '19', '0'),
(6378, 316, '29', '0'),
(6379, 316, '25', '0'),
(6380, 316, '18', '0'),
(6381, 317, '152', '0'),
(6382, 317, '151', '0'),
(6383, 317, '19', '0'),
(6384, 317, '24', '0'),
(6385, 317, '30', '0'),
(6386, 317, '16', '0'),
(6387, 317, '17', '0'),
(6388, 317, '22', '0'),
(6389, 317, '21', '0'),
(6390, 317, '18', '0'),
(6391, 317, '23', '0'),
(6392, 317, '26', '0'),
(6393, 317, '32', '0'),
(6394, 317, '29', '0'),
(6395, 317, '25', '0'),
(6396, 317, '13', '0'),
(6397, 317, '27', '0'),
(6398, 317, '33', '0'),
(6399, 317, '20', '0'),
(6400, 317, '14', '0'),
(6401, 318, '31', '0'),
(6402, 318, '28', '0'),
(6403, 318, '33', '0'),
(6404, 318, '13', '0'),
(6405, 318, '26', '0'),
(6406, 318, '30', '0'),
(6407, 318, '23', '0'),
(6408, 318, '16', '0'),
(6409, 318, '14', '0'),
(6410, 318, '21', '0'),
(6411, 318, '25', '0'),
(6412, 318, '22', '0'),
(6413, 318, '153', '0'),
(6414, 318, '152', '0'),
(6415, 318, '27', '0'),
(6416, 318, '18', '0'),
(6417, 318, '24', '0'),
(6418, 318, '17', '0'),
(6419, 318, '19', '0'),
(6420, 318, '20', '0'),
(6421, 319, '21', '0'),
(6422, 319, '17', '0'),
(6423, 319, '33', '0'),
(6424, 319, '18', '0'),
(6425, 319, '14', '0'),
(6426, 319, '23', '0'),
(6427, 319, '153', '0'),
(6428, 319, '31', '0'),
(6429, 319, '19', '0'),
(6430, 319, '22', '0'),
(6431, 319, '29', '0'),
(6432, 319, '30', '0'),
(6433, 319, '27', '0'),
(6434, 319, '32', '0'),
(6435, 319, '151', '0'),
(6436, 319, '15', '0'),
(6437, 319, '28', '0'),
(6438, 319, '26', '0'),
(6439, 319, '24', '0'),
(6440, 319, '25', '0'),
(6441, 320, '24', '0'),
(6442, 320, '153', '0'),
(6443, 320, '27', '0'),
(6444, 320, '33', '0'),
(6445, 320, '18', '0'),
(6446, 320, '22', '0'),
(6447, 320, '26', '0'),
(6448, 320, '13', '0'),
(6449, 320, '17', '0'),
(6450, 320, '29', '0'),
(6451, 320, '25', '0'),
(6452, 320, '16', '0'),
(6453, 320, '23', '0'),
(6454, 320, '30', '0'),
(6455, 320, '21', '0'),
(6456, 320, '32', '0'),
(6457, 320, '31', '0'),
(6458, 320, '14', '0'),
(6459, 320, '15', '0'),
(6460, 320, '28', '0'),
(6461, 321, '27', '0'),
(6462, 321, '24', '0'),
(6463, 321, '152', '0'),
(6464, 321, '16', '0'),
(6465, 321, '28', '0'),
(6466, 321, '15', '0'),
(6467, 321, '30', '0'),
(6468, 321, '31', '0'),
(6469, 321, '25', '0'),
(6470, 321, '33', '0'),
(6471, 321, '14', '0'),
(6472, 321, '29', '0'),
(6473, 321, '17', '0'),
(6474, 321, '153', '0'),
(6475, 321, '26', '0'),
(6476, 321, '19', '0'),
(6477, 321, '32', '0'),
(6478, 321, '20', '0'),
(6479, 321, '21', '0'),
(6480, 321, '18', '0'),
(6481, 322, '21', '0'),
(6482, 322, '24', '0'),
(6483, 322, '30', '0'),
(6484, 322, '13', '0'),
(6485, 322, '22', '0'),
(6486, 322, '17', '0'),
(6487, 322, '33', '0'),
(6488, 322, '14', '0'),
(6489, 322, '151', '0'),
(6490, 322, '152', '0'),
(6491, 322, '31', '0'),
(6492, 322, '19', '0'),
(6493, 322, '15', '0'),
(6494, 322, '25', '0'),
(6495, 322, '27', '0'),
(6496, 322, '18', '0'),
(6497, 322, '26', '0'),
(6498, 322, '16', '0'),
(6499, 322, '153', '0'),
(6500, 322, '32', '0'),
(6501, 323, '23', '0'),
(6502, 323, '21', '0'),
(6503, 323, '31', '0'),
(6504, 323, '19', '0'),
(6505, 323, '14', '0'),
(6506, 323, '29', '0'),
(6507, 323, '17', '0'),
(6508, 323, '153', '0'),
(6509, 323, '33', '0'),
(6510, 323, '13', '0'),
(6511, 323, '27', '0'),
(6512, 323, '152', '0'),
(6513, 323, '28', '0'),
(6514, 323, '16', '0'),
(6515, 323, '30', '0'),
(6516, 323, '18', '0'),
(6517, 323, '26', '0'),
(6518, 323, '151', '0'),
(6519, 323, '25', '0'),
(6520, 323, '24', '0'),
(6521, 324, '152', '0'),
(6522, 324, '14', '0'),
(6523, 324, '22', '0'),
(6524, 324, '32', '0'),
(6525, 324, '19', '0'),
(6526, 324, '26', '0'),
(6527, 324, '31', '0'),
(6528, 324, '17', '0'),
(6529, 324, '153', '0'),
(6530, 324, '30', '0'),
(6531, 324, '23', '0'),
(6532, 324, '25', '0'),
(6533, 324, '15', '0'),
(6534, 324, '13', '0'),
(6535, 324, '33', '0'),
(6536, 324, '16', '0'),
(6537, 324, '28', '0'),
(6538, 324, '24', '0'),
(6539, 324, '21', '0'),
(6540, 324, '18', '0'),
(6541, 325, '16', '0'),
(6542, 325, '31', '0'),
(6543, 325, '26', '0'),
(6544, 325, '153', '0'),
(6545, 325, '22', '0'),
(6546, 325, '32', '0'),
(6547, 325, '25', '0'),
(6548, 325, '20', '0'),
(6549, 325, '15', '0'),
(6550, 325, '28', '0'),
(6551, 325, '21', '0'),
(6552, 325, '33', '0'),
(6553, 325, '30', '0'),
(6554, 325, '19', '0'),
(6555, 325, '17', '0'),
(6556, 325, '14', '0'),
(6557, 325, '152', '0'),
(6558, 325, '18', '0'),
(6559, 325, '13', '0'),
(6560, 325, '29', '0'),
(6561, 326, '27', '0'),
(6562, 326, '24', '0'),
(6563, 326, '22', '0'),
(6564, 326, '151', '0'),
(6565, 326, '152', '0'),
(6566, 326, '26', '0'),
(6567, 326, '32', '0'),
(6568, 326, '14', '0'),
(6569, 326, '13', '0'),
(6570, 326, '153', '0'),
(6571, 326, '20', '0'),
(6572, 326, '30', '0'),
(6573, 326, '21', '0'),
(6574, 326, '31', '0'),
(6575, 326, '28', '0'),
(6576, 326, '15', '0'),
(6577, 326, '33', '0'),
(6578, 326, '19', '0'),
(6579, 326, '29', '0'),
(6580, 326, '25', '0'),
(6581, 327, '25', '0'),
(6582, 327, '152', '0'),
(6583, 327, '21', '0'),
(6584, 327, '19', '0'),
(6585, 327, '29', '0'),
(6586, 327, '26', '0'),
(6587, 327, '23', '0'),
(6588, 327, '24', '0'),
(6589, 327, '14', '0'),
(6590, 327, '31', '0'),
(6591, 327, '153', '0'),
(6592, 327, '13', '0'),
(6593, 327, '16', '0'),
(6594, 327, '15', '0'),
(6595, 327, '151', '0'),
(6596, 327, '33', '0'),
(6597, 327, '17', '0'),
(6598, 327, '20', '0'),
(6599, 327, '27', '0'),
(6600, 327, '22', '0'),
(6601, 328, '13', '0'),
(6602, 328, '21', '0'),
(6603, 328, '31', '0'),
(6604, 328, '22', '0'),
(6605, 328, '17', '0'),
(6606, 328, '19', '0'),
(6607, 328, '33', '0'),
(6608, 328, '14', '0'),
(6609, 328, '20', '0'),
(6610, 328, '18', '0'),
(6611, 328, '24', '0'),
(6612, 328, '152', '0'),
(6613, 328, '26', '0'),
(6614, 328, '25', '0'),
(6615, 328, '23', '0'),
(6616, 328, '27', '0'),
(6617, 328, '153', '0'),
(6618, 328, '29', '0'),
(6619, 328, '15', '0'),
(6620, 328, '30', '0'),
(6621, 329, '20', '0'),
(6622, 329, '14', '0'),
(6623, 329, '18', '0'),
(6624, 329, '22', '0'),
(6625, 329, '26', '0'),
(6626, 329, '27', '0'),
(6627, 329, '19', '0'),
(6628, 329, '24', '0'),
(6629, 329, '23', '0'),
(6630, 329, '31', '0'),
(6631, 329, '32', '0'),
(6632, 329, '21', '0'),
(6633, 329, '29', '0'),
(6634, 329, '151', '0'),
(6635, 329, '30', '0'),
(6636, 329, '15', '0'),
(6637, 329, '25', '0'),
(6638, 329, '28', '0'),
(6639, 329, '152', '0'),
(6640, 329, '17', '0'),
(6641, 330, '13', '0'),
(6642, 330, '27', '0'),
(6643, 330, '21', '0'),
(6644, 330, '25', '0'),
(6645, 330, '15', '0'),
(6646, 330, '152', '0'),
(6647, 330, '153', '0'),
(6648, 330, '33', '0'),
(6649, 330, '24', '0'),
(6650, 330, '29', '0'),
(6651, 330, '26', '0'),
(6652, 330, '22', '0'),
(6653, 330, '17', '0'),
(6654, 330, '30', '0'),
(6655, 330, '23', '0'),
(6656, 330, '14', '0'),
(6657, 330, '20', '0'),
(6658, 330, '32', '0'),
(6659, 330, '31', '0'),
(6660, 330, '18', '0'),
(6661, 331, '16', '0'),
(6662, 331, '13', '0'),
(6663, 331, '33', '0'),
(6664, 331, '15', '0'),
(6665, 331, '151', '0'),
(6666, 331, '20', '0'),
(6667, 331, '14', '0'),
(6668, 331, '153', '0'),
(6669, 331, '26', '0'),
(6670, 331, '28', '0'),
(6671, 331, '22', '0'),
(6672, 331, '31', '0'),
(6673, 331, '24', '0'),
(6674, 331, '32', '0'),
(6675, 331, '23', '0'),
(6676, 331, '152', '0'),
(6677, 331, '18', '0'),
(6678, 331, '27', '0'),
(6679, 331, '17', '0'),
(6680, 331, '29', '0'),
(6681, 332, '13', '0'),
(6682, 332, '32', '0'),
(6683, 332, '24', '0'),
(6684, 332, '151', '0'),
(6685, 332, '29', '0'),
(6686, 332, '21', '0'),
(6687, 332, '33', '0'),
(6688, 332, '16', '0'),
(6689, 332, '31', '0'),
(6690, 332, '26', '0'),
(6691, 332, '19', '0'),
(6692, 332, '22', '0'),
(6693, 332, '20', '0'),
(6694, 332, '18', '0'),
(6695, 332, '153', '0'),
(6696, 332, '25', '0'),
(6697, 332, '152', '0'),
(6698, 332, '27', '0'),
(6699, 332, '15', '0'),
(6700, 332, '17', '0'),
(6701, 333, '25', '0'),
(6702, 333, '26', '0'),
(6703, 333, '23', '0'),
(6704, 333, '22', '0'),
(6705, 333, '151', '0'),
(6706, 333, '30', '0'),
(6707, 333, '18', '0'),
(6708, 333, '14', '0'),
(6709, 333, '24', '0'),
(6710, 333, '15', '0'),
(6711, 333, '33', '0'),
(6712, 333, '31', '0'),
(6713, 333, '32', '0'),
(6714, 333, '27', '0'),
(6715, 333, '13', '0'),
(6716, 333, '19', '0'),
(6717, 333, '153', '0'),
(6718, 333, '28', '0'),
(6719, 333, '20', '0'),
(6720, 333, '17', '0'),
(6721, 334, '152', '0'),
(6722, 334, '18', '0'),
(6723, 334, '27', '0'),
(6724, 334, '26', '0'),
(6725, 334, '28', '0'),
(6726, 334, '25', '0'),
(6727, 334, '30', '0'),
(6728, 334, '16', '0'),
(6729, 334, '153', '0'),
(6730, 334, '29', '0'),
(6731, 334, '20', '0'),
(6732, 334, '15', '0'),
(6733, 334, '22', '0'),
(6734, 334, '21', '0'),
(6735, 334, '24', '0'),
(6736, 334, '17', '0'),
(6737, 334, '32', '0'),
(6738, 334, '151', '0'),
(6739, 334, '14', '0'),
(6740, 334, '19', '0'),
(6741, 335, '15', '0'),
(6742, 335, '18', '0'),
(6743, 335, '24', '0'),
(6744, 335, '32', '0'),
(6745, 335, '29', '0'),
(6746, 335, '13', '0'),
(6747, 335, '26', '0'),
(6748, 335, '17', '0'),
(6749, 335, '23', '0'),
(6750, 335, '33', '0'),
(6751, 335, '151', '0'),
(6752, 335, '22', '0'),
(6753, 335, '14', '0'),
(6754, 335, '25', '0'),
(6755, 335, '27', '0'),
(6756, 335, '20', '0'),
(6757, 335, '19', '0'),
(6758, 335, '16', '0'),
(6759, 335, '31', '0'),
(6760, 335, '152', '0'),
(6761, 336, '16', '0'),
(6762, 336, '15', '0'),
(6763, 336, '17', '0'),
(6764, 336, '14', '0'),
(6765, 336, '18', '0'),
(6766, 336, '25', '0'),
(6767, 336, '28', '0'),
(6768, 336, '151', '0'),
(6769, 336, '19', '0'),
(6770, 336, '33', '0'),
(6771, 336, '24', '0'),
(6772, 336, '13', '0'),
(6773, 336, '26', '0'),
(6774, 336, '32', '0'),
(6775, 336, '21', '0'),
(6776, 336, '20', '0'),
(6777, 336, '29', '0'),
(6778, 336, '153', '0'),
(6779, 336, '27', '0'),
(6780, 336, '22', '0'),
(6781, 337, '14', '0'),
(6782, 337, '31', '0'),
(6783, 337, '23', '0'),
(6784, 337, '15', '0'),
(6785, 337, '32', '0'),
(6786, 337, '29', '0'),
(6787, 337, '19', '0'),
(6788, 337, '22', '0'),
(6789, 337, '24', '0'),
(6790, 337, '30', '0'),
(6791, 337, '13', '0'),
(6792, 337, '16', '0'),
(6793, 337, '27', '0'),
(6794, 337, '152', '0'),
(6795, 337, '20', '0'),
(6796, 337, '25', '0'),
(6797, 337, '21', '0'),
(6798, 337, '153', '0'),
(6799, 337, '33', '0'),
(6800, 337, '28', '0'),
(6801, 338, '20', '0'),
(6802, 338, '28', '0'),
(6803, 338, '25', '0'),
(6804, 338, '26', '0'),
(6805, 338, '29', '0'),
(6806, 338, '27', '0'),
(6807, 338, '30', '0'),
(6808, 338, '19', '0'),
(6809, 338, '31', '0'),
(6810, 338, '21', '0'),
(6811, 338, '15', '0'),
(6812, 338, '153', '0'),
(6813, 338, '151', '0'),
(6814, 338, '24', '0'),
(6815, 338, '16', '0'),
(6816, 338, '18', '0'),
(6817, 338, '17', '0'),
(6818, 338, '33', '0'),
(6819, 338, '14', '0'),
(6820, 338, '32', '0'),
(6821, 339, '28', '0'),
(6822, 339, '31', '0'),
(6823, 339, '15', '0'),
(6824, 339, '24', '0'),
(6825, 339, '19', '0'),
(6826, 339, '27', '0'),
(6827, 339, '29', '0'),
(6828, 339, '25', '0'),
(6829, 339, '22', '0'),
(6830, 339, '20', '0'),
(6831, 339, '26', '0'),
(6832, 339, '18', '0'),
(6833, 339, '17', '0'),
(6834, 339, '30', '0'),
(6835, 339, '151', '0'),
(6836, 339, '14', '0'),
(6837, 339, '152', '0'),
(6838, 339, '21', '0'),
(6839, 339, '13', '0'),
(6840, 339, '33', '0'),
(6841, 340, '23', '0'),
(6842, 340, '26', '0'),
(6843, 340, '33', '0'),
(6844, 340, '15', '0'),
(6845, 340, '13', '0'),
(6846, 340, '21', '0'),
(6847, 340, '29', '0'),
(6848, 340, '30', '0'),
(6849, 340, '19', '0'),
(6850, 340, '20', '0'),
(6851, 340, '31', '0'),
(6852, 340, '18', '0'),
(6853, 340, '22', '0'),
(6854, 340, '24', '0'),
(6855, 340, '153', '0'),
(6856, 340, '28', '0'),
(6857, 340, '151', '0'),
(6858, 340, '16', '0'),
(6859, 340, '17', '0'),
(6860, 340, '152', '0');

-- --------------------------------------------------------

--
-- 表的结构 `praise`
--

CREATE TABLE IF NOT EXISTS `praise` (
  `prid` int(11) NOT NULL AUTO_INCREMENT COMMENT '赞id',
  `uid` int(11) NOT NULL COMMENT '用户id',
  `trid` int(11) NOT NULL COMMENT '动态id',
  `createtime` int(11) NOT NULL COMMENT '创建时间',
  PRIMARY KEY (`prid`)
) ENGINE=InnoDB  DEFAULT CHARSET=utf8 COMMENT='赞和转发表' AUTO_INCREMENT=11 ;

--
-- 转存表中的数据 `praise`
--

INSERT INTO `praise` (`prid`, `uid`, `trid`, `createtime`) VALUES
(5, 13, 18, 1398762691),
(6, 13, 19, 1398762991),
(7, 13, 2, 1398763028),
(8, 13, 14, 1398763744),
(10, 13, 25, 1399280343);

-- --------------------------------------------------------

--
-- 表的结构 `privateletter`
--

CREATE TABLE IF NOT EXISTS `privateletter` (
  `leid` int(11) NOT NULL AUTO_INCREMENT COMMENT '私信id',
  `uid` int(11) NOT NULL COMMENT '用户id',
  `exid` int(11) NOT NULL COMMENT '专家ID',
  `content` text NOT NULL COMMENT '内容',
  `createtime` int(11) NOT NULL COMMENT '创建时间',
  PRIMARY KEY (`leid`)
) ENGINE=InnoDB  DEFAULT CHARSET=utf8 COMMENT='私信表' AUTO_INCREMENT=21 ;

--
-- 转存表中的数据 `privateletter`
--

INSERT INTO `privateletter` (`leid`, `uid`, `exid`, `content`, `createtime`) VALUES
(1, 13, 6, '最近是否有新书要发', 1399281348),
(2, 13, 6, '飞凤飞飞凤飞飞凤飞飞凤飞飞', 1399281348),
(3, 13, 17, '棒棒棒棒棒棒', 1399281348),
(4, 13, 17, '啦啦啦啦啦啦啦啦', 1399281348),
(5, 6, 13, '刚刚更换哈哈\n', 1399364361),
(6, 6, 13, '回家斤斤计较', 1399364361),
(7, 6, 13, '斤斤计较解决', 1399364361),
(8, 6, 13, '斑斑驳驳吧吧', 1399364361),
(9, 17, 13, '恍恍惚惚红红火火', 1399368333),
(10, 6, 13, '呵呵呵呵呵呵', 1400137405),
(11, 6, 13, 'asdfasdf', 1400145694),
(12, 6, 13, 'sdfasdfasdf', 1400145736),
(13, 6, 13, 'Sdfasdf', 1400145785),
(14, 6, 13, 'dsfasdfasdfasdfasdf', 1400205617),
(15, 6, 13, 'asdfasdfasdf', 1400205671),
(16, 6, 13, '斤斤计较解决', 1400206124),
(17, 13, 29, '人人人', 0),
(18, 13, 29, 'g g g', 0),
(19, 13, 24, '好多好好的好的话', 0),
(20, 6, 13, '哈哈', 1402910777);

-- --------------------------------------------------------

--
-- 表的结构 `purchasedcourses`
--

CREATE TABLE IF NOT EXISTS `purchasedcourses` (
  `purcid` int(11) NOT NULL AUTO_INCREMENT COMMENT '自增长ID',
  `userid` int(11) NOT NULL COMMENT '用户索引id',
  `courseid` int(11) NOT NULL COMMENT '课程索引id',
  `createtime` datetime DEFAULT NULL COMMENT '购买时间',
  PRIMARY KEY (`purcid`)
) ENGINE=MyISAM  DEFAULT CHARSET=utf8 CHECKSUM=1 DELAY_KEY_WRITE=1 ROW_FORMAT=DYNAMIC COMMENT='用户购买课程信息表' AUTO_INCREMENT=55 ;

--
-- 转存表中的数据 `purchasedcourses`
--

INSERT INTO `purchasedcourses` (`purcid`, `userid`, `courseid`, `createtime`) VALUES
(54, 73, 17, '2014-05-25 19:56:26'),
(10, 15, 17, '0000-00-00 00:00:00'),
(9, 16, 17, '0000-00-00 00:00:00'),
(52, 13, 35, '2014-04-21 13:57:19'),
(8, 17, 17, '0000-00-00 00:00:00'),
(46, 13, 32, '2014-04-08 12:43:23'),
(45, 13, 38, '2014-04-08 12:41:21'),
(53, 13, 17, '2014-04-22 14:49:15'),
(48, 13, 33, '2014-04-08 17:50:28'),
(49, 13, 34, '2014-04-09 16:48:23'),
(51, 13, 20, '2014-04-11 00:00:00');

-- --------------------------------------------------------

--
-- 表的结构 `quesclass`
--

CREATE TABLE IF NOT EXISTS `quesclass` (
  `classid` int(11) NOT NULL AUTO_INCREMENT COMMENT '题型id',
  `classname` varchar(200) NOT NULL,
  `createtime` datetime NOT NULL,
  PRIMARY KEY (`classid`)
) ENGINE=InnoDB  DEFAULT CHARSET=utf8 COMMENT='题型表' AUTO_INCREMENT=6 ;

--
-- 转存表中的数据 `quesclass`
--

INSERT INTO `quesclass` (`classid`, `classname`, `createtime`) VALUES
(1, '数学问答题', '2014-05-12 00:00:00'),
(2, '英文简答题', '2014-05-12 00:00:00'),
(3, '历史选择题', '2014-05-12 00:00:00'),
(4, '化学知识点', '2014-05-14 00:00:00'),
(5, '物理学知识点', '2014-05-14 00:00:00');

-- --------------------------------------------------------

--
-- 表的结构 `question`
--

CREATE TABLE IF NOT EXISTS `question` (
  `qid` int(11) NOT NULL AUTO_INCREMENT COMMENT '问题id',
  `title` varchar(255) NOT NULL COMMENT '问题',
  `correct` varchar(255) NOT NULL COMMENT '正确答案以;分开',
  `analysis` text NOT NULL COMMENT '解析',
  `createtime` datetime NOT NULL COMMENT '创建时间',
  PRIMARY KEY (`qid`)
) ENGINE=MyISAM  DEFAULT CHARSET=utf8 COMMENT='出题表' AUTO_INCREMENT=154 ;

--
-- 转存表中的数据 `question`
--

INSERT INTO `question` (`qid`, `title`, `correct`, `analysis`, `createtime`) VALUES
(13, '下面_ 是化学品标签中的警示词', 'A', '化学品标签中的警示词', '2014-01-20 16:41:18'),
(14, '标明了安全使用注意事项和防护基本要求的是_ ', 'B', '', '2014-01-20 16:41:18'),
(15, '浓硫酸属于_ 化学品', 'B', '', '2014-01-20 16:41:18'),
(16, '搬运剧毒化学品后应该_ ', 'A', '', '2014-01-20 16:41:18'),
(17, '强酸灼伤皮肤不能用_ 冲洗', 'A', '温度上升会导致反应加快', '2014-01-20 16:41:18'),
(18, '吸湿性强、遇水释放较多热量的化学品沾染皮肤后应立刻_。', 'C', '遇水释放较多热量,用水会扩大烧伤面积', '2014-01-20 16:41:18'),
(19, '遇水燃烧物质起火时不能用_ 扑灭', 'B', '泡沫灭火剂中含有大量的水，着火后用泡沫灭火剂扑救会加速燃烧。', '2014-01-20 16:41:18'),
(20, '发生危险化学品事故后应该向_ 方向疏散。', 'B', '向上风方向疏散（即逆风方向），这样防止避免危险化学品吸入人体，而危险化学品则向下风方向扩散', '2014-01-20 16:41:18'),
(21, '进行腐蚀品的装卸作业应该戴_ 手套。', 'B', '', '2014-01-20 16:41:18'),
(22, '在易燃易爆场所穿_ 最危险', 'C', '', '2014-01-20 16:41:18'),
(23, '化学品泄漏事故发生时下面_ 做法是错误的', 'C', '', '2014-01-20 16:41:18'),
(24, '易燃易爆场所不能穿_ 。', 'B', '', '2014-01-20 16:41:18'),
(25, '如果有化学品进入眼睛应立即_ 。', 'B', '', '2014-01-20 16:41:18'),
(26, '在装卸易燃易爆品操作中不能使用_ 工具。', 'A', '', '2014-01-20 16:41:18'),
(27, '为了保证检修动火和罐内作业的安全，检修前要对设备内的易燃易爆、有毒气体进行_ 。', 'A', '', '2014-01-20 16:41:18'),
(28, '防止毒物危害的最佳方法是_ 。', 'C', '', '2014-01-20 16:41:18'),
(29, '各种气瓶的存放，必须距离明火_以上，避免阳光暴晒，搬运时不得碰撞', 'B', '', '2014-01-20 16:41:18'),
(30, '焊割盛装过易燃易爆物品的封闭容器和管道时，必须要_合格。', 'C', '无', '2014-01-20 16:41:18'),
(31, '贮存危险化学品的仓库的管理人员必须配备可靠的_。', 'A', '', '2014-01-20 16:41:18'),
(32, '扑救爆炸物品火灾时， _用沙土盖压，以防造成更大伤害', 'B', '', '2014-01-20 16:41:18'),
(33, '以下危险化学品中，_可以在露天贮存', 'C', '', '2014-01-20 16:41:18'),
(151, '测试知识点问题', 'A', '进行测试没有正确答案', '2014-05-14 16:08:00'),
(152, '测试知识点问题11', '1', '我问问', '2014-05-14 16:08:56'),
(153, '顶顶顶顶', '方法', '飞', '2014-05-14 16:09:41');

-- --------------------------------------------------------

--
-- 表的结构 `quest_ext`
--

CREATE TABLE IF NOT EXISTS `quest_ext` (
  `eid` int(11) NOT NULL AUTO_INCREMENT COMMENT '选项id',
  `flag` varchar(4) NOT NULL COMMENT '选项下标 A,B,C',
  `qid` int(11) NOT NULL COMMENT '问题id',
  `title` varchar(255) NOT NULL COMMENT '选项名称',
  `createtime` datetime NOT NULL COMMENT '创建时间',
  PRIMARY KEY (`eid`)
) ENGINE=MyISAM  DEFAULT CHARSET=utf8 COMMENT='选项表' AUTO_INCREMENT=135 ;

--
-- 转存表中的数据 `quest_ext`
--

INSERT INTO `quest_ext` (`eid`, `flag`, `qid`, `title`, `createtime`) VALUES
(125, 'B', 13, 'B、火灾、爆炸、自燃', '2014-03-04 13:41:14'),
(4, 'A', 16, 'A、用流动的水洗手', '2014-01-20 17:55:57'),
(5, 'B', 16, 'B、吃东西补充体力', '2014-01-20 17:55:57'),
(6, 'C', 16, 'C、休息', '2014-01-20 18:04:13'),
(52, 'A', 15, 'A、爆炸品 ', '0000-00-00 00:00:00'),
(53, 'B', 15, 'B、腐蚀品', '0000-00-00 00:00:00'),
(54, 'C', 15, ' C、易燃液体', '0000-00-00 00:00:00'),
(55, 'A', 14, 'A、化学品标志 ', '0000-00-00 00:00:00'),
(56, 'B', 14, 'B、化学品安全标签 ', '0000-00-00 00:00:00'),
(57, 'C', 14, 'C、.危险化学品标志', '2014-01-20 00:00:00'),
(58, 'A', 17, 'A、热水 ', '0000-00-00 00:00:00'),
(59, 'B', 17, 'B、冷水', '2014-01-21 00:00:00'),
(60, 'C', 17, ' C、弱碱溶液', '2014-01-20 00:00:00'),
(61, 'A', 18, 'A、用清水清洗', '2014-01-20 00:00:00'),
(62, 'B', 18, ' B、用冷水清洗 ', '0000-00-00 00:00:00'),
(63, 'C', 18, 'C、用软纸、软布抹去', '0000-00-00 00:00:00'),
(64, 'A', 19, 'A、干粉灭火剂 ', '2014-01-20 00:00:00'),
(65, 'B', 19, 'B、泡沫灭火剂', '2014-01-20 00:00:00'),
(66, 'C', 19, ' C、二氧化碳灭火剂', '0000-00-00 00:00:00'),
(67, 'A', 20, 'A、下风', '0000-00-00 00:00:00'),
(68, 'B', 20, ' B、上风', '0000-00-00 00:00:00'),
(69, 'C', 20, ' C、顺风', '0000-00-00 00:00:00'),
(70, 'A', 21, ' A、帆布 ', '0000-00-00 00:00:00'),
(71, 'B', 21, 'B、橡胶 ', '0000-00-00 00:00:00'),
(72, 'C', 21, 'C、棉布', '0000-00-00 00:00:00'),
(73, 'A', 22, ' A、布鞋鞋', '0000-00-00 00:00:00'),
(74, 'B', 22, ' B、胶鞋 ', '0000-00-00 00:00:00'),
(75, 'C', 22, 'C、带钉', '0000-00-00 00:00:00'),
(76, 'A', 23, 'A、报警 ', '0000-00-00 00:00:00'),
(77, 'B', 23, 'B、进行交通管制', '0000-00-00 00:00:00'),
(78, 'C', 23, ' C、所有人员参加事故救援', '0000-00-00 00:00:00'),
(79, 'A', 24, 'A、纯棉工作服 ', '0000-00-00 00:00:00'),
(80, 'B', 24, 'B、化纤工作服', '0000-00-00 00:00:00'),
(81, 'C', 24, ' C、防静电工作服', '0000-00-00 00:00:00'),
(82, 'A', 25, 'A、滴氯霉素眼药水 ', '0000-00-00 00:00:00'),
(83, 'B', 25, 'B、用大量清水冲洗眼睛 ', '0000-00-00 00:00:00'),
(84, 'C', 25, 'C、用干净手帕擦拭', '0000-00-00 00:00:00'),
(85, 'A', 26, 'A 工具。', '0000-00-00 00:00:00'),
(86, 'B', 26, 'B、木制', '0000-00-00 00:00:00'),
(87, 'C', 26, ' C、铜制', '0000-00-00 00:00:00'),
(88, 'A', 27, 'A、置换 ', '0000-00-00 00:00:00'),
(89, 'B', 27, 'B、吹扫 ', '0000-00-00 00:00:00'),
(90, 'C', 27, 'C、清理', '0000-00-00 00:00:00'),
(91, 'A', 28, 'A、穿工作服 ', '0000-00-00 00:00:00'),
(92, 'B', 28, 'B、佩戴呼吸器具', '0000-00-00 00:00:00'),
(93, 'C', 28, ' C、使用无毒或低毒的代替品', '0000-00-00 00:00:00'),
(94, 'A', 29, 'A、1 米', '0000-00-00 00:00:00'),
(95, 'B', 29, ' B、3 米', '0000-00-00 00:00:00'),
(96, 'C', 29, ' C、10 米', '0000-00-00 00:00:00'),
(97, 'A', 30, 'A、清洗和密封 ', '0000-00-00 00:00:00'),
(98, 'B', 30, 'B、通风 ', '0000-00-00 00:00:00'),
(99, 'C', 30, 'C、清洗和置换', '0000-00-00 00:00:00'),
(100, 'A', 31, 'A、劳动保护用品 ', '0000-00-00 00:00:00'),
(101, 'B', 31, 'B、安全监测仪器 ', '0000-00-00 00:00:00'),
(102, 'C', 31, 'C、手提消防器材', '0000-00-00 00:00:00'),
(103, 'A', 32, 'A、必须 ', '0000-00-00 00:00:00'),
(104, 'B', 32, 'B、禁止', '0000-00-00 00:00:00'),
(105, 'C', 32, ' C、可以', '0000-00-00 00:00:00'),
(106, 'A', 33, 'A、遇潮能引起燃烧.爆炸的 ', '0000-00-00 00:00:00'),
(107, 'B', 33, 'B、遇潮能发生化学反应的', '0000-00-00 00:00:00'),
(108, 'C', 33, ' C、遇火、热、潮能引起化学反应，产生有毒气体的', '0000-00-00 00:00:00'),
(126, 'A', 13, 'A、.危险、警告、注意', '2014-03-04 13:41:14'),
(124, 'C', 13, 'C、毒性、还原性、氧化性', '2014-03-04 13:41:14'),
(127, 'A', 151, '知识点1', '2014-05-14 16:08:00'),
(128, 'B', 151, '知识点2', '2014-05-14 16:08:00'),
(129, 'C', 151, '知识点3', '2014-05-14 16:08:00'),
(130, 'A', 152, '222', '2014-05-14 16:08:56'),
(131, 'B', 152, '3333', '2014-05-14 16:08:56'),
(132, 'C', 152, '666', '2014-05-14 16:08:56'),
(133, 'A', 153, '哈哈哈', '2014-05-14 16:09:41'),
(134, 'B', 153, '借鉴借鉴', '2014-05-14 16:09:41');

-- --------------------------------------------------------

--
-- 表的结构 `recommends`
--

CREATE TABLE IF NOT EXISTS `recommends` (
  `recommendid` int(11) NOT NULL AUTO_INCREMENT,
  `rtid` int(11) NOT NULL COMMENT '推荐分类',
  `type` tinyint(2) NOT NULL DEFAULT '0' COMMENT '0根据courseid跳转到课程,1跳转到url2.跳转到作者3 首页推荐',
  `recommentdtype` tinyint(2) DEFAULT '0' COMMENT '首页推荐类型 0:首页默认推荐 1：首页焦点大图推荐''',
  `recoclass` tinyint(2) NOT NULL DEFAULT '0' COMMENT '是按自定义推荐位推荐，还是按分类推荐 0默认按分类推荐 1按自定义推荐类型推荐''',
  `title` varchar(200) NOT NULL COMMENT '标题',
  `description` varchar(200) NOT NULL COMMENT '详细描述',
  `courseid` int(11) NOT NULL COMMENT '课程id',
  `url` varchar(200) NOT NULL COMMENT '链接地址',
  `picture` varchar(100) NOT NULL COMMENT '图片',
  `sequery` int(11) NOT NULL COMMENT '排序字段',
  PRIMARY KEY (`recommendid`)
) ENGINE=MyISAM  DEFAULT CHARSET=utf8 COMMENT='推荐位管理' AUTO_INCREMENT=33 ;

--
-- 转存表中的数据 `recommends`
--

INSERT INTO `recommends` (`recommendid`, `rtid`, `type`, `recommentdtype`, `recoclass`, `title`, `description`, `courseid`, `url`, `picture`, `sequery`) VALUES
(29, 10, 0, 0, 0, '集邮趣谈热门', '', 34, '', '/Uploads/7/5343c4843ccfe.jpg', 0),
(28, 11, 0, 0, 0, '集邮趣谈最新', '', 34, '', '/Uploads/6/5343c4689a504.jpg', 0),
(31, 20, 2, 0, 0, '小席', '首席开发工程师', 13, 'ddsddsdsd', '', 0),
(32, 20, 2, 0, 0, '小妮', '', 6, '', '', 0);

-- --------------------------------------------------------

--
-- 表的结构 `recommendtypes`
--

CREATE TABLE IF NOT EXISTS `recommendtypes` (
  `rtid` int(11) NOT NULL AUTO_INCREMENT COMMENT '索引ID',
  `name` varchar(100) NOT NULL COMMENT '推荐位类型名字',
  `tag` varchar(20) NOT NULL COMMENT '推荐位提取标记',
  `checkimg` tinyint(2) NOT NULL DEFAULT '0',
  PRIMARY KEY (`rtid`),
  UNIQUE KEY `uniqtag` (`tag`)
) ENGINE=InnoDB  DEFAULT CHARSET=utf8 COMMENT='推荐位类型管理' AUTO_INCREMENT=22 ;

--
-- 转存表中的数据 `recommendtypes`
--

INSERT INTO `recommendtypes` (`rtid`, `name`, `tag`, `checkimg`) VALUES
(10, '热门', 'HOT', 0),
(11, '最新', 'NEW', 0),
(15, '最热', 'HOTT', 1),
(16, '软件', 'SW', 0),
(17, '电脑', 'PC', 1),
(18, '手机', 'PHONE', 0),
(19, '表单', 'FORM', 1),
(20, '专家', 'teacher', 0),
(21, '首页推荐', 'homepage', 0);

-- --------------------------------------------------------

--
-- 表的结构 `reptrends`
--

CREATE TABLE IF NOT EXISTS `reptrends` (
  `repid` int(11) NOT NULL AUTO_INCREMENT COMMENT '回复id',
  `uid` int(11) NOT NULL COMMENT '回答者id',
  `trid` int(11) NOT NULL COMMENT '动态id',
  `recontent` text NOT NULL COMMENT '回复内容',
  `createtime` int(11) NOT NULL COMMENT '回复时间',
  PRIMARY KEY (`repid`)
) ENGINE=InnoDB  DEFAULT CHARSET=utf8 COMMENT='回复动态表' AUTO_INCREMENT=3 ;

--
-- 转存表中的数据 `reptrends`
--

INSERT INTO `reptrends` (`repid`, `uid`, `trid`, `recontent`, `createtime`) VALUES
(1, 13, 8, '0', 0),
(2, 13, 25, 'jjjjjjjj', 0);

-- --------------------------------------------------------

--
-- 表的结构 `restor`
--

CREATE TABLE IF NOT EXISTS `restor` (
  `restorid` int(11) NOT NULL AUTO_INCREMENT COMMENT '用户自增长ID',
  `userid` int(11) NOT NULL COMMENT '用户id',
  `questid` int(11) DEFAULT NULL COMMENT '回复id',
  `title` varchar(100) DEFAULT NULL COMMENT '标题',
  `content` text COMMENT '回复内容',
  `createtime` datetime DEFAULT NULL COMMENT '回复时间',
  PRIMARY KEY (`restorid`)
) ENGINE=MyISAM DEFAULT CHARSET=utf8 CHECKSUM=1 DELAY_KEY_WRITE=1 ROW_FORMAT=DYNAMIC COMMENT='回复表' AUTO_INCREMENT=1 ;

-- --------------------------------------------------------

--
-- 表的结构 `sections`
--

CREATE TABLE IF NOT EXISTS `sections` (
  `sectionsid` int(11) NOT NULL AUTO_INCREMENT COMMENT '自增长ID',
  `courseid` int(11) NOT NULL COMMENT '课程信息索引',
  `name` varchar(64) DEFAULT NULL COMMENT '章节名称',
  `displayorder` tinyint(4) DEFAULT NULL COMMENT '排序',
  PRIMARY KEY (`sectionsid`)
) ENGINE=MyISAM  DEFAULT CHARSET=utf8 CHECKSUM=1 DELAY_KEY_WRITE=1 ROW_FORMAT=DYNAMIC COMMENT='章节管理表' AUTO_INCREMENT=42 ;

--
-- 转存表中的数据 `sections`
--

INSERT INTO `sections` (`sectionsid`, `courseid`, `name`, `displayorder`) VALUES
(25, 21, '第一章  测试', 1),
(24, 20, '第一部：魏武挥鞭', 1),
(23, 22, 'aaa', 2),
(17, 15, '第一章 企业文化发展方向', 1),
(19, 17, '第一章 华夏基石课程介绍', 1),
(20, 17, '第二章 人力资源管理课程详细', 2),
(26, 23, '个人视频作品', 1),
(29, 24, '小西测试', 1),
(30, 25, '测试小西', 1),
(33, 31, '第一章', 1),
(34, 38, '第一章', 1),
(35, 37, '第一章', 1),
(36, 36, '第一章 ', 1),
(37, 35, '第一章', 1),
(38, 34, '第一章', 1),
(39, 33, '第一章', 1),
(40, 32, '第一章', 1),
(41, 38, '管理员组', 1);

-- --------------------------------------------------------

--
-- 表的结构 `sys_dict`
--

CREATE TABLE IF NOT EXISTS `sys_dict` (
  `id` int(11) NOT NULL AUTO_INCREMENT COMMENT '索引',
  `name` varchar(100) NOT NULL COMMENT '模块名称',
  `pid` int(8) NOT NULL DEFAULT '0' COMMENT '父级id',
  `path` varchar(255) DEFAULT '' COMMENT '请求路径',
  `highlight` int(8) DEFAULT '0' COMMENT '类型标签',
  `permission` varchar(64) NOT NULL DEFAULT '0' COMMENT '权限位',
  PRIMARY KEY (`id`)
) ENGINE=MyISAM  DEFAULT CHARSET=utf8 COMMENT='系统模块数据字典' AUTO_INCREMENT=39 ;

--
-- 转存表中的数据 `sys_dict`
--

INSERT INTO `sys_dict` (`id`, `name`, `pid`, `path`, `highlight`, `permission`) VALUES
(1, '系统管理', 0, '', 0, '0'),
(2, '学生管理', 0, '', 0, '0'),
(3, '课程管理', 0, '', 0, '0'),
(4, '练习题库管理', 0, '', 0, '0'),
(5, '企业管理', 0, '', 0, '0'),
(6, '书籍管理', 0, '', 0, '0'),
(7, '新闻管理', 0, '', 0, '0'),
(8, '订单管理', 0, '', 0, '0'),
(9, '资源管理', 0, '', 0, '0'),
(10, '推荐位管理', 0, '', 0, '0'),
(11, '日志管理', 0, '', 0, '0'),
(12, '学校信息采集管理', 0, '', 0, '0'),
(36, '新闻管理', 7, '/NewsManage/newslist', 1001, '16384'),
(14, '管理员清单', 1, '/Admin/adminuserlist/', 18, '1'),
(15, '管理员用户组管理', 1, '/Admingroup/index/', 20, '2'),
(16, '系统数据词典管理', 1, '/Dict/index/', 21, '4'),
(17, '用户列表', 2, '/User/userlist/', 101, '8'),
(18, '用户通知', 2, '/News/newslist/', 102, '16'),
(19, '课程列表', 3, '/Course/courselist/', 302, '32'),
(20, '课程分类管理', 3, '/Category/categorylist/', 303, '64'),
(21, '课程评论管理', 3, '/Comment/commentList/', 304, '128'),
(22, '搜索关键词管理', 3, '/Keymanage/getKeywordList/', 310, '256'),
(23, '练习题库管理', 4, '/QuesManage/getQuesList/', 305, '512'),
(24, '类别管理', 4, '/Quesclass/index/', 306, '1024'),
(25, '试卷管理', 4, '/Parperback/index/', 307, '2048'),
(26, '企业管理', 5, '/Offunit/offunitlist/', 701, '4096'),
(27, '书籍管理', 6, '/Books/booklist/', 501, '8192'),
(28, '订单管理', 8, '/Orderinfo/index/', 601, '32768'),
(29, '资源列表', 9, '/Resource/reslist/', 202, '65536'),
(30, '资源类型列表', 9, '/Restype/typelist/', 204, '131072'),
(31, '内容推荐管理', 10, '/Recommends/reclist/', 402, '262144'),
(32, '专家推荐管理', 10, '/Recommends/teacherlist/', 403, '524288'),
(33, '推荐位管理', 10, '/Recommends/taglist/', 404, '1048576'),
(34, '日志管理', 11, '/Logs/index', 801, '2097152'),
(35, '学校信息管理', 12, '/SchoolManage/schoollist', 901, '4194304'),
(37, '语法那些事儿', 0, '/Menu', 0, '0'),
(38, '网易有道词典', 1, '/Menu', 0, '0');

-- --------------------------------------------------------

--
-- 表的结构 `test_parper`
--

CREATE TABLE IF NOT EXISTS `test_parper` (
  `tid` int(11) NOT NULL AUTO_INCREMENT COMMENT '试卷id',
  `allnum` int(11) NOT NULL DEFAULT '0' COMMENT '总题数',
  `lessionsid` int(11) NOT NULL COMMENT '视频id',
  `userid` int(11) NOT NULL DEFAULT '0' COMMENT '用户id',
  `createtime` datetime NOT NULL COMMENT '创建时间',
  PRIMARY KEY (`tid`)
) ENGINE=MyISAM  DEFAULT CHARSET=utf8 COMMENT='试卷表' AUTO_INCREMENT=341 ;

--
-- 转存表中的数据 `test_parper`
--

INSERT INTO `test_parper` (`tid`, `allnum`, `lessionsid`, `userid`, `createtime`) VALUES
(1, 20, 66, 13, '2014-01-21 10:21:46'),
(2, 20, 67, 13, '2014-01-21 11:19:11'),
(3, 20, 67, 13, '2014-01-21 11:19:17'),
(4, 20, 67, 13, '2014-01-21 11:20:00'),
(5, 20, 67, 13, '2014-01-21 11:20:27'),
(6, 20, 67, 13, '2014-01-21 11:20:58'),
(7, 20, 67, 13, '2014-01-21 11:21:28'),
(8, 20, 67, 13, '2014-01-21 15:44:21'),
(9, 20, 67, 13, '2014-01-21 15:48:09'),
(10, 20, 55, 13, '2014-01-21 15:51:55'),
(11, 20, 55, 13, '2014-01-21 15:52:34'),
(12, 20, 55, 13, '2014-01-21 15:52:57'),
(13, 20, 55, 13, '2014-01-21 16:08:12'),
(14, 20, 31, 13, '2014-01-21 16:39:23'),
(15, 20, 31, 13, '2014-01-21 16:51:22'),
(16, 20, 31, 13, '2014-01-21 16:51:55'),
(17, 20, 67, 13, '2014-01-21 16:53:41'),
(18, 20, 31, 13, '2014-01-21 16:55:51'),
(19, 20, 67, 13, '2014-01-21 16:56:25'),
(20, 20, 43, 13, '2014-01-22 19:57:32'),
(21, 20, 55, 13, '2014-01-22 20:02:52'),
(22, 20, 35, 13, '2014-01-22 21:04:53'),
(23, 20, 58, 13, '2014-01-23 01:52:23'),
(24, 20, 48, 13, '2014-01-23 05:19:13'),
(25, 20, 51, 13, '2014-01-23 05:35:34'),
(26, 20, 32, 13, '2014-01-23 16:42:20'),
(27, 20, 38, 13, '2014-01-23 18:59:30'),
(28, 20, 34, 13, '2014-01-24 01:34:21'),
(29, 20, 56, 13, '2014-01-24 12:12:17'),
(30, 20, 39, 13, '2014-01-24 12:21:17'),
(31, 20, 44, 13, '2014-01-24 16:28:07'),
(32, 20, 42, 13, '2014-01-24 16:32:41'),
(33, 20, 41, 13, '2014-01-24 20:33:19'),
(34, 20, 59, 13, '2014-01-25 17:11:45'),
(35, 20, 42, 13, '2014-01-25 23:50:25'),
(36, 20, 45, 13, '2014-01-26 12:20:10'),
(37, 20, 50, 13, '2014-01-26 14:32:49'),
(38, 20, 42, 13, '2014-01-27 11:57:42'),
(39, 20, 48, 13, '2014-01-27 11:57:42'),
(40, 20, 57, 13, '2014-01-27 20:31:18'),
(41, 20, 58, 13, '2014-01-28 06:18:51'),
(42, 20, 44, 13, '2014-01-28 09:59:03'),
(43, 20, 45, 13, '2014-01-28 09:59:03'),
(44, 20, 56, 13, '2014-01-28 09:59:10'),
(45, 20, 49, 13, '2014-01-28 09:59:15'),
(46, 20, 42, 13, '2014-01-28 13:37:03'),
(47, 20, 44, 13, '2014-01-28 13:51:53'),
(48, 20, 34, 13, '2014-01-29 06:27:03'),
(49, 20, 53, 13, '2014-01-29 09:49:29'),
(50, 20, 51, 13, '2014-01-29 09:49:29'),
(51, 20, 39, 13, '2014-01-29 09:49:35'),
(52, 20, 54, 13, '2014-01-29 09:49:35'),
(53, 20, 58, 13, '2014-01-29 14:20:15'),
(54, 20, 56, 13, '2014-01-29 17:46:03'),
(55, 20, 55, 13, '2014-01-30 12:01:43'),
(56, 20, 50, 13, '2014-02-01 10:52:50'),
(57, 20, 38, 13, '2014-02-02 02:43:47'),
(58, 20, 45, 13, '2014-02-02 07:00:51'),
(59, 20, 49, 13, '2014-02-02 07:46:17'),
(60, 20, 34, 13, '2014-02-02 10:06:14'),
(61, 20, 58, 13, '2014-02-02 17:56:32'),
(62, 20, 56, 13, '2014-02-02 21:10:30'),
(63, 20, 51, 13, '2014-02-02 21:41:52'),
(64, 20, 39, 13, '2014-02-02 21:52:34'),
(65, 20, 42, 13, '2014-02-03 02:13:37'),
(66, 20, 40, 13, '2014-02-03 05:13:26'),
(67, 20, 57, 13, '2014-02-03 09:34:58'),
(68, 20, 58, 13, '2014-02-03 09:34:58'),
(69, 20, 40, 13, '2014-02-03 09:35:06'),
(70, 20, 47, 13, '2014-02-03 09:35:06'),
(71, 20, 32, 13, '2014-02-03 09:43:11'),
(72, 20, 38, 13, '2014-02-03 12:14:17'),
(73, 20, 57, 13, '2014-02-03 16:47:33'),
(74, 20, 50, 13, '2014-02-03 18:32:21'),
(75, 20, 43, 13, '2014-02-03 20:26:04'),
(76, 20, 55, 13, '2014-02-03 20:28:07'),
(77, 20, 35, 13, '2014-02-03 21:37:30'),
(78, 20, 47, 13, '2014-02-04 11:22:34'),
(79, 20, 41, 13, '2014-02-04 12:54:00'),
(80, 20, 54, 13, '2014-02-04 13:06:30'),
(81, 20, 45, 13, '2014-02-04 21:55:39'),
(82, 20, 50, 13, '2014-02-05 00:16:17'),
(83, 20, 34, 13, '2014-02-05 00:50:26'),
(84, 20, 55, 13, '2014-02-06 11:04:30'),
(85, 20, 48, 13, '2014-02-06 22:03:17'),
(86, 20, 57, 13, '2014-02-07 18:41:31'),
(87, 20, 59, 13, '2014-02-08 10:04:20'),
(88, 20, 53, 13, '2014-02-08 10:39:02'),
(89, 20, 44, 13, '2014-02-08 17:27:38'),
(90, 20, 42, 13, '2014-02-08 17:34:43'),
(91, 20, 47, 13, '2014-02-08 20:47:26'),
(92, 20, 54, 13, '2014-02-08 23:50:09'),
(93, 20, 52, 13, '2014-02-08 23:55:53'),
(94, 20, 46, 13, '2014-02-11 14:07:25'),
(95, 20, 49, 13, '2014-02-12 05:30:10'),
(96, 20, 39, 13, '2014-02-12 21:21:58'),
(97, 20, 87, 13, '2014-02-12 21:22:25'),
(98, 20, 87, 13, '2014-02-12 21:30:20'),
(99, 20, 39, 13, '2014-02-13 15:47:11'),
(100, 20, 39, 13, '2014-02-14 10:48:37'),
(101, 20, 44, 13, '2014-02-14 13:31:10'),
(102, 20, 32, 13, '2014-02-14 20:26:20'),
(103, 20, 57, 13, '2014-02-15 02:52:54'),
(104, 20, 56, 13, '2014-02-15 14:41:17'),
(105, 20, 39, 13, '2014-02-15 15:13:35'),
(106, 20, 54, 13, '2014-02-15 23:30:45'),
(107, 20, 57, 13, '2014-02-16 07:14:13'),
(108, 20, 35, 13, '2014-02-16 11:22:40'),
(109, 20, 51, 13, '2014-02-16 19:32:13'),
(110, 20, 74, 13, '2014-02-16 20:54:23'),
(111, 20, 38, 13, '2014-02-17 07:24:20'),
(112, 20, 40, 13, '2014-02-17 17:40:24'),
(113, 20, 53, 13, '2014-02-18 01:32:56'),
(114, 20, 44, 13, '2014-02-18 08:35:53'),
(115, 20, 47, 13, '2014-02-18 11:03:37'),
(116, 20, 41, 13, '2014-02-18 13:15:59'),
(117, 20, 54, 13, '2014-02-18 14:22:22'),
(118, 20, 55, 13, '2014-02-19 06:16:52'),
(119, 20, 58, 13, '2014-02-19 14:32:09'),
(120, 20, 87, 13, '2014-02-19 16:11:33'),
(121, 20, 87, 13, '2014-02-19 16:42:16'),
(122, 20, 39, 13, '2014-02-19 19:58:57'),
(123, 20, 40, 13, '2014-02-20 06:20:25'),
(124, 20, 50, 13, '2014-02-20 23:55:54'),
(125, 20, 51, 13, '2014-02-22 22:33:30'),
(126, 20, 40, 13, '2014-02-23 09:48:46'),
(127, 20, 59, 13, '2014-02-23 22:02:45'),
(128, 20, 43, 13, '2014-02-24 01:06:28'),
(129, 20, 40, 13, '2014-02-24 21:56:40'),
(130, 20, 48, 13, '2014-02-25 02:17:47'),
(131, 20, 53, 13, '2014-02-25 14:41:17'),
(132, 20, 45, 13, '2014-02-25 22:49:28'),
(133, 20, 52, 13, '2014-02-26 10:23:00'),
(134, 20, 84, 13, '2014-02-26 10:55:21'),
(135, 20, 84, 13, '2014-02-26 10:56:54'),
(136, 20, 43, 13, '2014-02-26 12:12:07'),
(137, 20, 53, 13, '2014-02-26 14:05:08'),
(138, 20, 48, 13, '2014-02-26 23:06:35'),
(139, 20, 47, 13, '2014-02-27 02:13:42'),
(140, 20, 44, 13, '2014-02-27 03:24:59'),
(141, 20, 45, 13, '2014-02-27 14:37:00'),
(142, 20, 57, 13, '2014-02-28 01:07:57'),
(143, 20, 43, 13, '2014-02-28 01:53:00'),
(144, 20, 58, 13, '2014-02-28 06:34:11'),
(145, 20, 52, 13, '2014-02-28 09:23:36'),
(146, 20, 39, 13, '2014-02-28 18:06:22'),
(147, 20, 45, 13, '2014-02-28 23:44:23'),
(148, 20, 47, 13, '2014-03-01 00:51:03'),
(149, 20, 39, 13, '2014-03-02 07:28:42'),
(150, 20, 32, 13, '2014-03-03 01:00:23'),
(151, 20, 49, 13, '2014-03-03 10:20:10'),
(152, 20, 46, 13, '2014-03-03 15:07:33'),
(153, 20, 65, 13, '2014-03-03 18:06:34'),
(154, 20, 39, 13, '2014-03-04 07:20:08'),
(155, 20, 56, 13, '2014-03-04 09:34:47'),
(156, 20, 47, 13, '2014-03-04 20:40:13'),
(157, 20, 47, 13, '2014-03-05 04:47:13'),
(158, 20, 49, 13, '2014-03-05 14:05:47'),
(159, 20, 65, 13, '2014-03-08 13:07:15'),
(160, 20, 49, 13, '2014-03-12 15:03:54'),
(161, 20, 58, 13, '2014-03-13 17:57:16'),
(162, 20, 39, 13, '2014-03-13 21:47:37'),
(163, 20, 29, 13, '2014-03-14 09:54:27'),
(164, 20, 29, 13, '2014-03-14 09:55:06'),
(165, 20, 35, 13, '2014-03-14 09:59:33'),
(166, 20, 35, 13, '2014-03-14 10:00:03'),
(167, 20, 35, 13, '2014-03-14 10:03:14'),
(168, 20, 35, 13, '2014-03-14 10:04:52'),
(169, 20, 29, 13, '2014-03-14 10:06:10'),
(170, 20, 29, 13, '2014-03-14 10:09:41'),
(171, 20, 30, 13, '2014-03-14 10:10:36'),
(172, 20, 30, 13, '2014-03-14 10:11:53'),
(173, 20, 30, 13, '2014-03-14 10:17:45'),
(174, 20, 84, 13, '2014-03-14 11:01:44'),
(175, 20, 84, 13, '2014-03-14 11:01:59'),
(176, 20, 84, 13, '2014-03-14 11:09:37'),
(177, 20, 35, 13, '2014-03-14 11:12:43'),
(178, 20, 84, 13, '2014-03-14 11:13:31'),
(179, 20, 84, 13, '2014-03-14 11:13:50'),
(180, 20, 29, 13, '2014-03-14 11:13:52'),
(181, 20, 35, 13, '2014-03-14 11:13:59'),
(182, 20, 35, 13, '2014-03-14 11:14:22'),
(183, 20, 84, 13, '2014-03-14 11:14:30'),
(184, 20, 35, 13, '2014-03-14 11:15:00'),
(185, 20, 35, 13, '2014-03-14 11:15:10'),
(186, 20, 84, 13, '2014-03-14 11:15:26'),
(187, 20, 35, 13, '2014-03-14 11:15:37'),
(188, 20, 35, 13, '2014-03-14 11:16:13'),
(189, 20, 35, 13, '2014-03-14 11:18:30'),
(190, 20, 29, 13, '2014-03-14 11:18:46'),
(191, 20, 35, 13, '2014-03-14 11:19:05'),
(192, 20, 31, 13, '2014-03-14 11:19:36'),
(193, 20, 35, 13, '2014-03-14 11:19:46'),
(194, 20, 35, 13, '2014-03-14 11:19:47'),
(195, 20, 35, 13, '2014-03-14 11:19:47'),
(196, 20, 35, 13, '2014-03-14 11:19:47'),
(197, 20, 35, 13, '2014-03-14 11:19:47'),
(198, 20, 35, 13, '2014-03-14 11:19:47'),
(199, 20, 35, 13, '2014-03-14 11:19:47'),
(200, 20, 35, 13, '2014-03-14 11:19:47'),
(201, 20, 35, 13, '2014-03-14 11:19:48'),
(202, 20, 30, 13, '2014-03-14 11:20:15'),
(203, 20, 35, 13, '2014-03-14 11:35:32'),
(204, 20, 39, 13, '2014-03-14 11:53:15'),
(205, 20, 41, 13, '2014-03-14 13:07:01'),
(206, 20, 39, 13, '2014-03-14 15:12:17'),
(207, 20, 39, 13, '2014-03-14 15:19:57'),
(208, 20, 65, 13, '2014-03-14 15:36:33'),
(209, 20, 39, 13, '2014-03-14 15:37:32'),
(210, 20, 65, 13, '2014-03-14 15:37:59'),
(211, 20, 65, 13, '2014-03-14 15:39:07'),
(212, 20, 65, 13, '2014-03-14 15:40:57'),
(213, 20, 65, 13, '2014-03-14 15:41:16'),
(214, 20, 39, 13, '2014-03-14 15:43:08'),
(215, 20, 39, 13, '2014-03-14 15:43:38'),
(216, 20, 65, 13, '2014-03-14 15:45:32'),
(217, 20, 65, 13, '2014-03-14 15:46:34'),
(218, 20, 65, 13, '2014-03-14 15:47:00'),
(219, 20, 65, 13, '2014-03-14 15:48:48'),
(220, 20, 39, 13, '2014-03-14 16:04:29'),
(221, 20, 39, 13, '2014-03-14 16:05:01'),
(222, 20, 39, 13, '2014-03-14 16:07:49'),
(223, 20, 39, 13, '2014-03-14 16:12:34'),
(224, 20, 65, 13, '2014-03-14 16:13:26'),
(225, 20, 65, 13, '2014-03-14 16:16:16'),
(226, 20, 39, 13, '2014-03-14 16:36:08'),
(227, 20, 65, 13, '2014-03-14 16:39:38'),
(228, 20, 65, 13, '2014-03-14 16:39:42'),
(229, 20, 65, 13, '2014-03-14 16:39:58'),
(230, 20, 65, 13, '2014-03-14 16:40:53'),
(231, 20, 39, 13, '2014-03-14 16:49:16'),
(232, 20, 39, 13, '2014-03-14 16:50:03'),
(233, 20, 65, 13, '2014-03-14 18:15:25'),
(234, 20, 53, 13, '2014-03-15 22:38:31'),
(235, 20, 52, 13, '2014-03-16 15:48:10'),
(236, 20, 38, 13, '2014-03-16 23:37:11'),
(237, 20, 57, 13, '2014-03-17 06:25:48'),
(238, 20, 51, 13, '2014-03-17 10:30:27'),
(239, 20, 39, 13, '2014-03-17 11:18:23'),
(240, 20, 39, 13, '2014-03-17 11:29:02'),
(241, 20, 43, 13, '2014-03-17 11:54:18'),
(242, 20, 46, 13, '2014-03-18 11:32:44'),
(243, 20, 51, 13, '2014-03-18 14:32:18'),
(244, 20, 54, 13, '2014-03-18 18:18:15'),
(245, 20, 65, 13, '2014-03-19 10:01:36'),
(246, 20, 65, 13, '2014-03-19 16:01:44'),
(247, 20, 48, 13, '2014-03-19 23:48:24'),
(248, 20, 40, 13, '2014-03-24 08:33:19'),
(249, 20, 52, 13, '2014-03-24 11:22:07'),
(250, 20, 39, 13, '2014-03-24 12:36:13'),
(251, 20, 39, 13, '2014-03-24 12:36:52'),
(252, 20, 39, 13, '2014-03-25 10:56:17'),
(253, 20, 84, 13, '2014-03-25 11:17:29'),
(254, 20, 40, 13, '2014-03-26 16:15:08'),
(255, 20, 39, 13, '2014-03-27 14:31:58'),
(256, 20, 44, 13, '2014-03-29 01:11:16'),
(257, 20, 65, 13, '2014-03-30 13:28:13'),
(258, 20, 48, 13, '2014-03-31 07:59:46'),
(259, 20, 65, 13, '2014-04-01 15:30:47'),
(260, 20, 51, 13, '2014-04-02 23:24:05'),
(261, 20, 39, 13, '2014-04-04 10:08:06'),
(262, 20, 0, 13, '2014-04-04 13:26:31'),
(263, 20, 0, 13, '2014-04-04 13:26:31'),
(264, 20, 0, 13, '2014-04-04 13:29:05'),
(265, 20, 0, 13, '2014-04-04 13:29:05'),
(266, 20, 0, 13, '2014-04-04 13:29:51'),
(267, 20, 0, 13, '2014-04-04 13:29:51'),
(268, 20, 101, 13, '2014-04-04 15:42:27'),
(269, 20, 55, 13, '2014-04-04 19:52:41'),
(270, 20, 48, 13, '2014-04-05 19:16:51'),
(271, 20, 44, 13, '2014-04-06 02:46:11'),
(272, 20, 48, 13, '2014-04-08 09:17:58'),
(273, 20, 39, 13, '2014-04-09 01:12:07'),
(274, 20, 47, 13, '2014-04-10 07:25:23'),
(275, 20, 59, 13, '2014-04-11 03:09:56'),
(276, 20, 45, 13, '2014-04-12 12:20:43'),
(277, 20, 48, 13, '2014-04-13 00:35:15'),
(278, 20, 57, 13, '2014-04-14 20:40:11'),
(279, 20, 53, 13, '2014-04-18 13:08:47'),
(280, 20, 0, 13, '2014-04-22 16:09:02'),
(281, 20, 0, 13, '2014-04-22 16:09:02'),
(282, 20, 0, 13, '2014-04-22 16:35:42'),
(283, 20, 0, 13, '2014-04-22 16:35:42'),
(284, 20, 0, 13, '2014-04-22 16:37:41'),
(285, 20, 0, 13, '2014-04-22 16:37:41'),
(286, 20, 104, 13, '2014-04-22 16:38:11'),
(287, 20, 104, 13, '2014-04-22 16:49:41'),
(288, 20, 104, 13, '2014-04-22 16:51:31'),
(289, 20, 104, 13, '2014-04-22 16:51:39'),
(290, 20, 104, 13, '2014-04-22 16:51:59'),
(291, 20, 104, 13, '2014-04-22 16:52:21'),
(292, 20, 104, 13, '2014-04-22 16:52:40'),
(293, 20, 104, 13, '2014-04-22 16:52:57'),
(294, 20, 104, 13, '2014-04-22 16:53:13'),
(295, 20, 104, 13, '2014-04-22 16:53:25'),
(296, 20, 104, 13, '2014-04-22 16:54:42'),
(297, 20, 52, 13, '2014-04-22 17:43:57'),
(298, 20, 43, 13, '2014-04-23 11:20:01'),
(299, 20, 43, 13, '2014-04-25 12:44:05'),
(300, 20, 44, 13, '2014-04-29 19:10:58'),
(301, 20, 40, 13, '2014-05-02 05:14:04'),
(302, 20, 55, 13, '2014-05-03 07:29:58'),
(303, 20, 40, 13, '2014-05-06 17:36:03'),
(304, 20, 40, 13, '2014-05-08 01:08:40'),
(305, 20, 55, 13, '2014-05-08 07:02:19'),
(306, 20, 44, 13, '2014-05-10 04:50:40'),
(307, 20, 44, 13, '2014-05-14 05:49:00'),
(308, 20, 55, 13, '2014-05-16 19:12:55'),
(309, 20, 51, 13, '2014-05-17 21:16:14'),
(310, 20, 44, 13, '2014-05-17 22:38:29'),
(311, 20, 44, 13, '2014-05-18 08:30:51'),
(312, 20, 40, 13, '2014-05-20 04:57:18'),
(313, 20, 40, 13, '2014-05-21 22:54:44'),
(314, 20, 58, 13, '2014-05-23 08:21:54'),
(315, 20, 51, 13, '2014-05-24 15:33:42'),
(316, 20, 58, 13, '2014-05-24 21:39:27'),
(317, 20, 40, 13, '2014-05-25 22:27:51'),
(318, 20, 40, 13, '2014-05-26 03:19:25'),
(319, 20, 51, 13, '2014-05-28 00:14:27'),
(320, 20, 54, 13, '2014-05-29 21:47:12'),
(321, 20, 44, 13, '2014-05-30 06:45:07'),
(322, 20, 57, 13, '2014-05-30 15:57:54'),
(323, 20, 40, 13, '2014-05-31 21:28:12'),
(324, 20, 48, 13, '2014-06-01 04:40:34'),
(325, 20, 51, 13, '2014-06-04 09:59:48'),
(326, 20, 47, 13, '2014-06-07 00:21:32'),
(327, 20, 51, 13, '2014-06-08 03:50:56'),
(328, 20, 40, 13, '2014-06-09 03:44:09'),
(329, 20, 54, 13, '2014-06-09 08:35:29'),
(330, 20, 48, 13, '2014-06-09 16:27:27'),
(331, 20, 39, 13, '2014-06-10 05:37:47'),
(332, 20, 57, 13, '2014-06-10 08:38:37'),
(333, 20, 55, 13, '2014-06-10 19:12:30'),
(334, 20, 48, 13, '2014-06-10 21:01:22'),
(335, 20, 39, 13, '2014-06-12 12:57:25'),
(336, 20, 45, 13, '2014-06-13 00:23:07'),
(337, 20, 53, 13, '2014-06-13 15:44:08'),
(338, 20, 43, 13, '2014-06-14 13:38:19'),
(339, 20, 45, 13, '2014-06-15 10:04:09'),
(340, 20, 57, 13, '2014-06-16 02:48:47');

-- --------------------------------------------------------

--
-- 表的结构 `trends`
--

CREATE TABLE IF NOT EXISTS `trends` (
  `trid` int(11) NOT NULL AUTO_INCREMENT COMMENT '动态id',
  `uid` int(11) NOT NULL COMMENT '用户id',
  `type` int(11) NOT NULL COMMENT '类型，1表示转发',
  `title` varchar(200) NOT NULL COMMENT '分享内容',
  `content` text NOT NULL COMMENT '内容',
  `pid` int(11) NOT NULL DEFAULT '0' COMMENT '转发id',
  `createtime` int(11) NOT NULL COMMENT '添加时间',
  PRIMARY KEY (`trid`)
) ENGINE=InnoDB  DEFAULT CHARSET=utf8 COMMENT='动态表' AUTO_INCREMENT=30 ;

--
-- 转存表中的数据 `trends`
--

INSERT INTO `trends` (`trid`, `uid`, `type`, `title`, `content`, `pid`, `createtime`) VALUES
(1, 13, 0, '', '今天天气很好的恩恩饿', 0, 1398656956),
(2, 6, 0, '', '五一有出去游玩的么，一起哈', 0, 1398656956),
(3, 6, 0, '', '啦啦啦啦啦啦', 0, 0),
(4, 13, 0, '', '你您你IIIIII', 0, 0),
(5, 13, 0, '', 'Fffff', 0, 1398740590),
(6, 13, 0, '', 'Nnnnnn', 0, 1398740944),
(7, 13, 0, '', 'Ffffff', 0, 1398740976),
(8, 13, 0, '', 'Gggg', 0, 1398741184),
(9, 17, 0, '', '测试\n', 0, 1398744279),
(10, 13, 0, '', '@小席', 0, 0),
(11, 13, 0, '', '@小席', 0, 0),
(12, 13, 0, '', '@小席Gggg', 0, 0),
(13, 13, 0, '', '@小席Gggg', 0, 0),
(14, 13, 0, '', '@小席Gggg', 0, 1398753244),
(15, 6, 0, '', '@<a href=''/UserCenter/?userid=''6''>小妮子</a>五一有出去游玩的么，一起哈', 0, 1398755191),
(16, 6, 0, '', '@<a href=''/UserCenter/?userid=''6''>小妮子</a>五一有出去游玩的么，一起哈', 15, 1398756441),
(17, 13, 0, '', '@<a href=''/UserCenter/?userid=''13''>小席</a>Nnnnnn', 16, 1398756496),
(18, 13, 0, '', '@<a href=''/UserCenter/?userid=''13''>小席</a>今天天气很好的恩恩饿', 0, 1398756600),
(19, 13, 0, '', '@<a href=''/UserCenter/?userid=''13''>小席</a>&nbsp;&nbsp;Fffff', 0, 1398756682),
(20, 6, 0, '', '@<a href=''/UserCenter/?userid=6''>小妮子</a>&nbsp;&nbsp;啦啦啦啦啦啦', 0, 1398756765),
(21, 6, 0, '', '@<a href=''/UserCenter/?userid=6''>小妮子</a>&nbsp;&nbsp;五一有出去游玩的么，一起哈', 0, 1398756808),
(22, 6, 0, '', '<a href=''/UserCenter/?userid=6''>@小妮子</a>&nbsp;&nbsp;五一有出去游玩的么，一起哈', 0, 1398757799),
(23, 6, 0, '', '<a href=''/UserCenter/?userid=6''>@小妮子</a>&nbsp;&nbsp;啦啦啦啦啦啦', 0, 1398757837),
(24, 6, 0, '', '<a href=''/UserCenter/?userid=6''>@小妮子</a>&nbsp;&nbsp;五一有出去游玩的么，一起哈', 0, 1398757946),
(25, 13, 0, '', '13#小席@小席Gggg', 0, 1398763772),
(26, 1, 0, 'A、劳动保护用品', '嘎嘎嘎嘎', 0, 1398656956),
(27, 4, 0, 'A、1 米', '过哈哈哈哈哈哈后', 0, 1398656956),
(28, 0, 0, '', '刚刚改革\n', 0, 1399428364),
(29, 0, 0, '', 'vvvvv', 0, 0);

-- --------------------------------------------------------

--
-- 表的结构 `t_address_city`
--

CREATE TABLE IF NOT EXISTS `t_address_city` (
  `id` int(11) NOT NULL AUTO_INCREMENT COMMENT '主键',
  `code` char(6) NOT NULL COMMENT '城市编码',
  `name` varchar(40) NOT NULL COMMENT '城市名称',
  `provinceCode` char(6) NOT NULL COMMENT '所属省份编码',
  PRIMARY KEY (`id`)
) ENGINE=InnoDB  DEFAULT CHARSET=utf8 COMMENT='城市信息表' AUTO_INCREMENT=346 ;

--
-- 转存表中的数据 `t_address_city`
--

INSERT INTO `t_address_city` (`id`, `code`, `name`, `provinceCode`) VALUES
(1, '110100', '北京市', '110000'),
(2, '1102xx', '北京下属县', '1100xx'),
(3, '120100', '天津市', '120000'),
(4, '1202xx', '天津下属县', '1200xx'),
(5, '130100', '石家庄市', '130000'),
(6, '130200', '唐山市', '130000'),
(7, '130300', '秦皇岛市', '130000'),
(8, '130400', '邯郸市', '130000'),
(9, '130500', '邢台市', '130000'),
(10, '130600', '保定市', '130000'),
(11, '130700', '张家口市', '130000'),
(12, '130800', '承德市', '130000'),
(13, '130900', '沧州市', '130000'),
(14, '131000', '廊坊市', '130000'),
(15, '131100', '衡水市', '130000'),
(16, '140100', '太原市', '140000'),
(17, '140200', '大同市', '140000'),
(18, '140300', '阳泉市', '140000'),
(19, '140400', '长治市', '140000'),
(20, '140500', '晋城市', '140000'),
(21, '140600', '朔州市', '140000'),
(22, '140700', '晋中市', '140000'),
(23, '140800', '运城市', '140000'),
(24, '140900', '忻州市', '140000'),
(25, '141000', '临汾市', '140000'),
(26, '141100', '吕梁市', '140000'),
(27, '150100', '呼和浩特市', '150000'),
(28, '150200', '包头市', '150000'),
(29, '150300', '乌海市', '150000'),
(30, '150400', '赤峰市', '150000'),
(31, '150500', '通辽市', '150000'),
(32, '150600', '鄂尔多斯市', '150000'),
(33, '150700', '呼伦贝尔市', '150000'),
(34, '150800', '巴彦淖尔市', '150000'),
(35, '150900', '乌兰察布市', '150000'),
(36, '152200', '兴安盟', '150000'),
(37, '152500', '锡林郭勒盟', '150000'),
(38, '152900', '阿拉善盟', '150000'),
(39, '210100', '沈阳市', '210000'),
(40, '210200', '大连市', '210000'),
(41, '210300', '鞍山市', '210000'),
(42, '210400', '抚顺市', '210000'),
(43, '210500', '本溪市', '210000'),
(44, '210600', '丹东市', '210000'),
(45, '210700', '锦州市', '210000'),
(46, '210800', '营口市', '210000'),
(47, '210900', '阜新市', '210000'),
(48, '211000', '辽阳市', '210000'),
(49, '211100', '盘锦市', '210000'),
(50, '211200', '铁岭市', '210000'),
(51, '211300', '朝阳市', '210000'),
(52, '211400', '葫芦岛市', '210000'),
(53, '220100', '长春市', '220000'),
(54, '220200', '吉林市', '220000'),
(55, '220300', '四平市', '220000'),
(56, '220400', '辽源市', '220000'),
(57, '220500', '通化市', '220000'),
(58, '220600', '白山市', '220000'),
(59, '220700', '松原市', '220000'),
(60, '220800', '白城市', '220000'),
(61, '222400', '延边朝鲜族自治州', '220000'),
(62, '230100', '哈尔滨市', '230000'),
(63, '230200', '齐齐哈尔市', '230000'),
(64, '230300', '鸡西市', '230000'),
(65, '230400', '鹤岗市', '230000'),
(66, '230500', '双鸭山市', '230000'),
(67, '230600', '大庆市', '230000'),
(68, '230700', '伊春市', '230000'),
(69, '230800', '佳木斯市', '230000'),
(70, '230900', '七台河市', '230000'),
(71, '231000', '牡丹江市', '230000'),
(72, '231100', '黑河市', '230000'),
(73, '231200', '绥化市', '230000'),
(74, '232700', '大兴安岭地区', '230000'),
(75, '310100', '上海市', '310000'),
(76, '3102xx', '上海下属县', '3100xx'),
(77, '320100', '南京市', '320000'),
(78, '320200', '无锡市', '320000'),
(79, '320300', '徐州市', '320000'),
(80, '320400', '常州市', '320000'),
(81, '320500', '苏州市', '320000'),
(82, '320600', '南通市', '320000'),
(83, '320700', '连云港市', '320000'),
(84, '320800', '淮安市', '320000'),
(85, '320900', '盐城市', '320000'),
(86, '321000', '扬州市', '320000'),
(87, '321100', '镇江市', '320000'),
(88, '321200', '泰州市', '320000'),
(89, '321300', '宿迁市', '320000'),
(90, '330100', '杭州市', '330000'),
(91, '330200', '宁波市', '330000'),
(92, '330300', '温州市', '330000'),
(93, '330400', '嘉兴市', '330000'),
(94, '330500', '湖州市', '330000'),
(95, '330600', '绍兴市', '330000'),
(96, '330700', '金华市', '330000'),
(97, '330800', '衢州市', '330000'),
(98, '330900', '舟山市', '330000'),
(99, '331000', '台州市', '330000'),
(100, '331100', '丽水市', '330000'),
(101, '340100', '合肥市', '340000'),
(102, '340200', '芜湖市', '340000'),
(103, '340300', '蚌埠市', '340000'),
(104, '340400', '淮南市', '340000'),
(105, '340500', '马鞍山市', '340000'),
(106, '340600', '淮北市', '340000'),
(107, '340700', '铜陵市', '340000'),
(108, '340800', '安庆市', '340000'),
(109, '341000', '黄山市', '340000'),
(110, '341100', '滁州市', '340000'),
(111, '341200', '阜阳市', '340000'),
(112, '341300', '宿州市', '340000'),
(113, '341400', '巢湖市', '340000'),
(114, '341500', '六安市', '340000'),
(115, '341600', '亳州市', '340000'),
(116, '341700', '池州市', '340000'),
(117, '341800', '宣城市', '340000'),
(118, '350100', '福州市', '350000'),
(119, '350200', '厦门市', '350000'),
(120, '350300', '莆田市', '350000'),
(121, '350400', '三明市', '350000'),
(122, '350500', '泉州市', '350000'),
(123, '350600', '漳州市', '350000'),
(124, '350700', '南平市', '350000'),
(125, '350800', '龙岩市', '350000'),
(126, '350900', '宁德市', '350000'),
(127, '360100', '南昌市', '360000'),
(128, '360200', '景德镇市', '360000'),
(129, '360300', '萍乡市', '360000'),
(130, '360400', '九江市', '360000'),
(131, '360500', '新余市', '360000'),
(132, '360600', '鹰潭市', '360000'),
(133, '360700', '赣州市', '360000'),
(134, '360800', '吉安市', '360000'),
(135, '360900', '宜春市', '360000'),
(136, '361000', '抚州市', '360000'),
(137, '361100', '上饶市', '360000'),
(138, '370100', '济南市', '370000'),
(139, '370200', '青岛市', '370000'),
(140, '370300', '淄博市', '370000'),
(141, '370400', '枣庄市', '370000'),
(142, '370500', '东营市', '370000'),
(143, '370600', '烟台市', '370000'),
(144, '370700', '潍坊市', '370000'),
(145, '370800', '济宁市', '370000'),
(146, '370900', '泰安市', '370000'),
(147, '371000', '威海市', '370000'),
(148, '371100', '日照市', '370000'),
(149, '371200', '莱芜市', '370000'),
(150, '371300', '临沂市', '370000'),
(151, '371400', '德州市', '370000'),
(152, '371500', '聊城市', '370000'),
(153, '371600', '滨州市', '370000'),
(154, '371700', '荷泽市', '370000'),
(155, '410100', '郑州市', '410000'),
(156, '410200', '开封市', '410000'),
(157, '410300', '洛阳市', '410000'),
(158, '410400', '平顶山市', '410000'),
(159, '410500', '安阳市', '410000'),
(160, '410600', '鹤壁市', '410000'),
(161, '410700', '新乡市', '410000'),
(162, '410800', '焦作市', '410000'),
(163, '410900', '濮阳市', '410000'),
(164, '411000', '许昌市', '410000'),
(165, '411100', '漯河市', '410000'),
(166, '411200', '三门峡市', '410000'),
(167, '411300', '南阳市', '410000'),
(168, '411400', '商丘市', '410000'),
(169, '411500', '信阳市', '410000'),
(170, '411600', '周口市', '410000'),
(171, '411700', '驻马店市', '410000'),
(172, '420100', '武汉市', '420000'),
(173, '420200', '黄石市', '420000'),
(174, '420300', '十堰市', '420000'),
(175, '420500', '宜昌市', '420000'),
(176, '420600', '襄樊市', '420000'),
(177, '420700', '鄂州市', '420000'),
(178, '420800', '荆门市', '420000'),
(179, '420900', '孝感市', '420000'),
(180, '421000', '荆州市', '420000'),
(181, '421100', '黄冈市', '420000'),
(182, '421200', '咸宁市', '420000'),
(183, '421300', '随州市', '420000'),
(184, '422800', '恩施土家族苗族自治州', '420000'),
(185, '429000', '省直辖行政单位', '420000'),
(186, '430100', '长沙市', '430000'),
(187, '430200', '株洲市', '430000'),
(188, '430300', '湘潭市', '430000'),
(189, '430400', '衡阳市', '430000'),
(190, '430500', '邵阳市', '430000'),
(191, '430600', '岳阳市', '430000'),
(192, '430700', '常德市', '430000'),
(193, '430800', '张家界市', '430000'),
(194, '430900', '益阳市', '430000'),
(195, '431000', '郴州市', '430000'),
(196, '431100', '永州市', '430000'),
(197, '431200', '怀化市', '430000'),
(198, '431300', '娄底市', '430000'),
(199, '433100', '湘西土家族苗族自治州', '430000'),
(200, '440100', '广州市', '440000'),
(201, '440200', '韶关市', '440000'),
(202, '440300', '深圳市', '440000'),
(203, '440400', '珠海市', '440000'),
(204, '440500', '汕头市', '440000'),
(205, '440600', '佛山市', '440000'),
(206, '440700', '江门市', '440000'),
(207, '440800', '湛江市', '440000'),
(208, '440900', '茂名市', '440000'),
(209, '441200', '肇庆市', '440000'),
(210, '441300', '惠州市', '440000'),
(211, '441400', '梅州市', '440000'),
(212, '441500', '汕尾市', '440000'),
(213, '441600', '河源市', '440000'),
(214, '441700', '阳江市', '440000'),
(215, '441800', '清远市', '440000'),
(216, '441900', '东莞市', '440000'),
(217, '442000', '中山市', '440000'),
(218, '445100', '潮州市', '440000'),
(219, '445200', '揭阳市', '440000'),
(220, '445300', '云浮市', '440000'),
(221, '450100', '南宁市', '450000'),
(222, '450200', '柳州市', '450000'),
(223, '450300', '桂林市', '450000'),
(224, '450400', '梧州市', '450000'),
(225, '450500', '北海市', '450000'),
(226, '450600', '防城港市', '450000'),
(227, '450700', '钦州市', '450000'),
(228, '450800', '贵港市', '450000'),
(229, '450900', '玉林市', '450000'),
(230, '451000', '百色市', '450000'),
(231, '451100', '贺州市', '450000'),
(232, '451200', '河池市', '450000'),
(233, '451300', '来宾市', '450000'),
(234, '451400', '崇左市', '450000'),
(235, '460100', '海口市', '460000'),
(236, '460200', '三亚市', '460000'),
(237, '469000', '省直辖县级行政单位', '460000'),
(238, '500100', '重庆市', '500000'),
(239, '5002xx', '重庆下属县', '5000xx'),
(240, '5003xx', '重庆下属市', '5000xx'),
(241, '510100', '成都市', '510000'),
(242, '510300', '自贡市', '510000'),
(243, '510400', '攀枝花市', '510000'),
(244, '510500', '泸州市', '510000'),
(245, '510600', '德阳市', '510000'),
(246, '510700', '绵阳市', '510000'),
(247, '510800', '广元市', '510000'),
(248, '510900', '遂宁市', '510000'),
(249, '511000', '内江市', '510000'),
(250, '511100', '乐山市', '510000'),
(251, '511300', '南充市', '510000'),
(252, '511400', '眉山市', '510000'),
(253, '511500', '宜宾市', '510000'),
(254, '511600', '广安市', '510000'),
(255, '511700', '达州市', '510000'),
(256, '511800', '雅安市', '510000'),
(257, '511900', '巴中市', '510000'),
(258, '512000', '资阳市', '510000'),
(259, '513200', '阿坝藏族羌族自治州', '510000'),
(260, '513300', '甘孜藏族自治州', '510000'),
(261, '513400', '凉山彝族自治州', '510000'),
(262, '520100', '贵阳市', '520000'),
(263, '520200', '六盘水市', '520000'),
(264, '520300', '遵义市', '520000'),
(265, '520400', '安顺市', '520000'),
(266, '522200', '铜仁地区', '520000'),
(267, '522300', '黔西南布依族苗族自治州', '520000'),
(268, '522400', '毕节地区', '520000'),
(269, '522600', '黔东南苗族侗族自治州', '520000'),
(270, '522700', '黔南布依族苗族自治州', '520000'),
(271, '530100', '昆明市', '530000'),
(272, '530300', '曲靖市', '530000'),
(273, '530400', '玉溪市', '530000'),
(274, '530500', '保山市', '530000'),
(275, '530600', '昭通市', '530000'),
(276, '530700', '丽江市', '530000'),
(277, '530800', '思茅市', '530000'),
(278, '530900', '临沧市', '530000'),
(279, '532300', '楚雄彝族自治州', '530000'),
(280, '532500', '红河哈尼族彝族自治州', '530000'),
(281, '532600', '文山壮族苗族自治州', '530000'),
(282, '532800', '西双版纳傣族自治州', '530000'),
(283, '532900', '大理白族自治州', '530000'),
(284, '533100', '德宏傣族景颇族自治州', '530000'),
(285, '533300', '怒江傈僳族自治州', '530000'),
(286, '533400', '迪庆藏族自治州', '530000'),
(287, '540100', '拉萨市', '540000'),
(288, '542100', '昌都地区', '540000'),
(289, '542200', '山南地区', '540000'),
(290, '542300', '日喀则地区', '540000'),
(291, '542400', '那曲地区', '540000'),
(292, '542500', '阿里地区', '540000'),
(293, '542600', '林芝地区', '540000'),
(294, '610100', '西安市', '610000'),
(295, '610200', '铜川市', '610000'),
(296, '610300', '宝鸡市', '610000'),
(297, '610400', '咸阳市', '610000'),
(298, '610500', '渭南市', '610000'),
(299, '610600', '延安市', '610000'),
(300, '610700', '汉中市', '610000'),
(301, '610800', '榆林市', '610000'),
(302, '610900', '安康市', '610000'),
(303, '611000', '商洛市', '610000'),
(304, '620100', '兰州市', '620000'),
(305, '620200', '嘉峪关市', '620000'),
(306, '620300', '金昌市', '620000'),
(307, '620400', '白银市', '620000'),
(308, '620500', '天水市', '620000'),
(309, '620600', '武威市', '620000'),
(310, '620700', '张掖市', '620000'),
(311, '620800', '平凉市', '620000'),
(312, '620900', '酒泉市', '620000'),
(313, '621000', '庆阳市', '620000'),
(314, '621100', '定西市', '620000'),
(315, '621200', '陇南市', '620000'),
(316, '622900', '临夏回族自治州', '620000'),
(317, '623000', '甘南藏族自治州', '620000'),
(318, '630100', '西宁市', '630000'),
(319, '632100', '海东地区', '630000'),
(320, '632200', '海北藏族自治州', '630000'),
(321, '632300', '黄南藏族自治州', '630000'),
(322, '632500', '海南藏族自治州', '630000'),
(323, '632600', '果洛藏族自治州', '630000'),
(324, '632700', '玉树藏族自治州', '630000'),
(325, '632800', '海西蒙古族藏族自治州', '630000'),
(326, '640100', '银川市', '640000'),
(327, '640200', '石嘴山市', '640000'),
(328, '640300', '吴忠市', '640000'),
(329, '640400', '固原市', '640000'),
(330, '640500', '中卫市', '640000'),
(331, '650100', '乌鲁木齐市', '650000'),
(332, '650200', '克拉玛依市', '650000'),
(333, '652100', '吐鲁番地区', '650000'),
(334, '652200', '哈密地区', '650000'),
(335, '652300', '昌吉回族自治州', '650000'),
(336, '652700', '博尔塔拉蒙古自治州', '650000'),
(337, '652800', '巴音郭楞蒙古自治州', '650000'),
(338, '652900', '阿克苏地区', '650000'),
(339, '653000', '克孜勒苏柯尔克孜自治州', '650000'),
(340, '653100', '喀什地区', '650000'),
(341, '653200', '和田地区', '650000'),
(342, '654000', '伊犁哈萨克自治州', '650000'),
(343, '654200', '塔城地区', '650000'),
(344, '654300', '阿勒泰地区', '650000'),
(345, '659000', '省直辖行政单位', '650000');

-- --------------------------------------------------------

--
-- 表的结构 `t_address_province`
--

CREATE TABLE IF NOT EXISTS `t_address_province` (
  `id` int(11) NOT NULL AUTO_INCREMENT COMMENT '主键',
  `code` char(6) NOT NULL COMMENT '省份编码',
  `name` varchar(40) NOT NULL COMMENT '省份名称',
  PRIMARY KEY (`id`)
) ENGINE=InnoDB  DEFAULT CHARSET=utf8 COMMENT='省份信息表' AUTO_INCREMENT=35 ;

--
-- 转存表中的数据 `t_address_province`
--

INSERT INTO `t_address_province` (`id`, `code`, `name`) VALUES
(1, '110000', '北京市'),
(2, '120000', '天津市'),
(3, '130000', '河北省'),
(4, '140000', '山西省'),
(5, '150000', '内蒙古自治区'),
(6, '210000', '辽宁省'),
(7, '220000', '吉林省'),
(8, '230000', '黑龙江省'),
(9, '310000', '上海市'),
(10, '320000', '江苏省'),
(11, '330000', '浙江省'),
(12, '340000', '安徽省'),
(13, '350000', '福建省'),
(14, '360000', '江西省'),
(15, '370000', '山东省'),
(16, '410000', '河南省'),
(17, '420000', '湖北省'),
(18, '430000', '湖南省'),
(19, '440000', '广东省'),
(20, '450000', '广西壮族自治区'),
(21, '460000', '海南省'),
(22, '500000', '重庆市'),
(23, '510000', '四川省'),
(24, '520000', '贵州省'),
(25, '530000', '云南省'),
(26, '540000', '西藏自治区'),
(27, '610000', '陕西省'),
(28, '620000', '甘肃省'),
(29, '630000', '青海省'),
(30, '640000', '宁夏回族自治区'),
(31, '650000', '新疆维吾尔自治区'),
(32, '710000', '台湾省'),
(33, '810000', '香港特别行政区'),
(34, '820000', '澳门特别行政区');

-- --------------------------------------------------------

--
-- 表的结构 `t_address_town`
--

CREATE TABLE IF NOT EXISTS `t_address_town` (
  `id` int(11) NOT NULL AUTO_INCREMENT COMMENT '主键',
  `code` char(6) NOT NULL COMMENT '区县编码',
  `name` varchar(40) NOT NULL COMMENT '区县名称',
  `cityCode` char(6) NOT NULL COMMENT '所属城市编码',
  PRIMARY KEY (`id`)
) ENGINE=InnoDB  DEFAULT CHARSET=utf8 COMMENT='区县信息表' AUTO_INCREMENT=3145 ;

--
-- 转存表中的数据 `t_address_town`
--

INSERT INTO `t_address_town` (`id`, `code`, `name`, `cityCode`) VALUES
(1, '110101', '东城区', '110100'),
(2, '110102', '西城区', '110100'),
(3, '110103', '崇文区', '110100'),
(4, '110104', '宣武区', '110100'),
(5, '110105', '朝阳区', '110100'),
(6, '110106', '丰台区', '110100'),
(7, '110107', '石景山区', '110100'),
(8, '110108', '海淀区', '110100'),
(9, '110109', '门头沟区', '110100'),
(10, '110111', '房山区', '110100'),
(11, '110112', '通州区', '110100'),
(12, '110113', '顺义区', '110100'),
(13, '110114', '昌平区', '110100'),
(14, '110115', '大兴区', '110100'),
(15, '110116', '怀柔区', '110100'),
(16, '110117', '平谷区', '110100'),
(17, '110228', '密云县', '110100'),
(18, '110229', '延庆县', '110100'),
(19, '120101', '和平区', '120100'),
(20, '120102', '河东区', '120100'),
(21, '120103', '河西区', '120100'),
(22, '120104', '南开区', '120100'),
(23, '120105', '河北区', '120100'),
(24, '120106', '红桥区', '120100'),
(25, '120107', '塘沽区', '120100'),
(26, '120108', '汉沽区', '120100'),
(27, '120109', '大港区', '120100'),
(28, '120110', '东丽区', '120100'),
(29, '120111', '西青区', '120100'),
(30, '120112', '津南区', '120100'),
(31, '120113', '北辰区', '120100'),
(32, '120114', '武清区', '120100'),
(33, '120115', '宝坻区', '120100'),
(34, '120221', '宁河县', '120100'),
(35, '120223', '静海县', '120100'),
(36, '120225', '蓟　县', '120100'),
(37, '130101', '市辖区', '130100'),
(38, '130102', '长安区', '130100'),
(39, '130103', '桥东区', '130100'),
(40, '130104', '桥西区', '130100'),
(41, '130105', '新华区', '130100'),
(42, '130107', '井陉矿区', '130100'),
(43, '130108', '裕华区', '130100'),
(44, '130121', '井陉县', '130100'),
(45, '130123', '正定县', '130100'),
(46, '130124', '栾城县', '130100'),
(47, '130125', '行唐县', '130100'),
(48, '130126', '灵寿县', '130100'),
(49, '130127', '高邑县', '130100'),
(50, '130128', '深泽县', '130100'),
(51, '130129', '赞皇县', '130100'),
(52, '130130', '无极县', '130100'),
(53, '130131', '平山县', '130100'),
(54, '130132', '元氏县', '130100'),
(55, '130133', '赵　县', '130100'),
(56, '130181', '辛集市', '130100'),
(57, '130182', '藁城市', '130100'),
(58, '130183', '晋州市', '130100'),
(59, '130184', '新乐市', '130100'),
(60, '130185', '鹿泉市', '130100'),
(61, '130201', '市辖区', '130200'),
(62, '130202', '路南区', '130200'),
(63, '130203', '路北区', '130200'),
(64, '130204', '古冶区', '130200'),
(65, '130205', '开平区', '130200'),
(66, '130207', '丰南区', '130200'),
(67, '130208', '丰润区', '130200'),
(68, '130223', '滦　县', '130200'),
(69, '130224', '滦南县', '130200'),
(70, '130225', '乐亭县', '130200'),
(71, '130227', '迁西县', '130200'),
(72, '130229', '玉田县', '130200'),
(73, '130230', '唐海县', '130200'),
(74, '130281', '遵化市', '130200'),
(75, '130283', '迁安市', '130200'),
(76, '130301', '市辖区', '130300'),
(77, '130302', '海港区', '130300'),
(78, '130303', '山海关区', '130300'),
(79, '130304', '北戴河区', '130300'),
(80, '130321', '青龙满族自治县', '130300'),
(81, '130322', '昌黎县', '130300'),
(82, '130323', '抚宁县', '130300'),
(83, '130324', '卢龙县', '130300'),
(84, '130401', '市辖区', '130400'),
(85, '130402', '邯山区', '130400'),
(86, '130403', '丛台区', '130400'),
(87, '130404', '复兴区', '130400'),
(88, '130406', '峰峰矿区', '130400'),
(89, '130421', '邯郸县', '130400'),
(90, '130423', '临漳县', '130400'),
(91, '130424', '成安县', '130400'),
(92, '130425', '大名县', '130400'),
(93, '130426', '涉　县', '130400'),
(94, '130427', '磁　县', '130400'),
(95, '130428', '肥乡县', '130400'),
(96, '130429', '永年县', '130400'),
(97, '130430', '邱　县', '130400'),
(98, '130431', '鸡泽县', '130400'),
(99, '130432', '广平县', '130400'),
(100, '130433', '馆陶县', '130400'),
(101, '130434', '魏　县', '130400'),
(102, '130435', '曲周县', '130400'),
(103, '130481', '武安市', '130400'),
(104, '130501', '市辖区', '130500'),
(105, '130502', '桥东区', '130500'),
(106, '130503', '桥西区', '130500'),
(107, '130521', '邢台县', '130500'),
(108, '130522', '临城县', '130500'),
(109, '130523', '内丘县', '130500'),
(110, '130524', '柏乡县', '130500'),
(111, '130525', '隆尧县', '130500'),
(112, '130526', '任　县', '130500'),
(113, '130527', '南和县', '130500'),
(114, '130528', '宁晋县', '130500'),
(115, '130529', '巨鹿县', '130500'),
(116, '130530', '新河县', '130500'),
(117, '130531', '广宗县', '130500'),
(118, '130532', '平乡县', '130500'),
(119, '130533', '威　县', '130500'),
(120, '130534', '清河县', '130500'),
(121, '130535', '临西县', '130500'),
(122, '130581', '南宫市', '130500'),
(123, '130582', '沙河市', '130500'),
(124, '130601', '市辖区', '130600'),
(125, '130602', '新市区', '130600'),
(126, '130603', '北市区', '130600'),
(127, '130604', '南市区', '130600'),
(128, '130621', '满城县', '130600'),
(129, '130622', '清苑县', '130600'),
(130, '130623', '涞水县', '130600'),
(131, '130624', '阜平县', '130600'),
(132, '130625', '徐水县', '130600'),
(133, '130626', '定兴县', '130600'),
(134, '130627', '唐　县', '130600'),
(135, '130628', '高阳县', '130600'),
(136, '130629', '容城县', '130600'),
(137, '130630', '涞源县', '130600'),
(138, '130631', '望都县', '130600'),
(139, '130632', '安新县', '130600'),
(140, '130633', '易　县', '130600'),
(141, '130634', '曲阳县', '130600'),
(142, '130635', '蠡　县', '130600'),
(143, '130636', '顺平县', '130600'),
(144, '130637', '博野县', '130600'),
(145, '130638', '雄　县', '130600'),
(146, '130681', '涿州市', '130600'),
(147, '130682', '定州市', '130600'),
(148, '130683', '安国市', '130600'),
(149, '130684', '高碑店市', '130600'),
(150, '130701', '市辖区', '130700'),
(151, '130702', '桥东区', '130700'),
(152, '130703', '桥西区', '130700'),
(153, '130705', '宣化区', '130700'),
(154, '130706', '下花园区', '130700'),
(155, '130721', '宣化县', '130700'),
(156, '130722', '张北县', '130700'),
(157, '130723', '康保县', '130700'),
(158, '130724', '沽源县', '130700'),
(159, '130725', '尚义县', '130700'),
(160, '130726', '蔚　县', '130700'),
(161, '130727', '阳原县', '130700'),
(162, '130728', '怀安县', '130700'),
(163, '130729', '万全县', '130700'),
(164, '130730', '怀来县', '130700'),
(165, '130731', '涿鹿县', '130700'),
(166, '130732', '赤城县', '130700'),
(167, '130733', '崇礼县', '130700'),
(168, '130801', '市辖区', '130800'),
(169, '130802', '双桥区', '130800'),
(170, '130803', '双滦区', '130800'),
(171, '130804', '鹰手营子矿区', '130800'),
(172, '130821', '承德县', '130800'),
(173, '130822', '兴隆县', '130800'),
(174, '130823', '平泉县', '130800'),
(175, '130824', '滦平县', '130800'),
(176, '130825', '隆化县', '130800'),
(177, '130826', '丰宁满族自治县', '130800'),
(178, '130827', '宽城满族自治县', '130800'),
(179, '130828', '围场满族蒙古族自治县', '130800'),
(180, '130901', '市辖区', '130900'),
(181, '130902', '新华区', '130900'),
(182, '130903', '运河区', '130900'),
(183, '130921', '沧　县', '130900'),
(184, '130922', '青　县', '130900'),
(185, '130923', '东光县', '130900'),
(186, '130924', '海兴县', '130900'),
(187, '130925', '盐山县', '130900'),
(188, '130926', '肃宁县', '130900'),
(189, '130927', '南皮县', '130900'),
(190, '130928', '吴桥县', '130900'),
(191, '130929', '献　县', '130900'),
(192, '130930', '孟村回族自治县', '130900'),
(193, '130981', '泊头市', '130900'),
(194, '130982', '任丘市', '130900'),
(195, '130983', '黄骅市', '130900'),
(196, '130984', '河间市', '130900'),
(197, '131001', '市辖区', '131000'),
(198, '131002', '安次区', '131000'),
(199, '131003', '广阳区', '131000'),
(200, '131022', '固安县', '131000'),
(201, '131023', '永清县', '131000'),
(202, '131024', '香河县', '131000'),
(203, '131025', '大城县', '131000'),
(204, '131026', '文安县', '131000'),
(205, '131028', '大厂回族自治县', '131000'),
(206, '131081', '霸州市', '131000'),
(207, '131082', '三河市', '131000'),
(208, '131101', '市辖区', '131100'),
(209, '131102', '桃城区', '131100'),
(210, '131121', '枣强县', '131100'),
(211, '131122', '武邑县', '131100'),
(212, '131123', '武强县', '131100'),
(213, '131124', '饶阳县', '131100'),
(214, '131125', '安平县', '131100'),
(215, '131126', '故城县', '131100'),
(216, '131127', '景　县', '131100'),
(217, '131128', '阜城县', '131100'),
(218, '131181', '冀州市', '131100'),
(219, '131182', '深州市', '131100'),
(220, '140101', '市辖区', '140100'),
(221, '140105', '小店区', '140100'),
(222, '140106', '迎泽区', '140100'),
(223, '140107', '杏花岭区', '140100'),
(224, '140108', '尖草坪区', '140100'),
(225, '140109', '万柏林区', '140100'),
(226, '140110', '晋源区', '140100'),
(227, '140121', '清徐县', '140100'),
(228, '140122', '阳曲县', '140100'),
(229, '140123', '娄烦县', '140100'),
(230, '140181', '古交市', '140100'),
(231, '140201', '市辖区', '140200'),
(232, '140202', '城　区', '140200'),
(233, '140203', '矿　区', '140200'),
(234, '140211', '南郊区', '140200'),
(235, '140212', '新荣区', '140200'),
(236, '140221', '阳高县', '140200'),
(237, '140222', '天镇县', '140200'),
(238, '140223', '广灵县', '140200'),
(239, '140224', '灵丘县', '140200'),
(240, '140225', '浑源县', '140200'),
(241, '140226', '左云县', '140200'),
(242, '140227', '大同县', '140200'),
(243, '140301', '市辖区', '140300'),
(244, '140302', '城　区', '140300'),
(245, '140303', '矿　区', '140300'),
(246, '140311', '郊　区', '140300'),
(247, '140321', '平定县', '140300'),
(248, '140322', '盂　县', '140300'),
(249, '140401', '市辖区', '140400'),
(250, '140402', '城　区', '140400'),
(251, '140411', '郊　区', '140400'),
(252, '140421', '长治县', '140400'),
(253, '140423', '襄垣县', '140400'),
(254, '140424', '屯留县', '140400'),
(255, '140425', '平顺县', '140400'),
(256, '140426', '黎城县', '140400'),
(257, '140427', '壶关县', '140400'),
(258, '140428', '长子县', '140400'),
(259, '140429', '武乡县', '140400'),
(260, '140430', '沁　县', '140400'),
(261, '140431', '沁源县', '140400'),
(262, '140481', '潞城市', '140400'),
(263, '140501', '市辖区', '140500'),
(264, '140502', '城　区', '140500'),
(265, '140521', '沁水县', '140500'),
(266, '140522', '阳城县', '140500'),
(267, '140524', '陵川县', '140500'),
(268, '140525', '泽州县', '140500'),
(269, '140581', '高平市', '140500'),
(270, '140601', '市辖区', '140600'),
(271, '140602', '朔城区', '140600'),
(272, '140603', '平鲁区', '140600'),
(273, '140621', '山阴县', '140600'),
(274, '140622', '应　县', '140600'),
(275, '140623', '右玉县', '140600'),
(276, '140624', '怀仁县', '140600'),
(277, '140701', '市辖区', '140700'),
(278, '140702', '榆次区', '140700'),
(279, '140721', '榆社县', '140700'),
(280, '140722', '左权县', '140700'),
(281, '140723', '和顺县', '140700'),
(282, '140724', '昔阳县', '140700'),
(283, '140725', '寿阳县', '140700'),
(284, '140726', '太谷县', '140700'),
(285, '140727', '祁　县', '140700'),
(286, '140728', '平遥县', '140700'),
(287, '140729', '灵石县', '140700'),
(288, '140781', '介休市', '140700'),
(289, '140801', '市辖区', '140800'),
(290, '140802', '盐湖区', '140800'),
(291, '140821', '临猗县', '140800'),
(292, '140822', '万荣县', '140800'),
(293, '140823', '闻喜县', '140800'),
(294, '140824', '稷山县', '140800'),
(295, '140825', '新绛县', '140800'),
(296, '140826', '绛　县', '140800'),
(297, '140827', '垣曲县', '140800'),
(298, '140828', '夏　县', '140800'),
(299, '140829', '平陆县', '140800'),
(300, '140830', '芮城县', '140800'),
(301, '140881', '永济市', '140800'),
(302, '140882', '河津市', '140800'),
(303, '140901', '市辖区', '140900'),
(304, '140902', '忻府区', '140900'),
(305, '140921', '定襄县', '140900'),
(306, '140922', '五台县', '140900'),
(307, '140923', '代　县', '140900'),
(308, '140924', '繁峙县', '140900'),
(309, '140925', '宁武县', '140900'),
(310, '140926', '静乐县', '140900'),
(311, '140927', '神池县', '140900'),
(312, '140928', '五寨县', '140900'),
(313, '140929', '岢岚县', '140900'),
(314, '140930', '河曲县', '140900'),
(315, '140931', '保德县', '140900'),
(316, '140932', '偏关县', '140900'),
(317, '140981', '原平市', '140900'),
(318, '141001', '市辖区', '141000'),
(319, '141002', '尧都区', '141000'),
(320, '141021', '曲沃县', '141000'),
(321, '141022', '翼城县', '141000'),
(322, '141023', '襄汾县', '141000'),
(323, '141024', '洪洞县', '141000'),
(324, '141025', '古　县', '141000'),
(325, '141026', '安泽县', '141000'),
(326, '141027', '浮山县', '141000'),
(327, '141028', '吉　县', '141000'),
(328, '141029', '乡宁县', '141000'),
(329, '141030', '大宁县', '141000'),
(330, '141031', '隰　县', '141000'),
(331, '141032', '永和县', '141000'),
(332, '141033', '蒲　县', '141000'),
(333, '141034', '汾西县', '141000'),
(334, '141081', '侯马市', '141000'),
(335, '141082', '霍州市', '141000'),
(336, '141101', '市辖区', '141100'),
(337, '141102', '离石区', '141100'),
(338, '141121', '文水县', '141100'),
(339, '141122', '交城县', '141100'),
(340, '141123', '兴　县', '141100'),
(341, '141124', '临　县', '141100'),
(342, '141125', '柳林县', '141100'),
(343, '141126', '石楼县', '141100'),
(344, '141127', '岚　县', '141100'),
(345, '141128', '方山县', '141100'),
(346, '141129', '中阳县', '141100'),
(347, '141130', '交口县', '141100'),
(348, '141181', '孝义市', '141100'),
(349, '141182', '汾阳市', '141100'),
(350, '150101', '市辖区', '150100'),
(351, '150102', '新城区', '150100'),
(352, '150103', '回民区', '150100'),
(353, '150104', '玉泉区', '150100'),
(354, '150105', '赛罕区', '150100'),
(355, '150121', '土默特左旗', '150100'),
(356, '150122', '托克托县', '150100'),
(357, '150123', '和林格尔县', '150100'),
(358, '150124', '清水河县', '150100'),
(359, '150125', '武川县', '150100'),
(360, '150201', '市辖区', '150200'),
(361, '150202', '东河区', '150200'),
(362, '150203', '昆都仑区', '150200'),
(363, '150204', '青山区', '150200'),
(364, '150205', '石拐区', '150200'),
(365, '150206', '白云矿区', '150200'),
(366, '150207', '九原区', '150200'),
(367, '150221', '土默特右旗', '150200'),
(368, '150222', '固阳县', '150200'),
(369, '150223', '达尔罕茂明安联合旗', '150200'),
(370, '150301', '市辖区', '150300'),
(371, '150302', '海勃湾区', '150300'),
(372, '150303', '海南区', '150300'),
(373, '150304', '乌达区', '150300'),
(374, '150401', '市辖区', '150400'),
(375, '150402', '红山区', '150400'),
(376, '150403', '元宝山区', '150400'),
(377, '150404', '松山区', '150400'),
(378, '150421', '阿鲁科尔沁旗', '150400'),
(379, '150422', '巴林左旗', '150400'),
(380, '150423', '巴林右旗', '150400'),
(381, '150424', '林西县', '150400'),
(382, '150425', '克什克腾旗', '150400'),
(383, '150426', '翁牛特旗', '150400'),
(384, '150428', '喀喇沁旗', '150400'),
(385, '150429', '宁城县', '150400'),
(386, '150430', '敖汉旗', '150400'),
(387, '150501', '市辖区', '150500'),
(388, '150502', '科尔沁区', '150500'),
(389, '150521', '科尔沁左翼中旗', '150500'),
(390, '150522', '科尔沁左翼后旗', '150500'),
(391, '150523', '开鲁县', '150500'),
(392, '150524', '库伦旗', '150500'),
(393, '150525', '奈曼旗', '150500'),
(394, '150526', '扎鲁特旗', '150500'),
(395, '150581', '霍林郭勒市', '150500'),
(396, '150602', '东胜区', '150600'),
(397, '150621', '达拉特旗', '150600'),
(398, '150622', '准格尔旗', '150600'),
(399, '150623', '鄂托克前旗', '150600'),
(400, '150624', '鄂托克旗', '150600'),
(401, '150625', '杭锦旗', '150600'),
(402, '150626', '乌审旗', '150600'),
(403, '150627', '伊金霍洛旗', '150600'),
(404, '150701', '市辖区', '150700'),
(405, '150702', '海拉尔区', '150700'),
(406, '150721', '阿荣旗', '150700'),
(407, '150722', '莫力达瓦达斡尔族自治旗', '150700'),
(408, '150723', '鄂伦春自治旗', '150700'),
(409, '150724', '鄂温克族自治旗', '150700'),
(410, '150725', '陈巴尔虎旗', '150700'),
(411, '150726', '新巴尔虎左旗', '150700'),
(412, '150727', '新巴尔虎右旗', '150700'),
(413, '150781', '满洲里市', '150700'),
(414, '150782', '牙克石市', '150700'),
(415, '150783', '扎兰屯市', '150700'),
(416, '150784', '额尔古纳市', '150700'),
(417, '150785', '根河市', '150700'),
(418, '150801', '市辖区', '150800'),
(419, '150802', '临河区', '150800'),
(420, '150821', '五原县', '150800'),
(421, '150822', '磴口县', '150800'),
(422, '150823', '乌拉特前旗', '150800'),
(423, '150824', '乌拉特中旗', '150800'),
(424, '150825', '乌拉特后旗', '150800'),
(425, '150826', '杭锦后旗', '150800'),
(426, '150901', '市辖区', '150900'),
(427, '150902', '集宁区', '150900'),
(428, '150921', '卓资县', '150900'),
(429, '150922', '化德县', '150900'),
(430, '150923', '商都县', '150900'),
(431, '150924', '兴和县', '150900'),
(432, '150925', '凉城县', '150900'),
(433, '150926', '察哈尔右翼前旗', '150900'),
(434, '150927', '察哈尔右翼中旗', '150900'),
(435, '150928', '察哈尔右翼后旗', '150900'),
(436, '150929', '四子王旗', '150900'),
(437, '150981', '丰镇市', '150900'),
(438, '152201', '乌兰浩特市', '152200'),
(439, '152202', '阿尔山市', '152200'),
(440, '152221', '科尔沁右翼前旗', '152200'),
(441, '152222', '科尔沁右翼中旗', '152200'),
(442, '152223', '扎赉特旗', '152200'),
(443, '152224', '突泉县', '152200'),
(444, '152501', '二连浩特市', '152500'),
(445, '152502', '锡林浩特市', '152500'),
(446, '152522', '阿巴嘎旗', '152500'),
(447, '152523', '苏尼特左旗', '152500'),
(448, '152524', '苏尼特右旗', '152500'),
(449, '152525', '东乌珠穆沁旗', '152500'),
(450, '152526', '西乌珠穆沁旗', '152500'),
(451, '152527', '太仆寺旗', '152500'),
(452, '152528', '镶黄旗', '152500'),
(453, '152529', '正镶白旗', '152500'),
(454, '152530', '正蓝旗', '152500'),
(455, '152531', '多伦县', '152500'),
(456, '152921', '阿拉善左旗', '152900'),
(457, '152922', '阿拉善右旗', '152900'),
(458, '152923', '额济纳旗', '152900'),
(459, '210101', '市辖区', '210100'),
(460, '210102', '和平区', '210100'),
(461, '210103', '沈河区', '210100'),
(462, '210104', '大东区', '210100'),
(463, '210105', '皇姑区', '210100'),
(464, '210106', '铁西区', '210100'),
(465, '210111', '苏家屯区', '210100'),
(466, '210112', '东陵区', '210100'),
(467, '210113', '新城子区', '210100'),
(468, '210114', '于洪区', '210100'),
(469, '210122', '辽中县', '210100'),
(470, '210123', '康平县', '210100'),
(471, '210124', '法库县', '210100'),
(472, '210181', '新民市', '210100'),
(473, '210201', '市辖区', '210200'),
(474, '210202', '中山区', '210200'),
(475, '210203', '西岗区', '210200'),
(476, '210204', '沙河口区', '210200'),
(477, '210211', '甘井子区', '210200'),
(478, '210212', '旅顺口区', '210200'),
(479, '210213', '金州区', '210200'),
(480, '210224', '长海县', '210200'),
(481, '210281', '瓦房店市', '210200'),
(482, '210282', '普兰店市', '210200'),
(483, '210283', '庄河市', '210200'),
(484, '210301', '市辖区', '210300'),
(485, '210302', '铁东区', '210300'),
(486, '210303', '铁西区', '210300'),
(487, '210304', '立山区', '210300'),
(488, '210311', '千山区', '210300'),
(489, '210321', '台安县', '210300'),
(490, '210323', '岫岩满族自治县', '210300'),
(491, '210381', '海城市', '210300'),
(492, '210401', '市辖区', '210400'),
(493, '210402', '新抚区', '210400'),
(494, '210403', '东洲区', '210400'),
(495, '210404', '望花区', '210400'),
(496, '210411', '顺城区', '210400'),
(497, '210421', '抚顺县', '210400'),
(498, '210422', '新宾满族自治县', '210400'),
(499, '210423', '清原满族自治县', '210400'),
(500, '210501', '市辖区', '210500'),
(501, '210502', '平山区', '210500'),
(502, '210503', '溪湖区', '210500'),
(503, '210504', '明山区', '210500'),
(504, '210505', '南芬区', '210500'),
(505, '210521', '本溪满族自治县', '210500'),
(506, '210522', '桓仁满族自治县', '210500'),
(507, '210601', '市辖区', '210600'),
(508, '210602', '元宝区', '210600'),
(509, '210603', '振兴区', '210600'),
(510, '210604', '振安区', '210600'),
(511, '210624', '宽甸满族自治县', '210600'),
(512, '210681', '东港市', '210600'),
(513, '210682', '凤城市', '210600'),
(514, '210701', '市辖区', '210700'),
(515, '210702', '古塔区', '210700'),
(516, '210703', '凌河区', '210700'),
(517, '210711', '太和区', '210700'),
(518, '210726', '黑山县', '210700'),
(519, '210727', '义　县', '210700'),
(520, '210781', '凌海市', '210700'),
(521, '210782', '北宁市', '210700'),
(522, '210801', '市辖区', '210800'),
(523, '210802', '站前区', '210800'),
(524, '210803', '西市区', '210800'),
(525, '210804', '鲅鱼圈区', '210800'),
(526, '210811', '老边区', '210800'),
(527, '210881', '盖州市', '210800'),
(528, '210882', '大石桥市', '210800'),
(529, '210901', '市辖区', '210900'),
(530, '210902', '海州区', '210900'),
(531, '210903', '新邱区', '210900'),
(532, '210904', '太平区', '210900'),
(533, '210905', '清河门区', '210900'),
(534, '210911', '细河区', '210900'),
(535, '210921', '阜新蒙古族自治县', '210900'),
(536, '210922', '彰武县', '210900'),
(537, '211001', '市辖区', '211000'),
(538, '211002', '白塔区', '211000'),
(539, '211003', '文圣区', '211000'),
(540, '211004', '宏伟区', '211000'),
(541, '211005', '弓长岭区', '211000'),
(542, '211011', '太子河区', '211000'),
(543, '211021', '辽阳县', '211000'),
(544, '211081', '灯塔市', '211000'),
(545, '211101', '市辖区', '211100'),
(546, '211102', '双台子区', '211100'),
(547, '211103', '兴隆台区', '211100'),
(548, '211121', '大洼县', '211100'),
(549, '211122', '盘山县', '211100'),
(550, '211201', '市辖区', '211200'),
(551, '211202', '银州区', '211200'),
(552, '211204', '清河区', '211200'),
(553, '211221', '铁岭县', '211200'),
(554, '211223', '西丰县', '211200'),
(555, '211224', '昌图县', '211200'),
(556, '211281', '调兵山市', '211200'),
(557, '211282', '开原市', '211200'),
(558, '211301', '市辖区', '211300'),
(559, '211302', '双塔区', '211300'),
(560, '211303', '龙城区', '211300'),
(561, '211321', '朝阳县', '211300'),
(562, '211322', '建平县', '211300'),
(563, '211324', '喀喇沁左翼蒙古族自治县', '211300'),
(564, '211381', '北票市', '211300'),
(565, '211382', '凌源市', '211300'),
(566, '211401', '市辖区', '211400'),
(567, '211402', '连山区', '211400'),
(568, '211403', '龙港区', '211400'),
(569, '211404', '南票区', '211400'),
(570, '211421', '绥中县', '211400'),
(571, '211422', '建昌县', '211400'),
(572, '211481', '兴城市', '211400'),
(573, '220101', '市辖区', '220100'),
(574, '220102', '南关区', '220100'),
(575, '220103', '宽城区', '220100'),
(576, '220104', '朝阳区', '220100'),
(577, '220105', '二道区', '220100'),
(578, '220106', '绿园区', '220100'),
(579, '220112', '双阳区', '220100'),
(580, '220122', '农安县', '220100'),
(581, '220181', '九台市', '220100'),
(582, '220182', '榆树市', '220100'),
(583, '220183', '德惠市', '220100'),
(584, '220201', '市辖区', '220200'),
(585, '220202', '昌邑区', '220200'),
(586, '220203', '龙潭区', '220200'),
(587, '220204', '船营区', '220200'),
(588, '220211', '丰满区', '220200'),
(589, '220221', '永吉县', '220200'),
(590, '220281', '蛟河市', '220200'),
(591, '220282', '桦甸市', '220200'),
(592, '220283', '舒兰市', '220200'),
(593, '220284', '磐石市', '220200'),
(594, '220301', '市辖区', '220300'),
(595, '220302', '铁西区', '220300'),
(596, '220303', '铁东区', '220300'),
(597, '220322', '梨树县', '220300'),
(598, '220323', '伊通满族自治县', '220300'),
(599, '220381', '公主岭市', '220300'),
(600, '220382', '双辽市', '220300'),
(601, '220401', '市辖区', '220400'),
(602, '220402', '龙山区', '220400'),
(603, '220403', '西安区', '220400'),
(604, '220421', '东丰县', '220400'),
(605, '220422', '东辽县', '220400'),
(606, '220501', '市辖区', '220500'),
(607, '220502', '东昌区', '220500'),
(608, '220503', '二道江区', '220500'),
(609, '220521', '通化县', '220500'),
(610, '220523', '辉南县', '220500'),
(611, '220524', '柳河县', '220500'),
(612, '220581', '梅河口市', '220500'),
(613, '220582', '集安市', '220500'),
(614, '220601', '市辖区', '220600'),
(615, '220602', '八道江区', '220600'),
(616, '220621', '抚松县', '220600'),
(617, '220622', '靖宇县', '220600'),
(618, '220623', '长白朝鲜族自治县', '220600'),
(619, '220625', '江源县', '220600'),
(620, '220681', '临江市', '220600'),
(621, '220701', '市辖区', '220700'),
(622, '220702', '宁江区', '220700'),
(623, '220721', '前郭尔罗斯蒙古族自治县', '220700'),
(624, '220722', '长岭县', '220700'),
(625, '220723', '乾安县', '220700'),
(626, '220724', '扶余县', '220700'),
(627, '220801', '市辖区', '220800'),
(628, '220802', '洮北区', '220800'),
(629, '220821', '镇赉县', '220800'),
(630, '220822', '通榆县', '220800'),
(631, '220881', '洮南市', '220800'),
(632, '220882', '大安市', '220800'),
(633, '222401', '延吉市', '222400'),
(634, '222402', '图们市', '222400'),
(635, '222403', '敦化市', '222400'),
(636, '222404', '珲春市', '222400'),
(637, '222405', '龙井市', '222400'),
(638, '222406', '和龙市', '222400'),
(639, '222424', '汪清县', '222400'),
(640, '222426', '安图县', '222400'),
(641, '230101', '市辖区', '230100'),
(642, '230102', '道里区', '230100'),
(643, '230103', '南岗区', '230100'),
(644, '230104', '道外区', '230100'),
(645, '230106', '香坊区', '230100'),
(646, '230107', '动力区', '230100'),
(647, '230108', '平房区', '230100'),
(648, '230109', '松北区', '230100'),
(649, '230111', '呼兰区', '230100'),
(650, '230123', '依兰县', '230100'),
(651, '230124', '方正县', '230100'),
(652, '230125', '宾　县', '230100'),
(653, '230126', '巴彦县', '230100'),
(654, '230127', '木兰县', '230100'),
(655, '230128', '通河县', '230100'),
(656, '230129', '延寿县', '230100'),
(657, '230181', '阿城市', '230100'),
(658, '230182', '双城市', '230100'),
(659, '230183', '尚志市', '230100'),
(660, '230184', '五常市', '230100'),
(661, '230201', '市辖区', '230200'),
(662, '230202', '龙沙区', '230200'),
(663, '230203', '建华区', '230200'),
(664, '230204', '铁锋区', '230200'),
(665, '230205', '昂昂溪区', '230200'),
(666, '230206', '富拉尔基区', '230200'),
(667, '230207', '碾子山区', '230200'),
(668, '230208', '梅里斯达斡尔族区', '230200'),
(669, '230221', '龙江县', '230200'),
(670, '230223', '依安县', '230200'),
(671, '230224', '泰来县', '230200'),
(672, '230225', '甘南县', '230200'),
(673, '230227', '富裕县', '230200'),
(674, '230229', '克山县', '230200'),
(675, '230230', '克东县', '230200'),
(676, '230231', '拜泉县', '230200'),
(677, '230281', '讷河市', '230200'),
(678, '230301', '市辖区', '230300'),
(679, '230302', '鸡冠区', '230300'),
(680, '230303', '恒山区', '230300'),
(681, '230304', '滴道区', '230300'),
(682, '230305', '梨树区', '230300'),
(683, '230306', '城子河区', '230300'),
(684, '230307', '麻山区', '230300'),
(685, '230321', '鸡东县', '230300'),
(686, '230381', '虎林市', '230300'),
(687, '230382', '密山市', '230300'),
(688, '230401', '市辖区', '230400'),
(689, '230402', '向阳区', '230400'),
(690, '230403', '工农区', '230400'),
(691, '230404', '南山区', '230400'),
(692, '230405', '兴安区', '230400'),
(693, '230406', '东山区', '230400'),
(694, '230407', '兴山区', '230400'),
(695, '230421', '萝北县', '230400'),
(696, '230422', '绥滨县', '230400'),
(697, '230501', '市辖区', '230500'),
(698, '230502', '尖山区', '230500'),
(699, '230503', '岭东区', '230500'),
(700, '230505', '四方台区', '230500'),
(701, '230506', '宝山区', '230500'),
(702, '230521', '集贤县', '230500'),
(703, '230522', '友谊县', '230500'),
(704, '230523', '宝清县', '230500'),
(705, '230524', '饶河县', '230500'),
(706, '230601', '市辖区', '230600'),
(707, '230602', '萨尔图区', '230600'),
(708, '230603', '龙凤区', '230600'),
(709, '230604', '让胡路区', '230600'),
(710, '230605', '红岗区', '230600'),
(711, '230606', '大同区', '230600'),
(712, '230621', '肇州县', '230600'),
(713, '230622', '肇源县', '230600'),
(714, '230623', '林甸县', '230600'),
(715, '230624', '杜尔伯特蒙古族自治县', '230600'),
(716, '230701', '市辖区', '230700'),
(717, '230702', '伊春区', '230700'),
(718, '230703', '南岔区', '230700'),
(719, '230704', '友好区', '230700'),
(720, '230705', '西林区', '230700'),
(721, '230706', '翠峦区', '230700'),
(722, '230707', '新青区', '230700'),
(723, '230708', '美溪区', '230700'),
(724, '230709', '金山屯区', '230700'),
(725, '230710', '五营区', '230700'),
(726, '230711', '乌马河区', '230700'),
(727, '230712', '汤旺河区', '230700'),
(728, '230713', '带岭区', '230700'),
(729, '230714', '乌伊岭区', '230700'),
(730, '230715', '红星区', '230700'),
(731, '230716', '上甘岭区', '230700'),
(732, '230722', '嘉荫县', '230700'),
(733, '230781', '铁力市', '230700'),
(734, '230801', '市辖区', '230800'),
(735, '230802', '永红区', '230800'),
(736, '230803', '向阳区', '230800'),
(737, '230804', '前进区', '230800'),
(738, '230805', '东风区', '230800'),
(739, '230811', '郊　区', '230800'),
(740, '230822', '桦南县', '230800'),
(741, '230826', '桦川县', '230800'),
(742, '230828', '汤原县', '230800'),
(743, '230833', '抚远县', '230800'),
(744, '230881', '同江市', '230800'),
(745, '230882', '富锦市', '230800'),
(746, '230901', '市辖区', '230900'),
(747, '230902', '新兴区', '230900'),
(748, '230903', '桃山区', '230900'),
(749, '230904', '茄子河区', '230900'),
(750, '230921', '勃利县', '230900'),
(751, '231001', '市辖区', '231000'),
(752, '231002', '东安区', '231000'),
(753, '231003', '阳明区', '231000'),
(754, '231004', '爱民区', '231000'),
(755, '231005', '西安区', '231000'),
(756, '231024', '东宁县', '231000'),
(757, '231025', '林口县', '231000'),
(758, '231081', '绥芬河市', '231000'),
(759, '231083', '海林市', '231000'),
(760, '231084', '宁安市', '231000'),
(761, '231085', '穆棱市', '231000'),
(762, '231101', '市辖区', '231100'),
(763, '231102', '爱辉区', '231100'),
(764, '231121', '嫩江县', '231100'),
(765, '231123', '逊克县', '231100'),
(766, '231124', '孙吴县', '231100'),
(767, '231181', '北安市', '231100'),
(768, '231182', '五大连池市', '231100'),
(769, '231201', '市辖区', '231200'),
(770, '231202', '北林区', '231200'),
(771, '231221', '望奎县', '231200'),
(772, '231222', '兰西县', '231200'),
(773, '231223', '青冈县', '231200'),
(774, '231224', '庆安县', '231200'),
(775, '231225', '明水县', '231200'),
(776, '231226', '绥棱县', '231200'),
(777, '231281', '安达市', '231200'),
(778, '231282', '肇东市', '231200'),
(779, '231283', '海伦市', '231200'),
(780, '232721', '呼玛县', '232700'),
(781, '232722', '塔河县', '232700'),
(782, '232723', '漠河县', '232700'),
(783, '310101', '黄浦区', '310100'),
(784, '310103', '卢湾区', '310100'),
(785, '310104', '徐汇区', '310100'),
(786, '310105', '长宁区', '310100'),
(787, '310106', '静安区', '310100'),
(788, '310107', '普陀区', '310100'),
(789, '310108', '闸北区', '310100'),
(790, '310109', '虹口区', '310100'),
(791, '310110', '杨浦区', '310100'),
(792, '310112', '闵行区', '310100'),
(793, '310113', '宝山区', '310100'),
(794, '310114', '嘉定区', '310100'),
(795, '310115', '浦东新区', '310100'),
(796, '310116', '金山区', '310100'),
(797, '310117', '松江区', '310100'),
(798, '310118', '青浦区', '310100'),
(799, '310119', '南汇区', '310100'),
(800, '310120', '奉贤区', '310100'),
(801, '310230', '崇明县', '310100'),
(802, '320101', '市辖区', '320100'),
(803, '320102', '玄武区', '320100'),
(804, '320103', '白下区', '320100'),
(805, '320104', '秦淮区', '320100'),
(806, '320105', '建邺区', '320100'),
(807, '320106', '鼓楼区', '320100'),
(808, '320107', '下关区', '320100'),
(809, '320111', '浦口区', '320100'),
(810, '320113', '栖霞区', '320100'),
(811, '320114', '雨花台区', '320100'),
(812, '320115', '江宁区', '320100'),
(813, '320116', '六合区', '320100'),
(814, '320124', '溧水县', '320100'),
(815, '320125', '高淳县', '320100'),
(816, '320201', '市辖区', '320200'),
(817, '320202', '崇安区', '320200'),
(818, '320203', '南长区', '320200'),
(819, '320204', '北塘区', '320200'),
(820, '320205', '锡山区', '320200'),
(821, '320206', '惠山区', '320200'),
(822, '320211', '滨湖区', '320200'),
(823, '320281', '江阴市', '320200'),
(824, '320282', '宜兴市', '320200'),
(825, '320301', '市辖区', '320300'),
(826, '320302', '鼓楼区', '320300'),
(827, '320303', '云龙区', '320300'),
(828, '320304', '九里区', '320300'),
(829, '320305', '贾汪区', '320300'),
(830, '320311', '泉山区', '320300'),
(831, '320321', '丰　县', '320300'),
(832, '320322', '沛　县', '320300'),
(833, '320323', '铜山县', '320300'),
(834, '320324', '睢宁县', '320300'),
(835, '320381', '新沂市', '320300'),
(836, '320382', '邳州市', '320300'),
(837, '320401', '市辖区', '320400'),
(838, '320402', '天宁区', '320400'),
(839, '320404', '钟楼区', '320400'),
(840, '320405', '戚墅堰区', '320400'),
(841, '320411', '新北区', '320400'),
(842, '320412', '武进区', '320400'),
(843, '320481', '溧阳市', '320400'),
(844, '320482', '金坛市', '320400'),
(845, '320501', '市辖区', '320500'),
(846, '320502', '沧浪区', '320500'),
(847, '320503', '平江区', '320500'),
(848, '320504', '金阊区', '320500'),
(849, '320505', '虎丘区', '320500'),
(850, '320506', '吴中区', '320500'),
(851, '320507', '相城区', '320500'),
(852, '320581', '常熟市', '320500'),
(853, '320582', '张家港市', '320500'),
(854, '320583', '昆山市', '320500'),
(855, '320584', '吴江市', '320500'),
(856, '320585', '太仓市', '320500'),
(857, '320601', '市辖区', '320600'),
(858, '320602', '崇川区', '320600'),
(859, '320611', '港闸区', '320600'),
(860, '320621', '海安县', '320600'),
(861, '320623', '如东县', '320600'),
(862, '320681', '启东市', '320600'),
(863, '320682', '如皋市', '320600'),
(864, '320683', '通州市', '320600'),
(865, '320684', '海门市', '320600'),
(866, '320701', '市辖区', '320700'),
(867, '320703', '连云区', '320700'),
(868, '320705', '新浦区', '320700'),
(869, '320706', '海州区', '320700'),
(870, '320721', '赣榆县', '320700'),
(871, '320722', '东海县', '320700'),
(872, '320723', '灌云县', '320700'),
(873, '320724', '灌南县', '320700'),
(874, '320801', '市辖区', '320800'),
(875, '320802', '清河区', '320800'),
(876, '320803', '楚州区', '320800'),
(877, '320804', '淮阴区', '320800'),
(878, '320811', '清浦区', '320800'),
(879, '320826', '涟水县', '320800'),
(880, '320829', '洪泽县', '320800'),
(881, '320830', '盱眙县', '320800'),
(882, '320831', '金湖县', '320800'),
(883, '320901', '市辖区', '320900'),
(884, '320902', '亭湖区', '320900'),
(885, '320903', '盐都区', '320900'),
(886, '320921', '响水县', '320900'),
(887, '320922', '滨海县', '320900'),
(888, '320923', '阜宁县', '320900'),
(889, '320924', '射阳县', '320900'),
(890, '320925', '建湖县', '320900'),
(891, '320981', '东台市', '320900'),
(892, '320982', '大丰市', '320900'),
(893, '321001', '市辖区', '321000'),
(894, '321002', '广陵区', '321000'),
(895, '321003', '邗江区', '321000'),
(896, '321011', '郊　区', '321000'),
(897, '321023', '宝应县', '321000'),
(898, '321081', '仪征市', '321000'),
(899, '321084', '高邮市', '321000'),
(900, '321088', '江都市', '321000'),
(901, '321101', '市辖区', '321100'),
(902, '321102', '京口区', '321100'),
(903, '321111', '润州区', '321100'),
(904, '321112', '丹徒区', '321100'),
(905, '321181', '丹阳市', '321100'),
(906, '321182', '扬中市', '321100'),
(907, '321183', '句容市', '321100'),
(908, '321201', '市辖区', '321200'),
(909, '321202', '海陵区', '321200'),
(910, '321203', '高港区', '321200'),
(911, '321281', '兴化市', '321200'),
(912, '321282', '靖江市', '321200'),
(913, '321283', '泰兴市', '321200'),
(914, '321284', '姜堰市', '321200'),
(915, '321301', '市辖区', '321300'),
(916, '321302', '宿城区', '321300'),
(917, '321311', '宿豫区', '321300'),
(918, '321322', '沭阳县', '321300'),
(919, '321323', '泗阳县', '321300'),
(920, '321324', '泗洪县', '321300'),
(921, '330101', '市辖区', '330100'),
(922, '330102', '上城区', '330100'),
(923, '330103', '下城区', '330100'),
(924, '330104', '江干区', '330100'),
(925, '330105', '拱墅区', '330100'),
(926, '330106', '西湖区', '330100'),
(927, '330108', '滨江区', '330100'),
(928, '330109', '萧山区', '330100'),
(929, '330110', '余杭区', '330100'),
(930, '330122', '桐庐县', '330100'),
(931, '330127', '淳安县', '330100'),
(932, '330182', '建德市', '330100'),
(933, '330183', '富阳市', '330100'),
(934, '330185', '临安市', '330100'),
(935, '330201', '市辖区', '330200'),
(936, '330203', '海曙区', '330200'),
(937, '330204', '江东区', '330200'),
(938, '330205', '江北区', '330200'),
(939, '330206', '北仑区', '330200'),
(940, '330211', '镇海区', '330200'),
(941, '330212', '鄞州区', '330200'),
(942, '330225', '象山县', '330200'),
(943, '330226', '宁海县', '330200'),
(944, '330281', '余姚市', '330200'),
(945, '330282', '慈溪市', '330200'),
(946, '330283', '奉化市', '330200'),
(947, '330301', '市辖区', '330300'),
(948, '330302', '鹿城区', '330300'),
(949, '330303', '龙湾区', '330300'),
(950, '330304', '瓯海区', '330300'),
(951, '330322', '洞头县', '330300'),
(952, '330324', '永嘉县', '330300'),
(953, '330326', '平阳县', '330300'),
(954, '330327', '苍南县', '330300'),
(955, '330328', '文成县', '330300'),
(956, '330329', '泰顺县', '330300'),
(957, '330381', '瑞安市', '330300'),
(958, '330382', '乐清市', '330300'),
(959, '330401', '市辖区', '330400'),
(960, '330402', '秀城区', '330400'),
(961, '330411', '秀洲区', '330400'),
(962, '330421', '嘉善县', '330400'),
(963, '330424', '海盐县', '330400'),
(964, '330481', '海宁市', '330400'),
(965, '330482', '平湖市', '330400'),
(966, '330483', '桐乡市', '330400'),
(967, '330501', '市辖区', '330500'),
(968, '330502', '吴兴区', '330500'),
(969, '330503', '南浔区', '330500'),
(970, '330521', '德清县', '330500'),
(971, '330522', '长兴县', '330500'),
(972, '330523', '安吉县', '330500'),
(973, '330601', '市辖区', '330600'),
(974, '330602', '越城区', '330600'),
(975, '330621', '绍兴县', '330600'),
(976, '330624', '新昌县', '330600'),
(977, '330681', '诸暨市', '330600'),
(978, '330682', '上虞市', '330600'),
(979, '330683', '嵊州市', '330600'),
(980, '330701', '市辖区', '330700'),
(981, '330702', '婺城区', '330700'),
(982, '330703', '金东区', '330700'),
(983, '330723', '武义县', '330700'),
(984, '330726', '浦江县', '330700'),
(985, '330727', '磐安县', '330700'),
(986, '330781', '兰溪市', '330700'),
(987, '330782', '义乌市', '330700'),
(988, '330783', '东阳市', '330700'),
(989, '330784', '永康市', '330700'),
(990, '330801', '市辖区', '330800'),
(991, '330802', '柯城区', '330800'),
(992, '330803', '衢江区', '330800'),
(993, '330822', '常山县', '330800'),
(994, '330824', '开化县', '330800'),
(995, '330825', '龙游县', '330800'),
(996, '330881', '江山市', '330800'),
(997, '330901', '市辖区', '330900'),
(998, '330902', '定海区', '330900'),
(999, '330903', '普陀区', '330900'),
(1000, '330921', '岱山县', '330900'),
(1001, '330922', '嵊泗县', '330900'),
(1002, '331001', '市辖区', '331000'),
(1003, '331002', '椒江区', '331000'),
(1004, '331003', '黄岩区', '331000'),
(1005, '331004', '路桥区', '331000'),
(1006, '331021', '玉环县', '331000'),
(1007, '331022', '三门县', '331000'),
(1008, '331023', '天台县', '331000'),
(1009, '331024', '仙居县', '331000'),
(1010, '331081', '温岭市', '331000'),
(1011, '331082', '临海市', '331000'),
(1012, '331101', '市辖区', '331100'),
(1013, '331102', '莲都区', '331100'),
(1014, '331121', '青田县', '331100'),
(1015, '331122', '缙云县', '331100'),
(1016, '331123', '遂昌县', '331100'),
(1017, '331124', '松阳县', '331100'),
(1018, '331125', '云和县', '331100'),
(1019, '331126', '庆元县', '331100'),
(1020, '331127', '景宁畲族自治县', '331100'),
(1021, '331181', '龙泉市', '331100'),
(1022, '340101', '市辖区', '340100'),
(1023, '340102', '瑶海区', '340100'),
(1024, '340103', '庐阳区', '340100'),
(1025, '340104', '蜀山区', '340100'),
(1026, '340111', '包河区', '340100'),
(1027, '340121', '长丰县', '340100'),
(1028, '340122', '肥东县', '340100'),
(1029, '340123', '肥西县', '340100'),
(1030, '340201', '市辖区', '340200'),
(1031, '340202', '镜湖区', '340200'),
(1032, '340203', '马塘区', '340200'),
(1033, '340204', '新芜区', '340200'),
(1034, '340207', '鸠江区', '340200'),
(1035, '340221', '芜湖县', '340200'),
(1036, '340222', '繁昌县', '340200'),
(1037, '340223', '南陵县', '340200'),
(1038, '340301', '市辖区', '340300'),
(1039, '340302', '龙子湖区', '340300'),
(1040, '340303', '蚌山区', '340300'),
(1041, '340304', '禹会区', '340300'),
(1042, '340311', '淮上区', '340300'),
(1043, '340321', '怀远县', '340300'),
(1044, '340322', '五河县', '340300'),
(1045, '340323', '固镇县', '340300'),
(1046, '340401', '市辖区', '340400'),
(1047, '340402', '大通区', '340400'),
(1048, '340403', '田家庵区', '340400'),
(1049, '340404', '谢家集区', '340400'),
(1050, '340405', '八公山区', '340400'),
(1051, '340406', '潘集区', '340400'),
(1052, '340421', '凤台县', '340400'),
(1053, '340501', '市辖区', '340500'),
(1054, '340502', '金家庄区', '340500'),
(1055, '340503', '花山区', '340500'),
(1056, '340504', '雨山区', '340500'),
(1057, '340521', '当涂县', '340500'),
(1058, '340601', '市辖区', '340600'),
(1059, '340602', '杜集区', '340600'),
(1060, '340603', '相山区', '340600'),
(1061, '340604', '烈山区', '340600'),
(1062, '340621', '濉溪县', '340600'),
(1063, '340701', '市辖区', '340700'),
(1064, '340702', '铜官山区', '340700'),
(1065, '340703', '狮子山区', '340700'),
(1066, '340711', '郊　区', '340700'),
(1067, '340721', '铜陵县', '340700'),
(1068, '340801', '市辖区', '340800'),
(1069, '340802', '迎江区', '340800'),
(1070, '340803', '大观区', '340800'),
(1071, '340811', '郊　区', '340800'),
(1072, '340822', '怀宁县', '340800'),
(1073, '340823', '枞阳县', '340800'),
(1074, '340824', '潜山县', '340800'),
(1075, '340825', '太湖县', '340800'),
(1076, '340826', '宿松县', '340800'),
(1077, '340827', '望江县', '340800'),
(1078, '340828', '岳西县', '340800'),
(1079, '340881', '桐城市', '340800'),
(1080, '341001', '市辖区', '341000'),
(1081, '341002', '屯溪区', '341000'),
(1082, '341003', '黄山区', '341000'),
(1083, '341004', '徽州区', '341000'),
(1084, '341021', '歙　县', '341000'),
(1085, '341022', '休宁县', '341000'),
(1086, '341023', '黟　县', '341000'),
(1087, '341024', '祁门县', '341000'),
(1088, '341101', '市辖区', '341100'),
(1089, '341102', '琅琊区', '341100'),
(1090, '341103', '南谯区', '341100'),
(1091, '341122', '来安县', '341100'),
(1092, '341124', '全椒县', '341100'),
(1093, '341125', '定远县', '341100'),
(1094, '341126', '凤阳县', '341100'),
(1095, '341181', '天长市', '341100'),
(1096, '341182', '明光市', '341100'),
(1097, '341201', '市辖区', '341200'),
(1098, '341202', '颍州区', '341200'),
(1099, '341203', '颍东区', '341200'),
(1100, '341204', '颍泉区', '341200'),
(1101, '341221', '临泉县', '341200'),
(1102, '341222', '太和县', '341200'),
(1103, '341225', '阜南县', '341200'),
(1104, '341226', '颍上县', '341200'),
(1105, '341282', '界首市', '341200'),
(1106, '341301', '市辖区', '341300'),
(1107, '341302', '墉桥区', '341300'),
(1108, '341321', '砀山县', '341300'),
(1109, '341322', '萧　县', '341300'),
(1110, '341323', '灵璧县', '341300'),
(1111, '341324', '泗　县', '341300'),
(1112, '341401', '市辖区', '341400'),
(1113, '341402', '居巢区', '341400'),
(1114, '341421', '庐江县', '341400'),
(1115, '341422', '无为县', '341400'),
(1116, '341423', '含山县', '341400'),
(1117, '341424', '和　县', '341400'),
(1118, '341501', '市辖区', '341500'),
(1119, '341502', '金安区', '341500'),
(1120, '341503', '裕安区', '341500'),
(1121, '341521', '寿　县', '341500'),
(1122, '341522', '霍邱县', '341500'),
(1123, '341523', '舒城县', '341500'),
(1124, '341524', '金寨县', '341500'),
(1125, '341525', '霍山县', '341500'),
(1126, '341601', '市辖区', '341600'),
(1127, '341602', '谯城区', '341600'),
(1128, '341621', '涡阳县', '341600'),
(1129, '341622', '蒙城县', '341600'),
(1130, '341623', '利辛县', '341600'),
(1131, '341701', '市辖区', '341700'),
(1132, '341702', '贵池区', '341700'),
(1133, '341721', '东至县', '341700'),
(1134, '341722', '石台县', '341700'),
(1135, '341723', '青阳县', '341700'),
(1136, '341801', '市辖区', '341800'),
(1137, '341802', '宣州区', '341800'),
(1138, '341821', '郎溪县', '341800'),
(1139, '341822', '广德县', '341800'),
(1140, '341823', '泾　县', '341800'),
(1141, '341824', '绩溪县', '341800'),
(1142, '341825', '旌德县', '341800'),
(1143, '341881', '宁国市', '341800'),
(1144, '350101', '市辖区', '350100'),
(1145, '350102', '鼓楼区', '350100'),
(1146, '350103', '台江区', '350100'),
(1147, '350104', '仓山区', '350100'),
(1148, '350105', '马尾区', '350100'),
(1149, '350111', '晋安区', '350100'),
(1150, '350121', '闽侯县', '350100'),
(1151, '350122', '连江县', '350100'),
(1152, '350123', '罗源县', '350100'),
(1153, '350124', '闽清县', '350100'),
(1154, '350125', '永泰县', '350100'),
(1155, '350128', '平潭县', '350100'),
(1156, '350181', '福清市', '350100'),
(1157, '350182', '长乐市', '350100'),
(1158, '350201', '市辖区', '350200'),
(1159, '350203', '思明区', '350200'),
(1160, '350205', '海沧区', '350200'),
(1161, '350206', '湖里区', '350200'),
(1162, '350211', '集美区', '350200'),
(1163, '350212', '同安区', '350200'),
(1164, '350213', '翔安区', '350200'),
(1165, '350301', '市辖区', '350300'),
(1166, '350302', '城厢区', '350300'),
(1167, '350303', '涵江区', '350300'),
(1168, '350304', '荔城区', '350300'),
(1169, '350305', '秀屿区', '350300'),
(1170, '350322', '仙游县', '350300'),
(1171, '350401', '市辖区', '350400'),
(1172, '350402', '梅列区', '350400'),
(1173, '350403', '三元区', '350400'),
(1174, '350421', '明溪县', '350400'),
(1175, '350423', '清流县', '350400'),
(1176, '350424', '宁化县', '350400'),
(1177, '350425', '大田县', '350400'),
(1178, '350426', '尤溪县', '350400'),
(1179, '350427', '沙　县', '350400'),
(1180, '350428', '将乐县', '350400'),
(1181, '350429', '泰宁县', '350400'),
(1182, '350430', '建宁县', '350400'),
(1183, '350481', '永安市', '350400'),
(1184, '350501', '市辖区', '350500'),
(1185, '350502', '鲤城区', '350500'),
(1186, '350503', '丰泽区', '350500'),
(1187, '350504', '洛江区', '350500'),
(1188, '350505', '泉港区', '350500'),
(1189, '350521', '惠安县', '350500'),
(1190, '350524', '安溪县', '350500'),
(1191, '350525', '永春县', '350500'),
(1192, '350526', '德化县', '350500'),
(1193, '350527', '金门县', '350500'),
(1194, '350581', '石狮市', '350500'),
(1195, '350582', '晋江市', '350500'),
(1196, '350583', '南安市', '350500'),
(1197, '350601', '市辖区', '350600'),
(1198, '350602', '芗城区', '350600'),
(1199, '350603', '龙文区', '350600'),
(1200, '350622', '云霄县', '350600'),
(1201, '350623', '漳浦县', '350600'),
(1202, '350624', '诏安县', '350600'),
(1203, '350625', '长泰县', '350600'),
(1204, '350626', '东山县', '350600'),
(1205, '350627', '南靖县', '350600'),
(1206, '350628', '平和县', '350600'),
(1207, '350629', '华安县', '350600'),
(1208, '350681', '龙海市', '350600'),
(1209, '350701', '市辖区', '350700'),
(1210, '350702', '延平区', '350700'),
(1211, '350721', '顺昌县', '350700'),
(1212, '350722', '浦城县', '350700'),
(1213, '350723', '光泽县', '350700'),
(1214, '350724', '松溪县', '350700'),
(1215, '350725', '政和县', '350700'),
(1216, '350781', '邵武市', '350700'),
(1217, '350782', '武夷山市', '350700'),
(1218, '350783', '建瓯市', '350700'),
(1219, '350784', '建阳市', '350700'),
(1220, '350801', '市辖区', '350800'),
(1221, '350802', '新罗区', '350800'),
(1222, '350821', '长汀县', '350800'),
(1223, '350822', '永定县', '350800'),
(1224, '350823', '上杭县', '350800'),
(1225, '350824', '武平县', '350800'),
(1226, '350825', '连城县', '350800'),
(1227, '350881', '漳平市', '350800'),
(1228, '350901', '市辖区', '350900'),
(1229, '350902', '蕉城区', '350900'),
(1230, '350921', '霞浦县', '350900'),
(1231, '350922', '古田县', '350900'),
(1232, '350923', '屏南县', '350900'),
(1233, '350924', '寿宁县', '350900'),
(1234, '350925', '周宁县', '350900'),
(1235, '350926', '柘荣县', '350900'),
(1236, '350981', '福安市', '350900'),
(1237, '350982', '福鼎市', '350900'),
(1238, '360101', '市辖区', '360100'),
(1239, '360102', '东湖区', '360100'),
(1240, '360103', '西湖区', '360100'),
(1241, '360104', '青云谱区', '360100'),
(1242, '360105', '湾里区', '360100'),
(1243, '360111', '青山湖区', '360100'),
(1244, '360121', '南昌县', '360100'),
(1245, '360122', '新建县', '360100'),
(1246, '360123', '安义县', '360100'),
(1247, '360124', '进贤县', '360100'),
(1248, '360201', '市辖区', '360200'),
(1249, '360202', '昌江区', '360200'),
(1250, '360203', '珠山区', '360200'),
(1251, '360222', '浮梁县', '360200'),
(1252, '360281', '乐平市', '360200'),
(1253, '360301', '市辖区', '360300'),
(1254, '360302', '安源区', '360300'),
(1255, '360313', '湘东区', '360300'),
(1256, '360321', '莲花县', '360300'),
(1257, '360322', '上栗县', '360300'),
(1258, '360323', '芦溪县', '360300'),
(1259, '360401', '市辖区', '360400'),
(1260, '360402', '庐山区', '360400'),
(1261, '360403', '浔阳区', '360400'),
(1262, '360421', '九江县', '360400'),
(1263, '360423', '武宁县', '360400'),
(1264, '360424', '修水县', '360400'),
(1265, '360425', '永修县', '360400'),
(1266, '360426', '德安县', '360400'),
(1267, '360427', '星子县', '360400'),
(1268, '360428', '都昌县', '360400'),
(1269, '360429', '湖口县', '360400'),
(1270, '360430', '彭泽县', '360400'),
(1271, '360481', '瑞昌市', '360400'),
(1272, '360501', '市辖区', '360500'),
(1273, '360502', '渝水区', '360500'),
(1274, '360521', '分宜县', '360500'),
(1275, '360601', '市辖区', '360600'),
(1276, '360602', '月湖区', '360600'),
(1277, '360622', '余江县', '360600'),
(1278, '360681', '贵溪市', '360600'),
(1279, '360701', '市辖区', '360700'),
(1280, '360702', '章贡区', '360700'),
(1281, '360721', '赣　县', '360700'),
(1282, '360722', '信丰县', '360700'),
(1283, '360723', '大余县', '360700'),
(1284, '360724', '上犹县', '360700'),
(1285, '360725', '崇义县', '360700'),
(1286, '360726', '安远县', '360700');
INSERT INTO `t_address_town` (`id`, `code`, `name`, `cityCode`) VALUES
(1287, '360727', '龙南县', '360700'),
(1288, '360728', '定南县', '360700'),
(1289, '360729', '全南县', '360700'),
(1290, '360730', '宁都县', '360700'),
(1291, '360731', '于都县', '360700'),
(1292, '360732', '兴国县', '360700'),
(1293, '360733', '会昌县', '360700'),
(1294, '360734', '寻乌县', '360700'),
(1295, '360735', '石城县', '360700'),
(1296, '360781', '瑞金市', '360700'),
(1297, '360782', '南康市', '360700'),
(1298, '360801', '市辖区', '360800'),
(1299, '360802', '吉州区', '360800'),
(1300, '360803', '青原区', '360800'),
(1301, '360821', '吉安县', '360800'),
(1302, '360822', '吉水县', '360800'),
(1303, '360823', '峡江县', '360800'),
(1304, '360824', '新干县', '360800'),
(1305, '360825', '永丰县', '360800'),
(1306, '360826', '泰和县', '360800'),
(1307, '360827', '遂川县', '360800'),
(1308, '360828', '万安县', '360800'),
(1309, '360829', '安福县', '360800'),
(1310, '360830', '永新县', '360800'),
(1311, '360881', '井冈山市', '360800'),
(1312, '360901', '市辖区', '360900'),
(1313, '360902', '袁州区', '360900'),
(1314, '360921', '奉新县', '360900'),
(1315, '360922', '万载县', '360900'),
(1316, '360923', '上高县', '360900'),
(1317, '360924', '宜丰县', '360900'),
(1318, '360925', '靖安县', '360900'),
(1319, '360926', '铜鼓县', '360900'),
(1320, '360981', '丰城市', '360900'),
(1321, '360982', '樟树市', '360900'),
(1322, '360983', '高安市', '360900'),
(1323, '361001', '市辖区', '361000'),
(1324, '361002', '临川区', '361000'),
(1325, '361021', '南城县', '361000'),
(1326, '361022', '黎川县', '361000'),
(1327, '361023', '南丰县', '361000'),
(1328, '361024', '崇仁县', '361000'),
(1329, '361025', '乐安县', '361000'),
(1330, '361026', '宜黄县', '361000'),
(1331, '361027', '金溪县', '361000'),
(1332, '361028', '资溪县', '361000'),
(1333, '361029', '东乡县', '361000'),
(1334, '361030', '广昌县', '361000'),
(1335, '361101', '市辖区', '361100'),
(1336, '361102', '信州区', '361100'),
(1337, '361121', '上饶县', '361100'),
(1338, '361122', '广丰县', '361100'),
(1339, '361123', '玉山县', '361100'),
(1340, '361124', '铅山县', '361100'),
(1341, '361125', '横峰县', '361100'),
(1342, '361126', '弋阳县', '361100'),
(1343, '361127', '余干县', '361100'),
(1344, '361128', '鄱阳县', '361100'),
(1345, '361129', '万年县', '361100'),
(1346, '361130', '婺源县', '361100'),
(1347, '361181', '德兴市', '361100'),
(1348, '370101', '市辖区', '370100'),
(1349, '370102', '历下区', '370100'),
(1350, '370103', '市中区', '370100'),
(1351, '370104', '槐荫区', '370100'),
(1352, '370105', '天桥区', '370100'),
(1353, '370112', '历城区', '370100'),
(1354, '370113', '长清区', '370100'),
(1355, '370124', '平阴县', '370100'),
(1356, '370125', '济阳县', '370100'),
(1357, '370126', '商河县', '370100'),
(1358, '370181', '章丘市', '370100'),
(1359, '370201', '市辖区', '370200'),
(1360, '370202', '市南区', '370200'),
(1361, '370203', '市北区', '370200'),
(1362, '370205', '四方区', '370200'),
(1363, '370211', '黄岛区', '370200'),
(1364, '370212', '崂山区', '370200'),
(1365, '370213', '李沧区', '370200'),
(1366, '370214', '城阳区', '370200'),
(1367, '370281', '胶州市', '370200'),
(1368, '370282', '即墨市', '370200'),
(1369, '370283', '平度市', '370200'),
(1370, '370284', '胶南市', '370200'),
(1371, '370285', '莱西市', '370200'),
(1372, '370301', '市辖区', '370300'),
(1373, '370302', '淄川区', '370300'),
(1374, '370303', '张店区', '370300'),
(1375, '370304', '博山区', '370300'),
(1376, '370305', '临淄区', '370300'),
(1377, '370306', '周村区', '370300'),
(1378, '370321', '桓台县', '370300'),
(1379, '370322', '高青县', '370300'),
(1380, '370323', '沂源县', '370300'),
(1381, '370401', '市辖区', '370400'),
(1382, '370402', '市中区', '370400'),
(1383, '370403', '薛城区', '370400'),
(1384, '370404', '峄城区', '370400'),
(1385, '370405', '台儿庄区', '370400'),
(1386, '370406', '山亭区', '370400'),
(1387, '370481', '滕州市', '370400'),
(1388, '370501', '市辖区', '370500'),
(1389, '370502', '东营区', '370500'),
(1390, '370503', '河口区', '370500'),
(1391, '370521', '垦利县', '370500'),
(1392, '370522', '利津县', '370500'),
(1393, '370523', '广饶县', '370500'),
(1394, '370601', '市辖区', '370600'),
(1395, '370602', '芝罘区', '370600'),
(1396, '370611', '福山区', '370600'),
(1397, '370612', '牟平区', '370600'),
(1398, '370613', '莱山区', '370600'),
(1399, '370634', '长岛县', '370600'),
(1400, '370681', '龙口市', '370600'),
(1401, '370682', '莱阳市', '370600'),
(1402, '370683', '莱州市', '370600'),
(1403, '370684', '蓬莱市', '370600'),
(1404, '370685', '招远市', '370600'),
(1405, '370686', '栖霞市', '370600'),
(1406, '370687', '海阳市', '370600'),
(1407, '370701', '市辖区', '370700'),
(1408, '370702', '潍城区', '370700'),
(1409, '370703', '寒亭区', '370700'),
(1410, '370704', '坊子区', '370700'),
(1411, '370705', '奎文区', '370700'),
(1412, '370724', '临朐县', '370700'),
(1413, '370725', '昌乐县', '370700'),
(1414, '370781', '青州市', '370700'),
(1415, '370782', '诸城市', '370700'),
(1416, '370783', '寿光市', '370700'),
(1417, '370784', '安丘市', '370700'),
(1418, '370785', '高密市', '370700'),
(1419, '370786', '昌邑市', '370700'),
(1420, '370801', '市辖区', '370800'),
(1421, '370802', '市中区', '370800'),
(1422, '370811', '任城区', '370800'),
(1423, '370826', '微山县', '370800'),
(1424, '370827', '鱼台县', '370800'),
(1425, '370828', '金乡县', '370800'),
(1426, '370829', '嘉祥县', '370800'),
(1427, '370830', '汶上县', '370800'),
(1428, '370831', '泗水县', '370800'),
(1429, '370832', '梁山县', '370800'),
(1430, '370881', '曲阜市', '370800'),
(1431, '370882', '兖州市', '370800'),
(1432, '370883', '邹城市', '370800'),
(1433, '370901', '市辖区', '370900'),
(1434, '370902', '泰山区', '370900'),
(1435, '370903', '岱岳区', '370900'),
(1436, '370921', '宁阳县', '370900'),
(1437, '370923', '东平县', '370900'),
(1438, '370982', '新泰市', '370900'),
(1439, '370983', '肥城市', '370900'),
(1440, '371001', '市辖区', '371000'),
(1441, '371002', '环翠区', '371000'),
(1442, '371081', '文登市', '371000'),
(1443, '371082', '荣成市', '371000'),
(1444, '371083', '乳山市', '371000'),
(1445, '371101', '市辖区', '371100'),
(1446, '371102', '东港区', '371100'),
(1447, '371103', '岚山区', '371100'),
(1448, '371121', '五莲县', '371100'),
(1449, '371122', '莒　县', '371100'),
(1450, '371201', '市辖区', '371200'),
(1451, '371202', '莱城区', '371200'),
(1452, '371203', '钢城区', '371200'),
(1453, '371301', '市辖区', '371300'),
(1454, '371302', '兰山区', '371300'),
(1455, '371311', '罗庄区', '371300'),
(1456, '371312', '河东区', '371300'),
(1457, '371321', '沂南县', '371300'),
(1458, '371322', '郯城县', '371300'),
(1459, '371323', '沂水县', '371300'),
(1460, '371324', '苍山县', '371300'),
(1461, '371325', '费　县', '371300'),
(1462, '371326', '平邑县', '371300'),
(1463, '371327', '莒南县', '371300'),
(1464, '371328', '蒙阴县', '371300'),
(1465, '371329', '临沭县', '371300'),
(1466, '371401', '市辖区', '371400'),
(1467, '371402', '德城区', '371400'),
(1468, '371421', '陵　县', '371400'),
(1469, '371422', '宁津县', '371400'),
(1470, '371423', '庆云县', '371400'),
(1471, '371424', '临邑县', '371400'),
(1472, '371425', '齐河县', '371400'),
(1473, '371426', '平原县', '371400'),
(1474, '371427', '夏津县', '371400'),
(1475, '371428', '武城县', '371400'),
(1476, '371481', '乐陵市', '371400'),
(1477, '371482', '禹城市', '371400'),
(1478, '371501', '市辖区', '371500'),
(1479, '371502', '东昌府区', '371500'),
(1480, '371521', '阳谷县', '371500'),
(1481, '371522', '莘　县', '371500'),
(1482, '371523', '茌平县', '371500'),
(1483, '371524', '东阿县', '371500'),
(1484, '371525', '冠　县', '371500'),
(1485, '371526', '高唐县', '371500'),
(1486, '371581', '临清市', '371500'),
(1487, '371601', '市辖区', '371600'),
(1488, '371602', '滨城区', '371600'),
(1489, '371621', '惠民县', '371600'),
(1490, '371622', '阳信县', '371600'),
(1491, '371623', '无棣县', '371600'),
(1492, '371624', '沾化县', '371600'),
(1493, '371625', '博兴县', '371600'),
(1494, '371626', '邹平县', '371600'),
(1495, '371701', '市辖区', '371700'),
(1496, '371702', '牡丹区', '371700'),
(1497, '371721', '曹　县', '371700'),
(1498, '371722', '单　县', '371700'),
(1499, '371723', '成武县', '371700'),
(1500, '371724', '巨野县', '371700'),
(1501, '371725', '郓城县', '371700'),
(1502, '371726', '鄄城县', '371700'),
(1503, '371727', '定陶县', '371700'),
(1504, '371728', '东明县', '371700'),
(1505, '410101', '市辖区', '410100'),
(1506, '410102', '中原区', '410100'),
(1507, '410103', '二七区', '410100'),
(1508, '410104', '管城回族区', '410100'),
(1509, '410105', '金水区', '410100'),
(1510, '410106', '上街区', '410100'),
(1511, '410108', '邙山区', '410100'),
(1512, '410122', '中牟县', '410100'),
(1513, '410181', '巩义市', '410100'),
(1514, '410182', '荥阳市', '410100'),
(1515, '410183', '新密市', '410100'),
(1516, '410184', '新郑市', '410100'),
(1517, '410185', '登封市', '410100'),
(1518, '410201', '市辖区', '410200'),
(1519, '410202', '龙亭区', '410200'),
(1520, '410203', '顺河回族区', '410200'),
(1521, '410204', '鼓楼区', '410200'),
(1522, '410205', '南关区', '410200'),
(1523, '410211', '郊　区', '410200'),
(1524, '410221', '杞　县', '410200'),
(1525, '410222', '通许县', '410200'),
(1526, '410223', '尉氏县', '410200'),
(1527, '410224', '开封县', '410200'),
(1528, '410225', '兰考县', '410200'),
(1529, '410301', '市辖区', '410300'),
(1530, '410302', '老城区', '410300'),
(1531, '410303', '西工区', '410300'),
(1532, '410304', '廛河回族区', '410300'),
(1533, '410305', '涧西区', '410300'),
(1534, '410306', '吉利区', '410300'),
(1535, '410307', '洛龙区', '410300'),
(1536, '410322', '孟津县', '410300'),
(1537, '410323', '新安县', '410300'),
(1538, '410324', '栾川县', '410300'),
(1539, '410325', '嵩　县', '410300'),
(1540, '410326', '汝阳县', '410300'),
(1541, '410327', '宜阳县', '410300'),
(1542, '410328', '洛宁县', '410300'),
(1543, '410329', '伊川县', '410300'),
(1544, '410381', '偃师市', '410300'),
(1545, '410401', '市辖区', '410400'),
(1546, '410402', '新华区', '410400'),
(1547, '410403', '卫东区', '410400'),
(1548, '410404', '石龙区', '410400'),
(1549, '410411', '湛河区', '410400'),
(1550, '410421', '宝丰县', '410400'),
(1551, '410422', '叶　县', '410400'),
(1552, '410423', '鲁山县', '410400'),
(1553, '410425', '郏　县', '410400'),
(1554, '410481', '舞钢市', '410400'),
(1555, '410482', '汝州市', '410400'),
(1556, '410501', '市辖区', '410500'),
(1557, '410502', '文峰区', '410500'),
(1558, '410503', '北关区', '410500'),
(1559, '410505', '殷都区', '410500'),
(1560, '410506', '龙安区', '410500'),
(1561, '410522', '安阳县', '410500'),
(1562, '410523', '汤阴县', '410500'),
(1563, '410526', '滑　县', '410500'),
(1564, '410527', '内黄县', '410500'),
(1565, '410581', '林州市', '410500'),
(1566, '410601', '市辖区', '410600'),
(1567, '410602', '鹤山区', '410600'),
(1568, '410603', '山城区', '410600'),
(1569, '410611', '淇滨区', '410600'),
(1570, '410621', '浚　县', '410600'),
(1571, '410622', '淇　县', '410600'),
(1572, '410701', '市辖区', '410700'),
(1573, '410702', '红旗区', '410700'),
(1574, '410703', '卫滨区', '410700'),
(1575, '410704', '凤泉区', '410700'),
(1576, '410711', '牧野区', '410700'),
(1577, '410721', '新乡县', '410700'),
(1578, '410724', '获嘉县', '410700'),
(1579, '410725', '原阳县', '410700'),
(1580, '410726', '延津县', '410700'),
(1581, '410727', '封丘县', '410700'),
(1582, '410728', '长垣县', '410700'),
(1583, '410781', '卫辉市', '410700'),
(1584, '410782', '辉县市', '410700'),
(1585, '410801', '市辖区', '410800'),
(1586, '410802', '解放区', '410800'),
(1587, '410803', '中站区', '410800'),
(1588, '410804', '马村区', '410800'),
(1589, '410811', '山阳区', '410800'),
(1590, '410821', '修武县', '410800'),
(1591, '410822', '博爱县', '410800'),
(1592, '410823', '武陟县', '410800'),
(1593, '410825', '温　县', '410800'),
(1594, '410881', '济源市', '410800'),
(1595, '410882', '沁阳市', '410800'),
(1596, '410883', '孟州市', '410800'),
(1597, '410901', '市辖区', '410900'),
(1598, '410902', '华龙区', '410900'),
(1599, '410922', '清丰县', '410900'),
(1600, '410923', '南乐县', '410900'),
(1601, '410926', '范　县', '410900'),
(1602, '410927', '台前县', '410900'),
(1603, '410928', '濮阳县', '410900'),
(1604, '411001', '市辖区', '411000'),
(1605, '411002', '魏都区', '411000'),
(1606, '411023', '许昌县', '411000'),
(1607, '411024', '鄢陵县', '411000'),
(1608, '411025', '襄城县', '411000'),
(1609, '411081', '禹州市', '411000'),
(1610, '411082', '长葛市', '411000'),
(1611, '411101', '市辖区', '411100'),
(1612, '411102', '源汇区', '411100'),
(1613, '411103', '郾城区', '411100'),
(1614, '411104', '召陵区', '411100'),
(1615, '411121', '舞阳县', '411100'),
(1616, '411122', '临颍县', '411100'),
(1617, '411201', '市辖区', '411200'),
(1618, '411202', '湖滨区', '411200'),
(1619, '411221', '渑池县', '411200'),
(1620, '411222', '陕　县', '411200'),
(1621, '411224', '卢氏县', '411200'),
(1622, '411281', '义马市', '411200'),
(1623, '411282', '灵宝市', '411200'),
(1624, '411301', '市辖区', '411300'),
(1625, '411302', '宛城区', '411300'),
(1626, '411303', '卧龙区', '411300'),
(1627, '411321', '南召县', '411300'),
(1628, '411322', '方城县', '411300'),
(1629, '411323', '西峡县', '411300'),
(1630, '411324', '镇平县', '411300'),
(1631, '411325', '内乡县', '411300'),
(1632, '411326', '淅川县', '411300'),
(1633, '411327', '社旗县', '411300'),
(1634, '411328', '唐河县', '411300'),
(1635, '411329', '新野县', '411300'),
(1636, '411330', '桐柏县', '411300'),
(1637, '411381', '邓州市', '411300'),
(1638, '411401', '市辖区', '411400'),
(1639, '411402', '梁园区', '411400'),
(1640, '411403', '睢阳区', '411400'),
(1641, '411421', '民权县', '411400'),
(1642, '411422', '睢　县', '411400'),
(1643, '411423', '宁陵县', '411400'),
(1644, '411424', '柘城县', '411400'),
(1645, '411425', '虞城县', '411400'),
(1646, '411426', '夏邑县', '411400'),
(1647, '411481', '永城市', '411400'),
(1648, '411501', '市辖区', '411500'),
(1649, '411502', '师河区', '411500'),
(1650, '411503', '平桥区', '411500'),
(1651, '411521', '罗山县', '411500'),
(1652, '411522', '光山县', '411500'),
(1653, '411523', '新　县', '411500'),
(1654, '411524', '商城县', '411500'),
(1655, '411525', '固始县', '411500'),
(1656, '411526', '潢川县', '411500'),
(1657, '411527', '淮滨县', '411500'),
(1658, '411528', '息　县', '411500'),
(1659, '411601', '市辖区', '411600'),
(1660, '411602', '川汇区', '411600'),
(1661, '411621', '扶沟县', '411600'),
(1662, '411622', '西华县', '411600'),
(1663, '411623', '商水县', '411600'),
(1664, '411624', '沈丘县', '411600'),
(1665, '411625', '郸城县', '411600'),
(1666, '411626', '淮阳县', '411600'),
(1667, '411627', '太康县', '411600'),
(1668, '411628', '鹿邑县', '411600'),
(1669, '411681', '项城市', '411600'),
(1670, '411701', '市辖区', '411700'),
(1671, '411702', '驿城区', '411700'),
(1672, '411721', '西平县', '411700'),
(1673, '411722', '上蔡县', '411700'),
(1674, '411723', '平舆县', '411700'),
(1675, '411724', '正阳县', '411700'),
(1676, '411725', '确山县', '411700'),
(1677, '411726', '泌阳县', '411700'),
(1678, '411727', '汝南县', '411700'),
(1679, '411728', '遂平县', '411700'),
(1680, '411729', '新蔡县', '411700'),
(1681, '420101', '市辖区', '420100'),
(1682, '420102', '江岸区', '420100'),
(1683, '420103', '江汉区', '420100'),
(1684, '420104', '乔口区', '420100'),
(1685, '420105', '汉阳区', '420100'),
(1686, '420106', '武昌区', '420100'),
(1687, '420107', '青山区', '420100'),
(1688, '420111', '洪山区', '420100'),
(1689, '420112', '东西湖区', '420100'),
(1690, '420113', '汉南区', '420100'),
(1691, '420114', '蔡甸区', '420100'),
(1692, '420115', '江夏区', '420100'),
(1693, '420116', '黄陂区', '420100'),
(1694, '420117', '新洲区', '420100'),
(1695, '420201', '市辖区', '420200'),
(1696, '420202', '黄石港区', '420200'),
(1697, '420203', '西塞山区', '420200'),
(1698, '420204', '下陆区', '420200'),
(1699, '420205', '铁山区', '420200'),
(1700, '420222', '阳新县', '420200'),
(1701, '420281', '大冶市', '420200'),
(1702, '420301', '市辖区', '420300'),
(1703, '420302', '茅箭区', '420300'),
(1704, '420303', '张湾区', '420300'),
(1705, '420321', '郧　县', '420300'),
(1706, '420322', '郧西县', '420300'),
(1707, '420323', '竹山县', '420300'),
(1708, '420324', '竹溪县', '420300'),
(1709, '420325', '房　县', '420300'),
(1710, '420381', '丹江口市', '420300'),
(1711, '420501', '市辖区', '420500'),
(1712, '420502', '西陵区', '420500'),
(1713, '420503', '伍家岗区', '420500'),
(1714, '420504', '点军区', '420500'),
(1715, '420505', '猇亭区', '420500'),
(1716, '420506', '夷陵区', '420500'),
(1717, '420525', '远安县', '420500'),
(1718, '420526', '兴山县', '420500'),
(1719, '420527', '秭归县', '420500'),
(1720, '420528', '长阳土家族自治县', '420500'),
(1721, '420529', '五峰土家族自治县', '420500'),
(1722, '420581', '宜都市', '420500'),
(1723, '420582', '当阳市', '420500'),
(1724, '420583', '枝江市', '420500'),
(1725, '420601', '市辖区', '420600'),
(1726, '420602', '襄城区', '420600'),
(1727, '420606', '樊城区', '420600'),
(1728, '420607', '襄阳区', '420600'),
(1729, '420624', '南漳县', '420600'),
(1730, '420625', '谷城县', '420600'),
(1731, '420626', '保康县', '420600'),
(1732, '420682', '老河口市', '420600'),
(1733, '420683', '枣阳市', '420600'),
(1734, '420684', '宜城市', '420600'),
(1735, '420701', '市辖区', '420700'),
(1736, '420702', '梁子湖区', '420700'),
(1737, '420703', '华容区', '420700'),
(1738, '420704', '鄂城区', '420700'),
(1739, '420801', '市辖区', '420800'),
(1740, '420802', '东宝区', '420800'),
(1741, '420804', '掇刀区', '420800'),
(1742, '420821', '京山县', '420800'),
(1743, '420822', '沙洋县', '420800'),
(1744, '420881', '钟祥市', '420800'),
(1745, '420901', '市辖区', '420900'),
(1746, '420902', '孝南区', '420900'),
(1747, '420921', '孝昌县', '420900'),
(1748, '420922', '大悟县', '420900'),
(1749, '420923', '云梦县', '420900'),
(1750, '420981', '应城市', '420900'),
(1751, '420982', '安陆市', '420900'),
(1752, '420984', '汉川市', '420900'),
(1753, '421001', '市辖区', '421000'),
(1754, '421002', '沙市区', '421000'),
(1755, '421003', '荆州区', '421000'),
(1756, '421022', '公安县', '421000'),
(1757, '421023', '监利县', '421000'),
(1758, '421024', '江陵县', '421000'),
(1759, '421081', '石首市', '421000'),
(1760, '421083', '洪湖市', '421000'),
(1761, '421087', '松滋市', '421000'),
(1762, '421101', '市辖区', '421100'),
(1763, '421102', '黄州区', '421100'),
(1764, '421121', '团风县', '421100'),
(1765, '421122', '红安县', '421100'),
(1766, '421123', '罗田县', '421100'),
(1767, '421124', '英山县', '421100'),
(1768, '421125', '浠水县', '421100'),
(1769, '421126', '蕲春县', '421100'),
(1770, '421127', '黄梅县', '421100'),
(1771, '421181', '麻城市', '421100'),
(1772, '421182', '武穴市', '421100'),
(1773, '421201', '市辖区', '421200'),
(1774, '421202', '咸安区', '421200'),
(1775, '421221', '嘉鱼县', '421200'),
(1776, '421222', '通城县', '421200'),
(1777, '421223', '崇阳县', '421200'),
(1778, '421224', '通山县', '421200'),
(1779, '421281', '赤壁市', '421200'),
(1780, '421301', '市辖区', '421300'),
(1781, '421302', '曾都区', '421300'),
(1782, '421381', '广水市', '421300'),
(1783, '422801', '恩施市', '422800'),
(1784, '422802', '利川市', '422800'),
(1785, '422822', '建始县', '422800'),
(1786, '422823', '巴东县', '422800'),
(1787, '422825', '宣恩县', '422800'),
(1788, '422826', '咸丰县', '422800'),
(1789, '422827', '来凤县', '422800'),
(1790, '422828', '鹤峰县', '422800'),
(1791, '429004', '仙桃市', '429000'),
(1792, '429005', '潜江市', '429000'),
(1793, '429006', '天门市', '429000'),
(1794, '429021', '神农架林区', '429000'),
(1795, '430101', '市辖区', '430100'),
(1796, '430102', '芙蓉区', '430100'),
(1797, '430103', '天心区', '430100'),
(1798, '430104', '岳麓区', '430100'),
(1799, '430105', '开福区', '430100'),
(1800, '430111', '雨花区', '430100'),
(1801, '430121', '长沙县', '430100'),
(1802, '430122', '望城县', '430100'),
(1803, '430124', '宁乡县', '430100'),
(1804, '430181', '浏阳市', '430100'),
(1805, '430201', '市辖区', '430200'),
(1806, '430202', '荷塘区', '430200'),
(1807, '430203', '芦淞区', '430200'),
(1808, '430204', '石峰区', '430200'),
(1809, '430211', '天元区', '430200'),
(1810, '430221', '株洲县', '430200'),
(1811, '430223', '攸　县', '430200'),
(1812, '430224', '茶陵县', '430200'),
(1813, '430225', '炎陵县', '430200'),
(1814, '430281', '醴陵市', '430200'),
(1815, '430301', '市辖区', '430300'),
(1816, '430302', '雨湖区', '430300'),
(1817, '430304', '岳塘区', '430300'),
(1818, '430321', '湘潭县', '430300'),
(1819, '430381', '湘乡市', '430300'),
(1820, '430382', '韶山市', '430300'),
(1821, '430401', '市辖区', '430400'),
(1822, '430405', '珠晖区', '430400'),
(1823, '430406', '雁峰区', '430400'),
(1824, '430407', '石鼓区', '430400'),
(1825, '430408', '蒸湘区', '430400'),
(1826, '430412', '南岳区', '430400'),
(1827, '430421', '衡阳县', '430400'),
(1828, '430422', '衡南县', '430400'),
(1829, '430423', '衡山县', '430400'),
(1830, '430424', '衡东县', '430400'),
(1831, '430426', '祁东县', '430400'),
(1832, '430481', '耒阳市', '430400'),
(1833, '430482', '常宁市', '430400'),
(1834, '430501', '市辖区', '430500'),
(1835, '430502', '双清区', '430500'),
(1836, '430503', '大祥区', '430500'),
(1837, '430511', '北塔区', '430500'),
(1838, '430521', '邵东县', '430500'),
(1839, '430522', '新邵县', '430500'),
(1840, '430523', '邵阳县', '430500'),
(1841, '430524', '隆回县', '430500'),
(1842, '430525', '洞口县', '430500'),
(1843, '430527', '绥宁县', '430500'),
(1844, '430528', '新宁县', '430500'),
(1845, '430529', '城步苗族自治县', '430500'),
(1846, '430581', '武冈市', '430500'),
(1847, '430601', '市辖区', '430600'),
(1848, '430602', '岳阳楼区', '430600'),
(1849, '430603', '云溪区', '430600'),
(1850, '430611', '君山区', '430600'),
(1851, '430621', '岳阳县', '430600'),
(1852, '430623', '华容县', '430600'),
(1853, '430624', '湘阴县', '430600'),
(1854, '430626', '平江县', '430600'),
(1855, '430681', '汨罗市', '430600'),
(1856, '430682', '临湘市', '430600'),
(1857, '430701', '市辖区', '430700'),
(1858, '430702', '武陵区', '430700'),
(1859, '430703', '鼎城区', '430700'),
(1860, '430721', '安乡县', '430700'),
(1861, '430722', '汉寿县', '430700'),
(1862, '430723', '澧　县', '430700'),
(1863, '430724', '临澧县', '430700'),
(1864, '430725', '桃源县', '430700'),
(1865, '430726', '石门县', '430700'),
(1866, '430781', '津市市', '430700'),
(1867, '430801', '市辖区', '430800'),
(1868, '430802', '永定区', '430800'),
(1869, '430811', '武陵源区', '430800'),
(1870, '430821', '慈利县', '430800'),
(1871, '430822', '桑植县', '430800'),
(1872, '430901', '市辖区', '430900'),
(1873, '430902', '资阳区', '430900'),
(1874, '430903', '赫山区', '430900'),
(1875, '430921', '南　县', '430900'),
(1876, '430922', '桃江县', '430900'),
(1877, '430923', '安化县', '430900'),
(1878, '430981', '沅江市', '430900'),
(1879, '431001', '市辖区', '431000'),
(1880, '431002', '北湖区', '431000'),
(1881, '431003', '苏仙区', '431000'),
(1882, '431021', '桂阳县', '431000'),
(1883, '431022', '宜章县', '431000'),
(1884, '431023', '永兴县', '431000'),
(1885, '431024', '嘉禾县', '431000'),
(1886, '431025', '临武县', '431000'),
(1887, '431026', '汝城县', '431000'),
(1888, '431027', '桂东县', '431000'),
(1889, '431028', '安仁县', '431000'),
(1890, '431081', '资兴市', '431000'),
(1891, '431101', '市辖区', '431100'),
(1892, '431102', '芝山区', '431100'),
(1893, '431103', '冷水滩区', '431100'),
(1894, '431121', '祁阳县', '431100'),
(1895, '431122', '东安县', '431100'),
(1896, '431123', '双牌县', '431100'),
(1897, '431124', '道　县', '431100'),
(1898, '431125', '江永县', '431100'),
(1899, '431126', '宁远县', '431100'),
(1900, '431127', '蓝山县', '431100'),
(1901, '431128', '新田县', '431100'),
(1902, '431129', '江华瑶族自治县', '431100'),
(1903, '431201', '市辖区', '431200'),
(1904, '431202', '鹤城区', '431200'),
(1905, '431221', '中方县', '431200'),
(1906, '431222', '沅陵县', '431200'),
(1907, '431223', '辰溪县', '431200'),
(1908, '431224', '溆浦县', '431200'),
(1909, '431225', '会同县', '431200'),
(1910, '431226', '麻阳苗族自治县', '431200'),
(1911, '431227', '新晃侗族自治县', '431200'),
(1912, '431228', '芷江侗族自治县', '431200'),
(1913, '431229', '靖州苗族侗族自治县', '431200'),
(1914, '431230', '通道侗族自治县', '431200'),
(1915, '431281', '洪江市', '431200'),
(1916, '431301', '市辖区', '431300'),
(1917, '431302', '娄星区', '431300'),
(1918, '431321', '双峰县', '431300'),
(1919, '431322', '新化县', '431300'),
(1920, '431381', '冷水江市', '431300'),
(1921, '431382', '涟源市', '431300'),
(1922, '433101', '吉首市', '433100'),
(1923, '433122', '泸溪县', '433100'),
(1924, '433123', '凤凰县', '433100'),
(1925, '433124', '花垣县', '433100'),
(1926, '433125', '保靖县', '433100'),
(1927, '433126', '古丈县', '433100'),
(1928, '433127', '永顺县', '433100'),
(1929, '433130', '龙山县', '433100'),
(1930, '440101', '市辖区', '440100'),
(1931, '440102', '东山区', '440100'),
(1932, '440103', '荔湾区', '440100'),
(1933, '440104', '越秀区', '440100'),
(1934, '440105', '海珠区', '440100'),
(1935, '440106', '天河区', '440100'),
(1936, '440107', '芳村区', '440100'),
(1937, '440111', '白云区', '440100'),
(1938, '440112', '黄埔区', '440100'),
(1939, '440113', '番禺区', '440100'),
(1940, '440114', '花都区', '440100'),
(1941, '440183', '增城市', '440100'),
(1942, '440184', '从化市', '440100'),
(1943, '440201', '市辖区', '440200'),
(1944, '440203', '武江区', '440200'),
(1945, '440204', '浈江区', '440200'),
(1946, '440205', '曲江区', '440200'),
(1947, '440222', '始兴县', '440200'),
(1948, '440224', '仁化县', '440200'),
(1949, '440229', '翁源县', '440200'),
(1950, '440232', '乳源瑶族自治县', '440200'),
(1951, '440233', '新丰县', '440200'),
(1952, '440281', '乐昌市', '440200'),
(1953, '440282', '南雄市', '440200'),
(1954, '440301', '市辖区', '440300'),
(1955, '440303', '罗湖区', '440300'),
(1956, '440304', '福田区', '440300'),
(1957, '440305', '南山区', '440300'),
(1958, '440306', '宝安区', '440300'),
(1959, '440307', '龙岗区', '440300'),
(1960, '440308', '盐田区', '440300'),
(1961, '440401', '市辖区', '440400'),
(1962, '440402', '香洲区', '440400'),
(1963, '440403', '斗门区', '440400'),
(1964, '440404', '金湾区', '440400'),
(1965, '440501', '市辖区', '440500'),
(1966, '440507', '龙湖区', '440500'),
(1967, '440511', '金平区', '440500'),
(1968, '440512', '濠江区', '440500'),
(1969, '440513', '潮阳区', '440500'),
(1970, '440514', '潮南区', '440500'),
(1971, '440515', '澄海区', '440500'),
(1972, '440523', '南澳县', '440500'),
(1973, '440601', '市辖区', '440600'),
(1974, '440604', '禅城区', '440600'),
(1975, '440605', '南海区', '440600'),
(1976, '440606', '顺德区', '440600'),
(1977, '440607', '三水区', '440600'),
(1978, '440608', '高明区', '440600'),
(1979, '440701', '市辖区', '440700'),
(1980, '440703', '蓬江区', '440700'),
(1981, '440704', '江海区', '440700'),
(1982, '440705', '新会区', '440700'),
(1983, '440781', '台山市', '440700'),
(1984, '440783', '开平市', '440700'),
(1985, '440784', '鹤山市', '440700'),
(1986, '440785', '恩平市', '440700'),
(1987, '440801', '市辖区', '440800'),
(1988, '440802', '赤坎区', '440800'),
(1989, '440803', '霞山区', '440800'),
(1990, '440804', '坡头区', '440800'),
(1991, '440811', '麻章区', '440800'),
(1992, '440823', '遂溪县', '440800'),
(1993, '440825', '徐闻县', '440800'),
(1994, '440881', '廉江市', '440800'),
(1995, '440882', '雷州市', '440800'),
(1996, '440883', '吴川市', '440800'),
(1997, '440901', '市辖区', '440900'),
(1998, '440902', '茂南区', '440900'),
(1999, '440903', '茂港区', '440900'),
(2000, '440923', '电白县', '440900'),
(2001, '440981', '高州市', '440900'),
(2002, '440982', '化州市', '440900'),
(2003, '440983', '信宜市', '440900'),
(2004, '441201', '市辖区', '441200'),
(2005, '441202', '端州区', '441200'),
(2006, '441203', '鼎湖区', '441200'),
(2007, '441223', '广宁县', '441200'),
(2008, '441224', '怀集县', '441200'),
(2009, '441225', '封开县', '441200'),
(2010, '441226', '德庆县', '441200'),
(2011, '441283', '高要市', '441200'),
(2012, '441284', '四会市', '441200'),
(2013, '441301', '市辖区', '441300'),
(2014, '441302', '惠城区', '441300'),
(2015, '441303', '惠阳区', '441300'),
(2016, '441322', '博罗县', '441300'),
(2017, '441323', '惠东县', '441300'),
(2018, '441324', '龙门县', '441300'),
(2019, '441401', '市辖区', '441400'),
(2020, '441402', '梅江区', '441400'),
(2021, '441421', '梅　县', '441400'),
(2022, '441422', '大埔县', '441400'),
(2023, '441423', '丰顺县', '441400'),
(2024, '441424', '五华县', '441400'),
(2025, '441426', '平远县', '441400'),
(2026, '441427', '蕉岭县', '441400'),
(2027, '441481', '兴宁市', '441400'),
(2028, '441501', '市辖区', '441500'),
(2029, '441502', '城　区', '441500'),
(2030, '441521', '海丰县', '441500'),
(2031, '441523', '陆河县', '441500'),
(2032, '441581', '陆丰市', '441500'),
(2033, '441601', '市辖区', '441600'),
(2034, '441602', '源城区', '441600'),
(2035, '441621', '紫金县', '441600'),
(2036, '441622', '龙川县', '441600'),
(2037, '441623', '连平县', '441600'),
(2038, '441624', '和平县', '441600'),
(2039, '441625', '东源县', '441600'),
(2040, '441701', '市辖区', '441700'),
(2041, '441702', '江城区', '441700'),
(2042, '441721', '阳西县', '441700'),
(2043, '441723', '阳东县', '441700'),
(2044, '441781', '阳春市', '441700'),
(2045, '441801', '市辖区', '441800'),
(2046, '441802', '清城区', '441800'),
(2047, '441821', '佛冈县', '441800'),
(2048, '441823', '阳山县', '441800'),
(2049, '441825', '连山壮族瑶族自治县', '441800'),
(2050, '441826', '连南瑶族自治县', '441800'),
(2051, '441827', '清新县', '441800'),
(2052, '441881', '英德市', '441800'),
(2053, '441882', '连州市', '441800'),
(2054, '445101', '市辖区', '445100'),
(2055, '445102', '湘桥区', '445100'),
(2056, '445121', '潮安县', '445100'),
(2057, '445122', '饶平县', '445100'),
(2058, '445201', '市辖区', '445200'),
(2059, '445202', '榕城区', '445200'),
(2060, '445221', '揭东县', '445200'),
(2061, '445222', '揭西县', '445200'),
(2062, '445224', '惠来县', '445200'),
(2063, '445281', '普宁市', '445200'),
(2064, '445301', '市辖区', '445300'),
(2065, '445302', '云城区', '445300'),
(2066, '445321', '新兴县', '445300'),
(2067, '445322', '郁南县', '445300'),
(2068, '445323', '云安县', '445300'),
(2069, '445381', '罗定市', '445300'),
(2070, '450101', '市辖区', '450100'),
(2071, '450102', '兴宁区', '450100'),
(2072, '450103', '青秀区', '450100'),
(2073, '450105', '江南区', '450100'),
(2074, '450107', '西乡塘区', '450100'),
(2075, '450108', '良庆区', '450100'),
(2076, '450109', '邕宁区', '450100'),
(2077, '450122', '武鸣县', '450100'),
(2078, '450123', '隆安县', '450100'),
(2079, '450124', '马山县', '450100'),
(2080, '450125', '上林县', '450100'),
(2081, '450126', '宾阳县', '450100'),
(2082, '450127', '横　县', '450100'),
(2083, '450201', '市辖区', '450200'),
(2084, '450202', '城中区', '450200'),
(2085, '450203', '鱼峰区', '450200'),
(2086, '450204', '柳南区', '450200'),
(2087, '450205', '柳北区', '450200'),
(2088, '450221', '柳江县', '450200'),
(2089, '450222', '柳城县', '450200'),
(2090, '450223', '鹿寨县', '450200'),
(2091, '450224', '融安县', '450200'),
(2092, '450225', '融水苗族自治县', '450200'),
(2093, '450226', '三江侗族自治县', '450200'),
(2094, '450301', '市辖区', '450300'),
(2095, '450302', '秀峰区', '450300'),
(2096, '450303', '叠彩区', '450300'),
(2097, '450304', '象山区', '450300'),
(2098, '450305', '七星区', '450300'),
(2099, '450311', '雁山区', '450300'),
(2100, '450321', '阳朔县', '450300'),
(2101, '450322', '临桂县', '450300'),
(2102, '450323', '灵川县', '450300'),
(2103, '450324', '全州县', '450300'),
(2104, '450325', '兴安县', '450300'),
(2105, '450326', '永福县', '450300'),
(2106, '450327', '灌阳县', '450300'),
(2107, '450328', '龙胜各族自治县', '450300'),
(2108, '450329', '资源县', '450300'),
(2109, '450330', '平乐县', '450300'),
(2110, '450331', '荔蒲县', '450300'),
(2111, '450332', '恭城瑶族自治县', '450300'),
(2112, '450401', '市辖区', '450400'),
(2113, '450403', '万秀区', '450400'),
(2114, '450404', '蝶山区', '450400'),
(2115, '450405', '长洲区', '450400'),
(2116, '450421', '苍梧县', '450400'),
(2117, '450422', '藤　县', '450400'),
(2118, '450423', '蒙山县', '450400'),
(2119, '450481', '岑溪市', '450400'),
(2120, '450501', '市辖区', '450500'),
(2121, '450502', '海城区', '450500'),
(2122, '450503', '银海区', '450500'),
(2123, '450512', '铁山港区', '450500'),
(2124, '450521', '合浦县', '450500'),
(2125, '450601', '市辖区', '450600'),
(2126, '450602', '港口区', '450600'),
(2127, '450603', '防城区', '450600'),
(2128, '450621', '上思县', '450600'),
(2129, '450681', '东兴市', '450600'),
(2130, '450701', '市辖区', '450700'),
(2131, '450702', '钦南区', '450700'),
(2132, '450703', '钦北区', '450700'),
(2133, '450721', '灵山县', '450700'),
(2134, '450722', '浦北县', '450700'),
(2135, '450801', '市辖区', '450800'),
(2136, '450802', '港北区', '450800'),
(2137, '450803', '港南区', '450800'),
(2138, '450804', '覃塘区', '450800'),
(2139, '450821', '平南县', '450800'),
(2140, '450881', '桂平市', '450800'),
(2141, '450901', '市辖区', '450900'),
(2142, '450902', '玉州区', '450900'),
(2143, '450921', '容　县', '450900'),
(2144, '450922', '陆川县', '450900'),
(2145, '450923', '博白县', '450900'),
(2146, '450924', '兴业县', '450900'),
(2147, '450981', '北流市', '450900'),
(2148, '451001', '市辖区', '451000'),
(2149, '451002', '右江区', '451000'),
(2150, '451021', '田阳县', '451000'),
(2151, '451022', '田东县', '451000'),
(2152, '451023', '平果县', '451000'),
(2153, '451024', '德保县', '451000'),
(2154, '451025', '靖西县', '451000'),
(2155, '451026', '那坡县', '451000'),
(2156, '451027', '凌云县', '451000'),
(2157, '451028', '乐业县', '451000'),
(2158, '451029', '田林县', '451000'),
(2159, '451030', '西林县', '451000'),
(2160, '451031', '隆林各族自治县', '451000'),
(2161, '451101', '市辖区', '451100'),
(2162, '451102', '八步区', '451100'),
(2163, '451121', '昭平县', '451100'),
(2164, '451122', '钟山县', '451100'),
(2165, '451123', '富川瑶族自治县', '451100'),
(2166, '451201', '市辖区', '451200'),
(2167, '451202', '金城江区', '451200'),
(2168, '451221', '南丹县', '451200'),
(2169, '451222', '天峨县', '451200'),
(2170, '451223', '凤山县', '451200'),
(2171, '451224', '东兰县', '451200'),
(2172, '451225', '罗城仫佬族自治县', '451200'),
(2173, '451226', '环江毛南族自治县', '451200'),
(2174, '451227', '巴马瑶族自治县', '451200'),
(2175, '451228', '都安瑶族自治县', '451200'),
(2176, '451229', '大化瑶族自治县', '451200'),
(2177, '451281', '宜州市', '451200'),
(2178, '451301', '市辖区', '451300'),
(2179, '451302', '兴宾区', '451300'),
(2180, '451321', '忻城县', '451300'),
(2181, '451322', '象州县', '451300'),
(2182, '451323', '武宣县', '451300'),
(2183, '451324', '金秀瑶族自治县', '451300'),
(2184, '451381', '合山市', '451300'),
(2185, '451401', '市辖区', '451400'),
(2186, '451402', '江洲区', '451400'),
(2187, '451421', '扶绥县', '451400'),
(2188, '451422', '宁明县', '451400'),
(2189, '451423', '龙州县', '451400'),
(2190, '451424', '大新县', '451400'),
(2191, '451425', '天等县', '451400'),
(2192, '451481', '凭祥市', '451400'),
(2193, '460101', '市辖区', '460100'),
(2194, '460105', '秀英区', '460100'),
(2195, '460106', '龙华区', '460100'),
(2196, '460107', '琼山区', '460100'),
(2197, '460108', '美兰区', '460100'),
(2198, '460201', '市辖区', '460200'),
(2199, '469001', '五指山市', '469000'),
(2200, '469002', '琼海市', '469000'),
(2201, '469003', '儋州市', '469000'),
(2202, '469005', '文昌市', '469000'),
(2203, '469006', '万宁市', '469000'),
(2204, '469007', '东方市', '469000'),
(2205, '469025', '定安县', '469000'),
(2206, '469026', '屯昌县', '469000'),
(2207, '469027', '澄迈县', '469000'),
(2208, '469028', '临高县', '469000'),
(2209, '469030', '白沙黎族自治县', '469000'),
(2210, '469031', '昌江黎族自治县', '469000'),
(2211, '469033', '乐东黎族自治县', '469000'),
(2212, '469034', '陵水黎族自治县', '469000'),
(2213, '469035', '保亭黎族苗族自治县', '469000'),
(2214, '469036', '琼中黎族苗族自治县', '469000'),
(2215, '469037', '西沙群岛', '469000'),
(2216, '469038', '南沙群岛', '469000'),
(2217, '469039', '中沙群岛的岛礁及其海域', '469000'),
(2218, '500101', '万州区', '500100'),
(2219, '500102', '涪陵区', '500100'),
(2220, '500103', '渝中区', '500100'),
(2221, '500104', '大渡口区', '500100'),
(2222, '500105', '江北区', '500100'),
(2223, '500106', '沙坪坝区', '500100'),
(2224, '500107', '九龙坡区', '500100'),
(2225, '500108', '南岸区', '500100'),
(2226, '500109', '北碚区', '500100'),
(2227, '500110', '万盛区', '500100'),
(2228, '500111', '双桥区', '500100'),
(2229, '500112', '渝北区', '500100'),
(2230, '500113', '巴南区', '500100'),
(2231, '500114', '黔江区', '500100'),
(2232, '500115', '长寿区', '500100'),
(2233, '500222', '綦江县', '500100'),
(2234, '500223', '潼南县', '500100'),
(2235, '500224', '铜梁县', '500100'),
(2236, '500225', '大足县', '500100'),
(2237, '500226', '荣昌县', '500100'),
(2238, '500227', '璧山县', '500100'),
(2239, '500228', '梁平县', '500100'),
(2240, '500229', '城口县', '500100'),
(2241, '500230', '丰都县', '500100'),
(2242, '500231', '垫江县', '500100'),
(2243, '500232', '武隆县', '500100'),
(2244, '500233', '忠　县', '500100'),
(2245, '500234', '开　县', '500100'),
(2246, '500235', '云阳县', '500100'),
(2247, '500236', '奉节县', '500100'),
(2248, '500237', '巫山县', '500100'),
(2249, '500238', '巫溪县', '500100'),
(2250, '500240', '石柱土家族自治县', '500100'),
(2251, '500241', '秀山土家族苗族自治县', '500100'),
(2252, '500242', '酉阳土家族苗族自治县', '500100'),
(2253, '500243', '彭水苗族土家族自治县', '500100'),
(2254, '500381', '江津市', '500100'),
(2255, '500382', '合川市', '500100'),
(2256, '500383', '永川市', '500100'),
(2257, '500384', '南川市', '500100'),
(2258, '510101', '市辖区', '510100'),
(2259, '510104', '锦江区', '510100'),
(2260, '510105', '青羊区', '510100'),
(2261, '510106', '金牛区', '510100'),
(2262, '510107', '武侯区', '510100'),
(2263, '510108', '成华区', '510100'),
(2264, '510112', '龙泉驿区', '510100'),
(2265, '510113', '青白江区', '510100'),
(2266, '510114', '新都区', '510100'),
(2267, '510115', '温江区', '510100'),
(2268, '510121', '金堂县', '510100'),
(2269, '510122', '双流县', '510100'),
(2270, '510124', '郫　县', '510100'),
(2271, '510129', '大邑县', '510100'),
(2272, '510131', '蒲江县', '510100'),
(2273, '510132', '新津县', '510100'),
(2274, '510181', '都江堰市', '510100'),
(2275, '510182', '彭州市', '510100'),
(2276, '510183', '邛崃市', '510100'),
(2277, '510184', '崇州市', '510100'),
(2278, '510301', '市辖区', '510300'),
(2279, '510302', '自流井区', '510300'),
(2280, '510303', '贡井区', '510300'),
(2281, '510304', '大安区', '510300'),
(2282, '510311', '沿滩区', '510300'),
(2283, '510321', '荣　县', '510300'),
(2284, '510322', '富顺县', '510300'),
(2285, '510401', '市辖区', '510400'),
(2286, '510402', '东　区', '510400'),
(2287, '510403', '西　区', '510400'),
(2288, '510411', '仁和区', '510400'),
(2289, '510421', '米易县', '510400'),
(2290, '510422', '盐边县', '510400'),
(2291, '510501', '市辖区', '510500'),
(2292, '510502', '江阳区', '510500'),
(2293, '510503', '纳溪区', '510500'),
(2294, '510504', '龙马潭区', '510500'),
(2295, '510521', '泸　县', '510500'),
(2296, '510522', '合江县', '510500'),
(2297, '510524', '叙永县', '510500'),
(2298, '510525', '古蔺县', '510500'),
(2299, '510601', '市辖区', '510600'),
(2300, '510603', '旌阳区', '510600'),
(2301, '510623', '中江县', '510600'),
(2302, '510626', '罗江县', '510600'),
(2303, '510681', '广汉市', '510600'),
(2304, '510682', '什邡市', '510600'),
(2305, '510683', '绵竹市', '510600'),
(2306, '510701', '市辖区', '510700'),
(2307, '510703', '涪城区', '510700'),
(2308, '510704', '游仙区', '510700'),
(2309, '510722', '三台县', '510700'),
(2310, '510723', '盐亭县', '510700'),
(2311, '510724', '安　县', '510700'),
(2312, '510725', '梓潼县', '510700'),
(2313, '510726', '北川羌族自治县', '510700'),
(2314, '510727', '平武县', '510700'),
(2315, '510781', '江油市', '510700'),
(2316, '510801', '市辖区', '510800'),
(2317, '510802', '市中区', '510800'),
(2318, '510811', '元坝区', '510800'),
(2319, '510812', '朝天区', '510800'),
(2320, '510821', '旺苍县', '510800'),
(2321, '510822', '青川县', '510800'),
(2322, '510823', '剑阁县', '510800'),
(2323, '510824', '苍溪县', '510800'),
(2324, '510901', '市辖区', '510900'),
(2325, '510903', '船山区', '510900'),
(2326, '510904', '安居区', '510900'),
(2327, '510921', '蓬溪县', '510900'),
(2328, '510922', '射洪县', '510900'),
(2329, '510923', '大英县', '510900'),
(2330, '511001', '市辖区', '511000'),
(2331, '511002', '市中区', '511000'),
(2332, '511011', '东兴区', '511000'),
(2333, '511024', '威远县', '511000'),
(2334, '511025', '资中县', '511000'),
(2335, '511028', '隆昌县', '511000'),
(2336, '511101', '市辖区', '511100'),
(2337, '511102', '市中区', '511100'),
(2338, '511111', '沙湾区', '511100'),
(2339, '511112', '五通桥区', '511100'),
(2340, '511113', '金口河区', '511100'),
(2341, '511123', '犍为县', '511100'),
(2342, '511124', '井研县', '511100'),
(2343, '511126', '夹江县', '511100'),
(2344, '511129', '沐川县', '511100'),
(2345, '511132', '峨边彝族自治县', '511100'),
(2346, '511133', '马边彝族自治县', '511100'),
(2347, '511181', '峨眉山市', '511100'),
(2348, '511301', '市辖区', '511300'),
(2349, '511302', '顺庆区', '511300'),
(2350, '511303', '高坪区', '511300'),
(2351, '511304', '嘉陵区', '511300'),
(2352, '511321', '南部县', '511300'),
(2353, '511322', '营山县', '511300'),
(2354, '511323', '蓬安县', '511300'),
(2355, '511324', '仪陇县', '511300'),
(2356, '511325', '西充县', '511300'),
(2357, '511381', '阆中市', '511300'),
(2358, '511401', '市辖区', '511400'),
(2359, '511402', '东坡区', '511400'),
(2360, '511421', '仁寿县', '511400'),
(2361, '511422', '彭山县', '511400'),
(2362, '511423', '洪雅县', '511400'),
(2363, '511424', '丹棱县', '511400'),
(2364, '511425', '青神县', '511400'),
(2365, '511501', '市辖区', '511500'),
(2366, '511502', '翠屏区', '511500'),
(2367, '511521', '宜宾县', '511500'),
(2368, '511522', '南溪县', '511500'),
(2369, '511523', '江安县', '511500'),
(2370, '511524', '长宁县', '511500'),
(2371, '511525', '高　县', '511500'),
(2372, '511526', '珙　县', '511500'),
(2373, '511527', '筠连县', '511500'),
(2374, '511528', '兴文县', '511500'),
(2375, '511529', '屏山县', '511500'),
(2376, '511601', '市辖区', '511600'),
(2377, '511602', '广安区', '511600'),
(2378, '511621', '岳池县', '511600'),
(2379, '511622', '武胜县', '511600'),
(2380, '511623', '邻水县', '511600'),
(2381, '511681', '华莹市', '511600'),
(2382, '511701', '市辖区', '511700'),
(2383, '511702', '通川区', '511700'),
(2384, '511721', '达　县', '511700'),
(2385, '511722', '宣汉县', '511700'),
(2386, '511723', '开江县', '511700'),
(2387, '511724', '大竹县', '511700'),
(2388, '511725', '渠　县', '511700'),
(2389, '511781', '万源市', '511700'),
(2390, '511801', '市辖区', '511800'),
(2391, '511802', '雨城区', '511800'),
(2392, '511821', '名山县', '511800'),
(2393, '511822', '荥经县', '511800'),
(2394, '511823', '汉源县', '511800'),
(2395, '511824', '石棉县', '511800'),
(2396, '511825', '天全县', '511800'),
(2397, '511826', '芦山县', '511800'),
(2398, '511827', '宝兴县', '511800'),
(2399, '511901', '市辖区', '511900'),
(2400, '511902', '巴州区', '511900'),
(2401, '511921', '通江县', '511900'),
(2402, '511922', '南江县', '511900'),
(2403, '511923', '平昌县', '511900'),
(2404, '512001', '市辖区', '512000'),
(2405, '512002', '雁江区', '512000'),
(2406, '512021', '安岳县', '512000'),
(2407, '512022', '乐至县', '512000'),
(2408, '512081', '简阳市', '512000'),
(2409, '513221', '汶川县', '513200'),
(2410, '513222', '理　县', '513200'),
(2411, '513223', '茂　县', '513200'),
(2412, '513224', '松潘县', '513200'),
(2413, '513225', '九寨沟县', '513200'),
(2414, '513226', '金川县', '513200'),
(2415, '513227', '小金县', '513200'),
(2416, '513228', '黑水县', '513200'),
(2417, '513229', '马尔康县', '513200'),
(2418, '513230', '壤塘县', '513200'),
(2419, '513231', '阿坝县', '513200'),
(2420, '513232', '若尔盖县', '513200'),
(2421, '513233', '红原县', '513200'),
(2422, '513321', '康定县', '513300'),
(2423, '513322', '泸定县', '513300'),
(2424, '513323', '丹巴县', '513300'),
(2425, '513324', '九龙县', '513300'),
(2426, '513325', '雅江县', '513300'),
(2427, '513326', '道孚县', '513300'),
(2428, '513327', '炉霍县', '513300'),
(2429, '513328', '甘孜县', '513300'),
(2430, '513329', '新龙县', '513300'),
(2431, '513330', '德格县', '513300'),
(2432, '513331', '白玉县', '513300'),
(2433, '513332', '石渠县', '513300'),
(2434, '513333', '色达县', '513300'),
(2435, '513334', '理塘县', '513300'),
(2436, '513335', '巴塘县', '513300'),
(2437, '513336', '乡城县', '513300'),
(2438, '513337', '稻城县', '513300'),
(2439, '513338', '得荣县', '513300'),
(2440, '513401', '西昌市', '513400'),
(2441, '513422', '木里藏族自治县', '513400'),
(2442, '513423', '盐源县', '513400'),
(2443, '513424', '德昌县', '513400'),
(2444, '513425', '会理县', '513400'),
(2445, '513426', '会东县', '513400'),
(2446, '513427', '宁南县', '513400'),
(2447, '513428', '普格县', '513400'),
(2448, '513429', '布拖县', '513400'),
(2449, '513430', '金阳县', '513400'),
(2450, '513431', '昭觉县', '513400'),
(2451, '513432', '喜德县', '513400'),
(2452, '513433', '冕宁县', '513400'),
(2453, '513434', '越西县', '513400'),
(2454, '513435', '甘洛县', '513400'),
(2455, '513436', '美姑县', '513400'),
(2456, '513437', '雷波县', '513400'),
(2457, '520101', '市辖区', '520100'),
(2458, '520102', '南明区', '520100'),
(2459, '520103', '云岩区', '520100'),
(2460, '520111', '花溪区', '520100'),
(2461, '520112', '乌当区', '520100'),
(2462, '520113', '白云区', '520100'),
(2463, '520114', '小河区', '520100'),
(2464, '520121', '开阳县', '520100'),
(2465, '520122', '息烽县', '520100'),
(2466, '520123', '修文县', '520100'),
(2467, '520181', '清镇市', '520100'),
(2468, '520201', '钟山区', '520200'),
(2469, '520203', '六枝特区', '520200'),
(2470, '520221', '水城县', '520200'),
(2471, '520222', '盘　县', '520200'),
(2472, '520301', '市辖区', '520300'),
(2473, '520302', '红花岗区', '520300'),
(2474, '520303', '汇川区', '520300'),
(2475, '520321', '遵义县', '520300'),
(2476, '520322', '桐梓县', '520300'),
(2477, '520323', '绥阳县', '520300'),
(2478, '520324', '正安县', '520300'),
(2479, '520325', '道真仡佬族苗族自治县', '520300'),
(2480, '520326', '务川仡佬族苗族自治县', '520300'),
(2481, '520327', '凤冈县', '520300'),
(2482, '520328', '湄潭县', '520300'),
(2483, '520329', '余庆县', '520300'),
(2484, '520330', '习水县', '520300'),
(2485, '520381', '赤水市', '520300'),
(2486, '520382', '仁怀市', '520300'),
(2487, '520401', '市辖区', '520400'),
(2488, '520402', '西秀区', '520400'),
(2489, '520421', '平坝县', '520400'),
(2490, '520422', '普定县', '520400'),
(2491, '520423', '镇宁布依族苗族自治县', '520400'),
(2492, '520424', '关岭布依族苗族自治县', '520400'),
(2493, '520425', '紫云苗族布依族自治县', '520400'),
(2494, '522201', '铜仁市', '522200'),
(2495, '522222', '江口县', '522200'),
(2496, '522223', '玉屏侗族自治县', '522200'),
(2497, '522224', '石阡县', '522200'),
(2498, '522225', '思南县', '522200'),
(2499, '522226', '印江土家族苗族自治县', '522200'),
(2500, '522227', '德江县', '522200'),
(2501, '522228', '沿河土家族自治县', '522200'),
(2502, '522229', '松桃苗族自治县', '522200'),
(2503, '522230', '万山特区', '522200'),
(2504, '522301', '兴义市', '522300'),
(2505, '522322', '兴仁县', '522300'),
(2506, '522323', '普安县', '522300'),
(2507, '522324', '晴隆县', '522300'),
(2508, '522325', '贞丰县', '522300'),
(2509, '522326', '望谟县', '522300'),
(2510, '522327', '册亨县', '522300'),
(2511, '522328', '安龙县', '522300'),
(2512, '522401', '毕节市', '522400'),
(2513, '522422', '大方县', '522400'),
(2514, '522423', '黔西县', '522400'),
(2515, '522424', '金沙县', '522400'),
(2516, '522425', '织金县', '522400'),
(2517, '522426', '纳雍县', '522400'),
(2518, '522427', '威宁彝族回族苗族自治县', '522400'),
(2519, '522428', '赫章县', '522400'),
(2520, '522601', '凯里市', '522600'),
(2521, '522622', '黄平县', '522600'),
(2522, '522623', '施秉县', '522600'),
(2523, '522624', '三穗县', '522600'),
(2524, '522625', '镇远县', '522600'),
(2525, '522626', '岑巩县', '522600'),
(2526, '522627', '天柱县', '522600'),
(2527, '522628', '锦屏县', '522600'),
(2528, '522629', '剑河县', '522600'),
(2529, '522630', '台江县', '522600'),
(2530, '522631', '黎平县', '522600'),
(2531, '522632', '榕江县', '522600'),
(2532, '522633', '从江县', '522600'),
(2533, '522634', '雷山县', '522600'),
(2534, '522635', '麻江县', '522600'),
(2535, '522636', '丹寨县', '522600'),
(2536, '522701', '都匀市', '522700'),
(2537, '522702', '福泉市', '522700'),
(2538, '522722', '荔波县', '522700'),
(2539, '522723', '贵定县', '522700'),
(2540, '522725', '瓮安县', '522700'),
(2541, '522726', '独山县', '522700'),
(2542, '522727', '平塘县', '522700'),
(2543, '522728', '罗甸县', '522700');
INSERT INTO `t_address_town` (`id`, `code`, `name`, `cityCode`) VALUES
(2544, '522729', '长顺县', '522700'),
(2545, '522730', '龙里县', '522700'),
(2546, '522731', '惠水县', '522700'),
(2547, '522732', '三都水族自治县', '522700'),
(2548, '530101', '市辖区', '530100'),
(2549, '530102', '五华区', '530100'),
(2550, '530103', '盘龙区', '530100'),
(2551, '530111', '官渡区', '530100'),
(2552, '530112', '西山区', '530100'),
(2553, '530113', '东川区', '530100'),
(2554, '530121', '呈贡县', '530100'),
(2555, '530122', '晋宁县', '530100'),
(2556, '530124', '富民县', '530100'),
(2557, '530125', '宜良县', '530100'),
(2558, '530126', '石林彝族自治县', '530100'),
(2559, '530127', '嵩明县', '530100'),
(2560, '530128', '禄劝彝族苗族自治县', '530100'),
(2561, '530129', '寻甸回族彝族自治县', '530100'),
(2562, '530181', '安宁市', '530100'),
(2563, '530301', '市辖区', '530300'),
(2564, '530302', '麒麟区', '530300'),
(2565, '530321', '马龙县', '530300'),
(2566, '530322', '陆良县', '530300'),
(2567, '530323', '师宗县', '530300'),
(2568, '530324', '罗平县', '530300'),
(2569, '530325', '富源县', '530300'),
(2570, '530326', '会泽县', '530300'),
(2571, '530328', '沾益县', '530300'),
(2572, '530381', '宣威市', '530300'),
(2573, '530401', '市辖区', '530400'),
(2574, '530402', '红塔区', '530400'),
(2575, '530421', '江川县', '530400'),
(2576, '530422', '澄江县', '530400'),
(2577, '530423', '通海县', '530400'),
(2578, '530424', '华宁县', '530400'),
(2579, '530425', '易门县', '530400'),
(2580, '530426', '峨山彝族自治县', '530400'),
(2581, '530427', '新平彝族傣族自治县', '530400'),
(2582, '530428', '元江哈尼族彝族傣族自治县', '530400'),
(2583, '530501', '市辖区', '530500'),
(2584, '530502', '隆阳区', '530500'),
(2585, '530521', '施甸县', '530500'),
(2586, '530522', '腾冲县', '530500'),
(2587, '530523', '龙陵县', '530500'),
(2588, '530524', '昌宁县', '530500'),
(2589, '530601', '市辖区', '530600'),
(2590, '530602', '昭阳区', '530600'),
(2591, '530621', '鲁甸县', '530600'),
(2592, '530622', '巧家县', '530600'),
(2593, '530623', '盐津县', '530600'),
(2594, '530624', '大关县', '530600'),
(2595, '530625', '永善县', '530600'),
(2596, '530626', '绥江县', '530600'),
(2597, '530627', '镇雄县', '530600'),
(2598, '530628', '彝良县', '530600'),
(2599, '530629', '威信县', '530600'),
(2600, '530630', '水富县', '530600'),
(2601, '530701', '市辖区', '530700'),
(2602, '530702', '古城区', '530700'),
(2603, '530721', '玉龙纳西族自治县', '530700'),
(2604, '530722', '永胜县', '530700'),
(2605, '530723', '华坪县', '530700'),
(2606, '530724', '宁蒗彝族自治县', '530700'),
(2607, '530801', '市辖区', '530800'),
(2608, '530802', '翠云区', '530800'),
(2609, '530821', '普洱哈尼族彝族自治县', '530800'),
(2610, '530822', '墨江哈尼族自治县', '530800'),
(2611, '530823', '景东彝族自治县', '530800'),
(2612, '530824', '景谷傣族彝族自治县', '530800'),
(2613, '530825', '镇沅彝族哈尼族拉祜族自治县', '530800'),
(2614, '530826', '江城哈尼族彝族自治县', '530800'),
(2615, '530827', '孟连傣族拉祜族佤族自治县', '530800'),
(2616, '530828', '澜沧拉祜族自治县', '530800'),
(2617, '530829', '西盟佤族自治县', '530800'),
(2618, '530901', '市辖区', '530900'),
(2619, '530902', '临翔区', '530900'),
(2620, '530921', '凤庆县', '530900'),
(2621, '530922', '云　县', '530900'),
(2622, '530923', '永德县', '530900'),
(2623, '530924', '镇康县', '530900'),
(2624, '530925', '双江拉祜族佤族布朗族傣族自治县', '530900'),
(2625, '530926', '耿马傣族佤族自治县', '530900'),
(2626, '530927', '沧源佤族自治县', '530900'),
(2627, '532301', '楚雄市', '532300'),
(2628, '532322', '双柏县', '532300'),
(2629, '532323', '牟定县', '532300'),
(2630, '532324', '南华县', '532300'),
(2631, '532325', '姚安县', '532300'),
(2632, '532326', '大姚县', '532300'),
(2633, '532327', '永仁县', '532300'),
(2634, '532328', '元谋县', '532300'),
(2635, '532329', '武定县', '532300'),
(2636, '532331', '禄丰县', '532300'),
(2637, '532501', '个旧市', '532500'),
(2638, '532502', '开远市', '532500'),
(2639, '532522', '蒙自县', '532500'),
(2640, '532523', '屏边苗族自治县', '532500'),
(2641, '532524', '建水县', '532500'),
(2642, '532525', '石屏县', '532500'),
(2643, '532526', '弥勒县', '532500'),
(2644, '532527', '泸西县', '532500'),
(2645, '532528', '元阳县', '532500'),
(2646, '532529', '红河县', '532500'),
(2647, '532530', '金平苗族瑶族傣族自治县', '532500'),
(2648, '532531', '绿春县', '532500'),
(2649, '532532', '河口瑶族自治县', '532500'),
(2650, '532621', '文山县', '532600'),
(2651, '532622', '砚山县', '532600'),
(2652, '532623', '西畴县', '532600'),
(2653, '532624', '麻栗坡县', '532600'),
(2654, '532625', '马关县', '532600'),
(2655, '532626', '丘北县', '532600'),
(2656, '532627', '广南县', '532600'),
(2657, '532628', '富宁县', '532600'),
(2658, '532801', '景洪市', '532800'),
(2659, '532822', '勐海县', '532800'),
(2660, '532823', '勐腊县', '532800'),
(2661, '532901', '大理市', '532900'),
(2662, '532922', '漾濞彝族自治县', '532900'),
(2663, '532923', '祥云县', '532900'),
(2664, '532924', '宾川县', '532900'),
(2665, '532925', '弥渡县', '532900'),
(2666, '532926', '南涧彝族自治县', '532900'),
(2667, '532927', '巍山彝族回族自治县', '532900'),
(2668, '532928', '永平县', '532900'),
(2669, '532929', '云龙县', '532900'),
(2670, '532930', '洱源县', '532900'),
(2671, '532931', '剑川县', '532900'),
(2672, '532932', '鹤庆县', '532900'),
(2673, '533102', '瑞丽市', '533100'),
(2674, '533103', '潞西市', '533100'),
(2675, '533122', '梁河县', '533100'),
(2676, '533123', '盈江县', '533100'),
(2677, '533124', '陇川县', '533100'),
(2678, '533321', '泸水县', '533300'),
(2679, '533323', '福贡县', '533300'),
(2680, '533324', '贡山独龙族怒族自治县', '533300'),
(2681, '533325', '兰坪白族普米族自治县', '533300'),
(2682, '533421', '香格里拉县', '533400'),
(2683, '533422', '德钦县', '533400'),
(2684, '533423', '维西傈僳族自治县', '533400'),
(2685, '540101', '市辖区', '540100'),
(2686, '540102', '城关区', '540100'),
(2687, '540121', '林周县', '540100'),
(2688, '540122', '当雄县', '540100'),
(2689, '540123', '尼木县', '540100'),
(2690, '540124', '曲水县', '540100'),
(2691, '540125', '堆龙德庆县', '540100'),
(2692, '540126', '达孜县', '540100'),
(2693, '540127', '墨竹工卡县', '540100'),
(2694, '542121', '昌都县', '542100'),
(2695, '542122', '江达县', '542100'),
(2696, '542123', '贡觉县', '542100'),
(2697, '542124', '类乌齐县', '542100'),
(2698, '542125', '丁青县', '542100'),
(2699, '542126', '察雅县', '542100'),
(2700, '542127', '八宿县', '542100'),
(2701, '542128', '左贡县', '542100'),
(2702, '542129', '芒康县', '542100'),
(2703, '542132', '洛隆县', '542100'),
(2704, '542133', '边坝县', '542100'),
(2705, '542221', '乃东县', '542200'),
(2706, '542222', '扎囊县', '542200'),
(2707, '542223', '贡嘎县', '542200'),
(2708, '542224', '桑日县', '542200'),
(2709, '542225', '琼结县', '542200'),
(2710, '542226', '曲松县', '542200'),
(2711, '542227', '措美县', '542200'),
(2712, '542228', '洛扎县', '542200'),
(2713, '542229', '加查县', '542200'),
(2714, '542231', '隆子县', '542200'),
(2715, '542232', '错那县', '542200'),
(2716, '542233', '浪卡子县', '542200'),
(2717, '542301', '日喀则市', '542300'),
(2718, '542322', '南木林县', '542300'),
(2719, '542323', '江孜县', '542300'),
(2720, '542324', '定日县', '542300'),
(2721, '542325', '萨迦县', '542300'),
(2722, '542326', '拉孜县', '542300'),
(2723, '542327', '昂仁县', '542300'),
(2724, '542328', '谢通门县', '542300'),
(2725, '542329', '白朗县', '542300'),
(2726, '542330', '仁布县', '542300'),
(2727, '542331', '康马县', '542300'),
(2728, '542332', '定结县', '542300'),
(2729, '542333', '仲巴县', '542300'),
(2730, '542334', '亚东县', '542300'),
(2731, '542335', '吉隆县', '542300'),
(2732, '542336', '聂拉木县', '542300'),
(2733, '542337', '萨嘎县', '542300'),
(2734, '542338', '岗巴县', '542300'),
(2735, '542421', '那曲县', '542400'),
(2736, '542422', '嘉黎县', '542400'),
(2737, '542423', '比如县', '542400'),
(2738, '542424', '聂荣县', '542400'),
(2739, '542425', '安多县', '542400'),
(2740, '542426', '申扎县', '542400'),
(2741, '542427', '索　县', '542400'),
(2742, '542428', '班戈县', '542400'),
(2743, '542429', '巴青县', '542400'),
(2744, '542430', '尼玛县', '542400'),
(2745, '542521', '普兰县', '542500'),
(2746, '542522', '札达县', '542500'),
(2747, '542523', '噶尔县', '542500'),
(2748, '542524', '日土县', '542500'),
(2749, '542525', '革吉县', '542500'),
(2750, '542526', '改则县', '542500'),
(2751, '542527', '措勤县', '542500'),
(2752, '542621', '林芝县', '542600'),
(2753, '542622', '工布江达县', '542600'),
(2754, '542623', '米林县', '542600'),
(2755, '542624', '墨脱县', '542600'),
(2756, '542625', '波密县', '542600'),
(2757, '542626', '察隅县', '542600'),
(2758, '542627', '朗　县', '542600'),
(2759, '610101', '市辖区', '610100'),
(2760, '610102', '新城区', '610100'),
(2761, '610103', '碑林区', '610100'),
(2762, '610104', '莲湖区', '610100'),
(2763, '610111', '灞桥区', '610100'),
(2764, '610112', '未央区', '610100'),
(2765, '610113', '雁塔区', '610100'),
(2766, '610114', '阎良区', '610100'),
(2767, '610115', '临潼区', '610100'),
(2768, '610116', '长安区', '610100'),
(2769, '610122', '蓝田县', '610100'),
(2770, '610124', '周至县', '610100'),
(2771, '610125', '户　县', '610100'),
(2772, '610126', '高陵县', '610100'),
(2773, '610201', '市辖区', '610200'),
(2774, '610202', '王益区', '610200'),
(2775, '610203', '印台区', '610200'),
(2776, '610204', '耀州区', '610200'),
(2777, '610222', '宜君县', '610200'),
(2778, '610301', '市辖区', '610300'),
(2779, '610302', '渭滨区', '610300'),
(2780, '610303', '金台区', '610300'),
(2781, '610304', '陈仓区', '610300'),
(2782, '610322', '凤翔县', '610300'),
(2783, '610323', '岐山县', '610300'),
(2784, '610324', '扶风县', '610300'),
(2785, '610326', '眉　县', '610300'),
(2786, '610327', '陇　县', '610300'),
(2787, '610328', '千阳县', '610300'),
(2788, '610329', '麟游县', '610300'),
(2789, '610330', '凤　县', '610300'),
(2790, '610331', '太白县', '610300'),
(2791, '610401', '市辖区', '610400'),
(2792, '610402', '秦都区', '610400'),
(2793, '610403', '杨凌区', '610400'),
(2794, '610404', '渭城区', '610400'),
(2795, '610422', '三原县', '610400'),
(2796, '610423', '泾阳县', '610400'),
(2797, '610424', '乾　县', '610400'),
(2798, '610425', '礼泉县', '610400'),
(2799, '610426', '永寿县', '610400'),
(2800, '610427', '彬　县', '610400'),
(2801, '610428', '长武县', '610400'),
(2802, '610429', '旬邑县', '610400'),
(2803, '610430', '淳化县', '610400'),
(2804, '610431', '武功县', '610400'),
(2805, '610481', '兴平市', '610400'),
(2806, '610501', '市辖区', '610500'),
(2807, '610502', '临渭区', '610500'),
(2808, '610521', '华　县', '610500'),
(2809, '610522', '潼关县', '610500'),
(2810, '610523', '大荔县', '610500'),
(2811, '610524', '合阳县', '610500'),
(2812, '610525', '澄城县', '610500'),
(2813, '610526', '蒲城县', '610500'),
(2814, '610527', '白水县', '610500'),
(2815, '610528', '富平县', '610500'),
(2816, '610581', '韩城市', '610500'),
(2817, '610582', '华阴市', '610500'),
(2818, '610601', '市辖区', '610600'),
(2819, '610602', '宝塔区', '610600'),
(2820, '610621', '延长县', '610600'),
(2821, '610622', '延川县', '610600'),
(2822, '610623', '子长县', '610600'),
(2823, '610624', '安塞县', '610600'),
(2824, '610625', '志丹县', '610600'),
(2825, '610626', '吴旗县', '610600'),
(2826, '610627', '甘泉县', '610600'),
(2827, '610628', '富　县', '610600'),
(2828, '610629', '洛川县', '610600'),
(2829, '610630', '宜川县', '610600'),
(2830, '610631', '黄龙县', '610600'),
(2831, '610632', '黄陵县', '610600'),
(2832, '610701', '市辖区', '610700'),
(2833, '610702', '汉台区', '610700'),
(2834, '610721', '南郑县', '610700'),
(2835, '610722', '城固县', '610700'),
(2836, '610723', '洋　县', '610700'),
(2837, '610724', '西乡县', '610700'),
(2838, '610725', '勉　县', '610700'),
(2839, '610726', '宁强县', '610700'),
(2840, '610727', '略阳县', '610700'),
(2841, '610728', '镇巴县', '610700'),
(2842, '610729', '留坝县', '610700'),
(2843, '610730', '佛坪县', '610700'),
(2844, '610801', '市辖区', '610800'),
(2845, '610802', '榆阳区', '610800'),
(2846, '610821', '神木县', '610800'),
(2847, '610822', '府谷县', '610800'),
(2848, '610823', '横山县', '610800'),
(2849, '610824', '靖边县', '610800'),
(2850, '610825', '定边县', '610800'),
(2851, '610826', '绥德县', '610800'),
(2852, '610827', '米脂县', '610800'),
(2853, '610828', '佳　县', '610800'),
(2854, '610829', '吴堡县', '610800'),
(2855, '610830', '清涧县', '610800'),
(2856, '610831', '子洲县', '610800'),
(2857, '610901', '市辖区', '610900'),
(2858, '610902', '汉滨区', '610900'),
(2859, '610921', '汉阴县', '610900'),
(2860, '610922', '石泉县', '610900'),
(2861, '610923', '宁陕县', '610900'),
(2862, '610924', '紫阳县', '610900'),
(2863, '610925', '岚皋县', '610900'),
(2864, '610926', '平利县', '610900'),
(2865, '610927', '镇坪县', '610900'),
(2866, '610928', '旬阳县', '610900'),
(2867, '610929', '白河县', '610900'),
(2868, '611001', '市辖区', '611000'),
(2869, '611002', '商州区', '611000'),
(2870, '611021', '洛南县', '611000'),
(2871, '611022', '丹凤县', '611000'),
(2872, '611023', '商南县', '611000'),
(2873, '611024', '山阳县', '611000'),
(2874, '611025', '镇安县', '611000'),
(2875, '611026', '柞水县', '611000'),
(2876, '620101', '市辖区', '620100'),
(2877, '620102', '城关区', '620100'),
(2878, '620103', '七里河区', '620100'),
(2879, '620104', '西固区', '620100'),
(2880, '620105', '安宁区', '620100'),
(2881, '620111', '红古区', '620100'),
(2882, '620121', '永登县', '620100'),
(2883, '620122', '皋兰县', '620100'),
(2884, '620123', '榆中县', '620100'),
(2885, '620201', '市辖区', '620200'),
(2886, '620301', '市辖区', '620300'),
(2887, '620302', '金川区', '620300'),
(2888, '620321', '永昌县', '620300'),
(2889, '620401', '市辖区', '620400'),
(2890, '620402', '白银区', '620400'),
(2891, '620403', '平川区', '620400'),
(2892, '620421', '靖远县', '620400'),
(2893, '620422', '会宁县', '620400'),
(2894, '620423', '景泰县', '620400'),
(2895, '620501', '市辖区', '620500'),
(2896, '620502', '秦城区', '620500'),
(2897, '620503', '北道区', '620500'),
(2898, '620521', '清水县', '620500'),
(2899, '620522', '秦安县', '620500'),
(2900, '620523', '甘谷县', '620500'),
(2901, '620524', '武山县', '620500'),
(2902, '620525', '张家川回族自治县', '620500'),
(2903, '620601', '市辖区', '620600'),
(2904, '620602', '凉州区', '620600'),
(2905, '620621', '民勤县', '620600'),
(2906, '620622', '古浪县', '620600'),
(2907, '620623', '天祝藏族自治县', '620600'),
(2908, '620701', '市辖区', '620700'),
(2909, '620702', '甘州区', '620700'),
(2910, '620721', '肃南裕固族自治县', '620700'),
(2911, '620722', '民乐县', '620700'),
(2912, '620723', '临泽县', '620700'),
(2913, '620724', '高台县', '620700'),
(2914, '620725', '山丹县', '620700'),
(2915, '620801', '市辖区', '620800'),
(2916, '620802', '崆峒区', '620800'),
(2917, '620821', '泾川县', '620800'),
(2918, '620822', '灵台县', '620800'),
(2919, '620823', '崇信县', '620800'),
(2920, '620824', '华亭县', '620800'),
(2921, '620825', '庄浪县', '620800'),
(2922, '620826', '静宁县', '620800'),
(2923, '620901', '市辖区', '620900'),
(2924, '620902', '肃州区', '620900'),
(2925, '620921', '金塔县', '620900'),
(2926, '620922', '安西县', '620900'),
(2927, '620923', '肃北蒙古族自治县', '620900'),
(2928, '620924', '阿克塞哈萨克族自治县', '620900'),
(2929, '620981', '玉门市', '620900'),
(2930, '620982', '敦煌市', '620900'),
(2931, '621001', '市辖区', '621000'),
(2932, '621002', '西峰区', '621000'),
(2933, '621021', '庆城县', '621000'),
(2934, '621022', '环　县', '621000'),
(2935, '621023', '华池县', '621000'),
(2936, '621024', '合水县', '621000'),
(2937, '621025', '正宁县', '621000'),
(2938, '621026', '宁　县', '621000'),
(2939, '621027', '镇原县', '621000'),
(2940, '621101', '市辖区', '621100'),
(2941, '621102', '安定区', '621100'),
(2942, '621121', '通渭县', '621100'),
(2943, '621122', '陇西县', '621100'),
(2944, '621123', '渭源县', '621100'),
(2945, '621124', '临洮县', '621100'),
(2946, '621125', '漳　县', '621100'),
(2947, '621126', '岷　县', '621100'),
(2948, '621201', '市辖区', '621200'),
(2949, '621202', '武都区', '621200'),
(2950, '621221', '成　县', '621200'),
(2951, '621222', '文　县', '621200'),
(2952, '621223', '宕昌县', '621200'),
(2953, '621224', '康　县', '621200'),
(2954, '621225', '西和县', '621200'),
(2955, '621226', '礼　县', '621200'),
(2956, '621227', '徽　县', '621200'),
(2957, '621228', '两当县', '621200'),
(2958, '622901', '临夏市', '622900'),
(2959, '622921', '临夏县', '622900'),
(2960, '622922', '康乐县', '622900'),
(2961, '622923', '永靖县', '622900'),
(2962, '622924', '广河县', '622900'),
(2963, '622925', '和政县', '622900'),
(2964, '622926', '东乡族自治县', '622900'),
(2965, '622927', '积石山保安族东乡族撒拉族自治县', '622900'),
(2966, '623001', '合作市', '623000'),
(2967, '623021', '临潭县', '623000'),
(2968, '623022', '卓尼县', '623000'),
(2969, '623023', '舟曲县', '623000'),
(2970, '623024', '迭部县', '623000'),
(2971, '623025', '玛曲县', '623000'),
(2972, '623026', '碌曲县', '623000'),
(2973, '623027', '夏河县', '623000'),
(2974, '630101', '市辖区', '630100'),
(2975, '630102', '城东区', '630100'),
(2976, '630103', '城中区', '630100'),
(2977, '630104', '城西区', '630100'),
(2978, '630105', '城北区', '630100'),
(2979, '630121', '大通回族土族自治县', '630100'),
(2980, '630122', '湟中县', '630100'),
(2981, '630123', '湟源县', '630100'),
(2982, '632121', '平安县', '632100'),
(2983, '632122', '民和回族土族自治县', '632100'),
(2984, '632123', '乐都县', '632100'),
(2985, '632126', '互助土族自治县', '632100'),
(2986, '632127', '化隆回族自治县', '632100'),
(2987, '632128', '循化撒拉族自治县', '632100'),
(2988, '632221', '门源回族自治县', '632200'),
(2989, '632222', '祁连县', '632200'),
(2990, '632223', '海晏县', '632200'),
(2991, '632224', '刚察县', '632200'),
(2992, '632321', '同仁县', '632300'),
(2993, '632322', '尖扎县', '632300'),
(2994, '632323', '泽库县', '632300'),
(2995, '632324', '河南蒙古族自治县', '632300'),
(2996, '632521', '共和县', '632500'),
(2997, '632522', '同德县', '632500'),
(2998, '632523', '贵德县', '632500'),
(2999, '632524', '兴海县', '632500'),
(3000, '632525', '贵南县', '632500'),
(3001, '632621', '玛沁县', '632600'),
(3002, '632622', '班玛县', '632600'),
(3003, '632623', '甘德县', '632600'),
(3004, '632624', '达日县', '632600'),
(3005, '632625', '久治县', '632600'),
(3006, '632626', '玛多县', '632600'),
(3007, '632721', '玉树县', '632700'),
(3008, '632722', '杂多县', '632700'),
(3009, '632723', '称多县', '632700'),
(3010, '632724', '治多县', '632700'),
(3011, '632725', '囊谦县', '632700'),
(3012, '632726', '曲麻莱县', '632700'),
(3013, '632801', '格尔木市', '632800'),
(3014, '632802', '德令哈市', '632800'),
(3015, '632821', '乌兰县', '632800'),
(3016, '632822', '都兰县', '632800'),
(3017, '632823', '天峻县', '632800'),
(3018, '640101', '市辖区', '640100'),
(3019, '640104', '兴庆区', '640100'),
(3020, '640105', '西夏区', '640100'),
(3021, '640106', '金凤区', '640100'),
(3022, '640121', '永宁县', '640100'),
(3023, '640122', '贺兰县', '640100'),
(3024, '640181', '灵武市', '640100'),
(3025, '640201', '市辖区', '640200'),
(3026, '640202', '大武口区', '640200'),
(3027, '640205', '惠农区', '640200'),
(3028, '640221', '平罗县', '640200'),
(3029, '640301', '市辖区', '640300'),
(3030, '640302', '利通区', '640300'),
(3031, '640323', '盐池县', '640300'),
(3032, '640324', '同心县', '640300'),
(3033, '640381', '青铜峡市', '640300'),
(3034, '640401', '市辖区', '640400'),
(3035, '640402', '原州区', '640400'),
(3036, '640422', '西吉县', '640400'),
(3037, '640423', '隆德县', '640400'),
(3038, '640424', '泾源县', '640400'),
(3039, '640425', '彭阳县', '640400'),
(3040, '640501', '市辖区', '640500'),
(3041, '640502', '沙坡头区', '640500'),
(3042, '640521', '中宁县', '640500'),
(3043, '640522', '海原县', '640500'),
(3044, '650101', '市辖区', '650100'),
(3045, '650102', '天山区', '650100'),
(3046, '650103', '沙依巴克区', '650100'),
(3047, '650104', '新市区', '650100'),
(3048, '650105', '水磨沟区', '650100'),
(3049, '650106', '头屯河区', '650100'),
(3050, '650107', '达坂城区', '650100'),
(3051, '650108', '东山区', '650100'),
(3052, '650121', '乌鲁木齐县', '650100'),
(3053, '650201', '市辖区', '650200'),
(3054, '650202', '独山子区', '650200'),
(3055, '650203', '克拉玛依区', '650200'),
(3056, '650204', '白碱滩区', '650200'),
(3057, '650205', '乌尔禾区', '650200'),
(3058, '652101', '吐鲁番市', '652100'),
(3059, '652122', '鄯善县', '652100'),
(3060, '652123', '托克逊县', '652100'),
(3061, '652201', '哈密市', '652200'),
(3062, '652222', '巴里坤哈萨克自治县', '652200'),
(3063, '652223', '伊吾县', '652200'),
(3064, '652301', '昌吉市', '652300'),
(3065, '652302', '阜康市', '652300'),
(3066, '652303', '米泉市', '652300'),
(3067, '652323', '呼图壁县', '652300'),
(3068, '652324', '玛纳斯县', '652300'),
(3069, '652325', '奇台县', '652300'),
(3070, '652327', '吉木萨尔县', '652300'),
(3071, '652328', '木垒哈萨克自治县', '652300'),
(3072, '652701', '博乐市', '652700'),
(3073, '652722', '精河县', '652700'),
(3074, '652723', '温泉县', '652700'),
(3075, '652801', '库尔勒市', '652800'),
(3076, '652822', '轮台县', '652800'),
(3077, '652823', '尉犁县', '652800'),
(3078, '652824', '若羌县', '652800'),
(3079, '652825', '且末县', '652800'),
(3080, '652826', '焉耆回族自治县', '652800'),
(3081, '652827', '和静县', '652800'),
(3082, '652828', '和硕县', '652800'),
(3083, '652829', '博湖县', '652800'),
(3084, '652901', '阿克苏市', '652900'),
(3085, '652922', '温宿县', '652900'),
(3086, '652923', '库车县', '652900'),
(3087, '652924', '沙雅县', '652900'),
(3088, '652925', '新和县', '652900'),
(3089, '652926', '拜城县', '652900'),
(3090, '652927', '乌什县', '652900'),
(3091, '652928', '阿瓦提县', '652900'),
(3092, '652929', '柯坪县', '652900'),
(3093, '653001', '阿图什市', '653000'),
(3094, '653022', '阿克陶县', '653000'),
(3095, '653023', '阿合奇县', '653000'),
(3096, '653024', '乌恰县', '653000'),
(3097, '653101', '喀什市', '653100'),
(3098, '653121', '疏附县', '653100'),
(3099, '653122', '疏勒县', '653100'),
(3100, '653123', '英吉沙县', '653100'),
(3101, '653124', '泽普县', '653100'),
(3102, '653125', '莎车县', '653100'),
(3103, '653126', '叶城县', '653100'),
(3104, '653127', '麦盖提县', '653100'),
(3105, '653128', '岳普湖县', '653100'),
(3106, '653129', '伽师县', '653100'),
(3107, '653130', '巴楚县', '653100'),
(3108, '653131', '塔什库尔干塔吉克自治县', '653100'),
(3109, '653201', '和田市', '653200'),
(3110, '653221', '和田县', '653200'),
(3111, '653222', '墨玉县', '653200'),
(3112, '653223', '皮山县', '653200'),
(3113, '653224', '洛浦县', '653200'),
(3114, '653225', '策勒县', '653200'),
(3115, '653226', '于田县', '653200'),
(3116, '653227', '民丰县', '653200'),
(3117, '654002', '伊宁市', '654000'),
(3118, '654003', '奎屯市', '654000'),
(3119, '654021', '伊宁县', '654000'),
(3120, '654022', '察布查尔锡伯自治县', '654000'),
(3121, '654023', '霍城县', '654000'),
(3122, '654024', '巩留县', '654000'),
(3123, '654025', '新源县', '654000'),
(3124, '654026', '昭苏县', '654000'),
(3125, '654027', '特克斯县', '654000'),
(3126, '654028', '尼勒克县', '654000'),
(3127, '654201', '塔城市', '654200'),
(3128, '654202', '乌苏市', '654200'),
(3129, '654221', '额敏县', '654200'),
(3130, '654223', '沙湾县', '654200'),
(3131, '654224', '托里县', '654200'),
(3132, '654225', '裕民县', '654200'),
(3133, '654226', '和布克赛尔蒙古自治县', '654200'),
(3134, '654301', '阿勒泰市', '654300'),
(3135, '654321', '布尔津县', '654300'),
(3136, '654322', '富蕴县', '654300'),
(3137, '654323', '福海县', '654300'),
(3138, '654324', '哈巴河县', '654300'),
(3139, '654325', '青河县', '654300'),
(3140, '654326', '吉木乃县', '654300'),
(3141, '659001', '石河子市', '659000'),
(3142, '659002', '阿拉尔市', '659000'),
(3143, '659003', '图木舒克市', '659000'),
(3144, '659004', '五家渠市', '659000');

-- --------------------------------------------------------

--
-- 表的结构 `userfans`
--

CREATE TABLE IF NOT EXISTS `userfans` (
  `fid` int(11) NOT NULL AUTO_INCREMENT COMMENT '粉丝id',
  `uid` int(11) NOT NULL COMMENT '关注着id',
  `prid` int(11) NOT NULL COMMENT '专家id',
  `createtime` datetime NOT NULL COMMENT '创建时间',
  PRIMARY KEY (`fid`)
) ENGINE=InnoDB  DEFAULT CHARSET=utf8 COMMENT='粉丝表' AUTO_INCREMENT=28 ;

--
-- 转存表中的数据 `userfans`
--

INSERT INTO `userfans` (`fid`, `uid`, `prid`, `createtime`) VALUES
(1, 1, 13, '2014-04-27 00:00:00'),
(2, 4, 13, '2014-04-14 00:00:00'),
(24, 13, 13, '2014-05-16 11:39:47'),
(26, 13, 24, '0000-00-00 00:00:00'),
(27, 13, 23, '0000-00-00 00:00:00');

-- --------------------------------------------------------

--
-- 表的结构 `userlogs`
--

CREATE TABLE IF NOT EXISTS `userlogs` (
  `id` int(11) NOT NULL AUTO_INCREMENT,
  `uid` int(11) NOT NULL COMMENT '登录后的用户可以记录uid',
  `logtype` varchar(200) NOT NULL COMMENT '此处尽量记录action的名称',
  `loginfo` text NOT NULL,
  `addtime` datetime NOT NULL,
  PRIMARY KEY (`id`)
) ENGINE=InnoDB  DEFAULT CHARSET=utf8 COMMENT='用户日志' AUTO_INCREMENT=45 ;

--
-- 转存表中的数据 `userlogs`
--

INSERT INTO `userlogs` (`id`, `uid`, `logtype`, `loginfo`, `addtime`) VALUES
(32, 1, 'Admin', 'index', '2014-04-22 09:26:20'),
(33, 1, 'Admin', 'index', '2014-04-22 10:01:40'),
(34, 1, 'Admin', 'index', '2014-04-22 10:01:54'),
(35, 1, 'Admin', 'index', '2014-04-22 10:02:57'),
(36, 1, 'Admin', 'index', '2014-04-22 10:03:00'),
(37, 1, 'Admin', 'index', '2014-04-22 10:03:29'),
(38, 1, 'Admin', 'index', '2014-04-22 10:04:27'),
(39, 1, 'Admin', 'index', '2014-04-22 10:05:03'),
(40, 1, 'Admin', 'index', '2014-04-22 10:05:40'),
(41, 1, 'Admin', 'index', '2014-04-22 10:07:04'),
(42, 1, 'Admin', 'index', '2014-04-22 10:18:10'),
(43, 1, 'Admin', 'index', '2014-04-25 19:38:51'),
(44, 3, 'Admin', 'index', '2014-05-09 11:18:43');

-- --------------------------------------------------------

--
-- 表的结构 `usernews`
--

CREATE TABLE IF NOT EXISTS `usernews` (
  `newsid` int(11) NOT NULL AUTO_INCREMENT COMMENT '自增长ID',
  `userid` int(11) DEFAULT '0' COMMENT '系统消息默认为0',
  `title` varchar(100) DEFAULT NULL COMMENT '标题',
  `content` text COMMENT '内容',
  `time` datetime DEFAULT NULL COMMENT '消息发布时间',
  PRIMARY KEY (`newsid`)
) ENGINE=MyISAM  DEFAULT CHARSET=utf8 CHECKSUM=1 DELAY_KEY_WRITE=1 ROW_FORMAT=DYNAMIC COMMENT='用户消息表' AUTO_INCREMENT=45 ;

--
-- 转存表中的数据 `usernews`
--

INSERT INTO `usernews` (`newsid`, `userid`, `title`, `content`, `time`) VALUES
(28, 13, '1天没来学习了', '你已经1天没来学习了，开始学习吧', '2014-04-05 12:43:21'),
(43, 13, '4天没来学习了', '你已经4天没来学习了，开始学习吧', '2014-05-20 14:51:36'),
(30, 13, '1天没来学习了', '你已经1天没来学习了，开始学习吧', '2014-04-08 17:10:59'),
(31, 13, '1天没来学习了', '你已经1天没来学习了，开始学习吧', '2014-04-10 10:03:40'),
(32, 13, '4天没来学习了', '你已经4天没来学习了，开始学习吧', '2014-04-14 10:32:53'),
(33, 13, '1天没来学习了', '你已经1天没来学习了，开始学习吧', '2014-04-15 12:33:22'),
(34, 13, '2天没来学习了', '你已经2天没来学习了，开始学习吧', '2014-04-18 10:39:21'),
(39, 13, '3天没来学习了', '你已经3天没来学习了，开始学习吧', '2014-04-29 08:58:24'),
(36, 13, '1天没来学习了', '你已经1天没来学习了，开始学习吧', '2014-04-23 11:19:26'),
(40, 13, '13天没来学习了', '你已经13天没来学习了，开始学习吧', '2014-05-12 20:20:40'),
(41, 13, '2天没来学习了', '你已经2天没来学习了，开始学习吧', '2014-05-15 16:56:33'),
(42, 6, '735765天没来学习了', '你已经735765天没来学习了，开始学习吧', '2014-05-15 17:05:04'),
(44, 13, '26天没来学习了', '你已经26天没来学习了，开始学习吧', '2014-06-16 10:55:07'),
(27, 13, '2天没来学习了', '你已经2天没来学习了，开始学习吧', '2014-04-04 11:13:55'),
(25, 13, '1天没来学习了', '你已经1天没来学习了，开始学习吧', '2014-03-29 21:51:50'),
(22, 13, '6天没来学习了', '亲你已经6天没来学习了，开始学习吧', '2014-03-28 16:27:31'),
(26, 13, '2天没来学习了', '你已经2天没来学习了，开始学习吧', '2014-04-01 15:30:36');

-- --------------------------------------------------------

--
-- 表的结构 `users`
--

CREATE TABLE IF NOT EXISTS `users` (
  `userid` int(11) NOT NULL AUTO_INCREMENT COMMENT '自增长ID',
  `username` varchar(50) NOT NULL COMMENT '用户名称',
  `openid` varchar(200) NOT NULL COMMENT '认证openid',
  `type` varchar(200) NOT NULL DEFAULT '站内用户' COMMENT '来源',
  `email` varchar(100) NOT NULL COMMENT '用户邮箱',
  `password` varchar(32) DEFAULT NULL COMMENT '用户密码',
  `picture` varchar(200) DEFAULT NULL COMMENT '用户头像',
  `level` varchar(50) DEFAULT NULL COMMENT '用户评价级别',
  `title` varchar(100) DEFAULT NULL COMMENT '用户头衔标题',
  `descp` text COMMENT '用户个人简介',
  `links` varchar(200) DEFAULT NULL COMMENT '用户个人网站链接',
  `lastlogin` datetime NOT NULL COMMENT '最后登录时间',
  `createtime` datetime NOT NULL,
  `fcompany` int(11) DEFAULT '0' COMMENT '外链公司ID：隶属于那个公司：默认为0.不隶属任何公司',
  `gold` int(11) DEFAULT '0' COMMENT '虚拟金币',
  `serialNo` varchar(100) DEFAULT NULL COMMENT '公司充值序列号：默认为空',
  `experts` int(4) DEFAULT '0' COMMENT '0普通用户 1专家教师 2普通教师',
  `departmentid` int(11) DEFAULT '0' COMMENT '所属部门id',
  `dutyid` int(11) DEFAULT NULL COMMENT '所属职务ID',
  `Identity` int(11) DEFAULT '0' COMMENT '用户权限：默认为0：0普通用户  1部门管理者 ',
  PRIMARY KEY (`userid`)
) ENGINE=MyISAM  DEFAULT CHARSET=utf8 CHECKSUM=1 DELAY_KEY_WRITE=1 ROW_FORMAT=DYNAMIC COMMENT='用户基本信息表' AUTO_INCREMENT=74 ;

--
-- 转存表中的数据 `users`
--

INSERT INTO `users` (`userid`, `username`, `openid`, `type`, `email`, `password`, `picture`, `level`, `title`, `descp`, `links`, `lastlogin`, `createtime`, `fcompany`, `gold`, `serialNo`, `experts`, `departmentid`, `dutyid`, `Identity`) VALUES
(1, '彭剑锋', '', '站内用户', '123@qq.com', 'e10adc3949ba59abbe56e057f20f883e', '/Uploads/201312/52aa9681530db.gif', '2', '华夏基石咨询集团董事长', '华夏基石咨询集团董事长，华夏基石管理咨询集团创始人，中国人民大学教授、博导，中国著名管理咨询专家&quot;', 'www.xiweina.com', '0000-00-00 00:00:00', '0000-00-00 00:00:00', 0, 0, NULL, 1, 0, NULL, 0),
(4, '王祥伍', '', '站内用户', '1719451729@qq.com', 'e10adc3949ba59abbe56e057f20f883e', '/Uploads/201312/wwangchongxi1.jpg', '5', '企业文化专家', '华夏基石首席企业文化专家\r\n　　中国人民大学工商管理硕士，积累了多年管理、咨询经验，对企业文化、战略、营销、人力资源等领域进行过深入的探索和研究。先后主持中国移动、浙江移动、奇正藏药、江苏移动、兴业银行、埃森哲、华立集团、海南椰岛、正龙集团、奥克啤酒等企业文化项目', '', '0000-00-00 00:00:00', '0000-00-00 00:00:00', 0, 0, NULL, 1, 0, NULL, 0),
(6, '小妮子', '', '站内用户', '135@qq.com', 'e10adc3949ba59abbe56e057f20f883e', '/Uploads/201401/52cfcec452008.gif', '11', '735765天没来学习了', '飞凤飞飞反复', 'www.csne。net', '2014-05-15 17:05:04', '0000-00-00 00:00:00', 1, 0, NULL, 1, 0, NULL, 0),
(9, '双方都v', '', '站内用户', '1234@qq.com', NULL, '/Uploads/201401/52cfcf4355f97.gif', '2', NULL, '是顶顶顶顶', '额鹅鹅鹅', '0000-00-00 00:00:00', '0000-00-00 00:00:00', 0, 0, NULL, 0, 0, NULL, 0),
(10, 'IIIi', '', '站内用户', 'as@qq.com', NULL, '/Uploads/201403/5333dbced02a9.jpg', '22', NULL, 'ddddd', 'dddd', '0000-00-00 00:00:00', '0000-00-00 00:00:00', 0, 0, NULL, 0, 0, NULL, 0),
(11, 'dddd', '', '站内用户', 'fff@qq.com', NULL, NULL, 'fff', NULL, 'ssdddd', 'dddd', '0000-00-00 00:00:00', '0000-00-00 00:00:00', 0, 0, NULL, 0, 0, NULL, 0),
(12, 'cdddd', '', '站内用户', 'ddddd', NULL, NULL, 'dddd', NULL, 'ssss', 'ddd', '0000-00-00 00:00:00', '0000-00-00 00:00:00', 0, 0, NULL, 0, 0, NULL, 0),
(13, '小席', '', '站内用户', '12@qq.com', 'e10adc3949ba59abbe56e057f20f883e', '/Uploads/201402/52fb83b19044e.jpg', '2', '26天没来学习了', '零度智慧科技公司，首席软件开发工程师。', 'www.xiweina.com', '2014-06-16 10:55:07', '2014-03-21 17:01:06', 0, 0, NULL, 1, 0, NULL, 0),
(14, '小陈2013', '', '站内用户', '17@qq.com', '96e79218965eb72c92a549dd5a330112', '/Uploads/201402/52fc845e9044d.jpg', '', NULL, '小陈。别名陈老师。零度公司首席PHP开发工程师。人称女汉子。那是相当的有个性', '', '0000-00-00 00:00:00', '0000-00-00 00:00:00', 0, 0, NULL, 0, 0, NULL, 0),
(15, 'nini', '', '站内用户', '136@qq.com', 'e10adc3949ba59abbe56e057f20f883e', NULL, '', '', '', '', '0000-00-00 00:00:00', '0000-00-00 00:00:00', 0, 0, NULL, 0, 0, NULL, 0),
(16, 'xiweina', '', '站内用户', 'xiweina12@qq.com', 'e10adc3949ba59abbe56e057f20f883e', '/Uploads/201403/531569552c3f8.jpg', NULL, NULL, NULL, NULL, '0000-00-00 00:00:00', '0000-00-00 00:00:00', 0, 0, NULL, 0, 0, NULL, 0),
(17, '李教授', '', '站内用户', '1112@qq.com', '96e79218965eb72c92a549dd5a330112', NULL, NULL, NULL, NULL, NULL, '0000-00-00 00:00:00', '0000-00-00 00:00:00', 0, 0, NULL, 0, 0, NULL, 0),
(18, '易中天', '', '站内用户', 'test@mail.com', NULL, '/Uploads/201401/52cf676aee1a9.jpg', '', '厦门大学人文学院教授', '易中天，湖南省长沙市人，1981年毕业于武汉大学，获文学硕士学位并留校任教，现任厦门大学人文学院教授，长期从事文学、艺术、美学、心理学、人类学、历史学等多学科和跨学科研究，著有《文心雕龙美学思想论稿》、《艺术人类学》等著作。近撰写出版了“易中天随笔体学术著作·中国文化系列”四种：《闲话中国人》、《中国的男人和女人》、《读城记》和《品人录》。', '', '0000-00-00 00:00:00', '0000-00-00 00:00:00', 0, 0, NULL, 2, 0, NULL, 0),
(19, '米莱', '', '站内用户', 'csj@126.com', '698d51a19d8a121ce581499d7b701668', '/Uploads/201403/5333dbb211b0f.jpg', '4', '教授', '个人简介', 'www.csj.com', '0000-00-00 00:00:00', '2014-03-21 17:01:06', 0, 0, NULL, 0, 0, NULL, 0),
(21, 'qq20140325142550', '6724011DB7CBAE236D90D0257980AC52', 'QQ', '', NULL, NULL, NULL, NULL, NULL, NULL, '0000-00-00 00:00:00', '2014-03-25 14:25:50', 0, 0, NULL, 0, 0, NULL, 0),
(22, 'QQ_20140325_143344', 'D3298AF863673E8D5B0EEE09CACA4612', 'QQ', '', NULL, NULL, NULL, NULL, NULL, NULL, '0000-00-00 00:00:00', '2014-03-25 14:33:44', 0, 0, NULL, 0, 0, NULL, 0),
(23, '崔馨升', '', '站内用户', '', NULL, '/Uploads/201404/534355e989f3e.png', '3', '北京天地人才书画院 院长', '崔馨升，职业书画家、收藏鉴赏家、北京天地人才书画院 院长；全国美术家提名展组委会主任，国家一级美术师。', '', '0000-00-00 00:00:00', '2014-04-01 18:07:17', 0, 0, NULL, 1, 0, NULL, 0),
(24, '陈强', '', '站内用户', '', NULL, '/Uploads/201404/5343539b94015.png', '3', '鉴定专家', '著名文物鉴定专家讲师', '', '0000-00-00 00:00:00', '2014-04-01 18:08:43', 0, 0, NULL, 1, 0, NULL, 0),
(25, '李伯琴', '', '站内用户', '', NULL, '/Uploads/201404/534352f25ce40.png', '3', '国家级邮展评审员', '李伯琴1950年开始集邮，现为中华全国集邮联合会理事，国家级邮展评审员，南宁市集邮协会顾问，英国皇家鸟类专题集邮协会会员。', '', '0000-00-00 00:00:00', '2014-04-01 18:09:36', 0, 0, NULL, 1, 0, NULL, 0),
(26, '潘德珠', '', '站内用户', '', NULL, '/Uploads/201404/5343528783d22.png', '3', '世界珠宝协会委员会会长', '世界珠宝协会委员会会长', '', '0000-00-00 00:00:00', '2014-04-01 18:11:28', 0, 0, NULL, 1, 0, NULL, 0),
(27, '田树', '', '站内用户', '', NULL, '/Uploads/201404/5343bc18c054e.png', '3', '卫视主持人', '旅游卫视主持人', '', '0000-00-00 00:00:00', '2014-04-01 18:12:04', 0, 0, NULL, 1, 0, NULL, 0),
(28, '闫闫', '', '站内用户', '', NULL, '/Uploads/201404/534350ecad306.png', '3', '讲师', '金牌童话讲师', '', '0000-00-00 00:00:00', '2014-04-01 18:12:41', 0, 0, NULL, 1, 0, NULL, 0),
(29, '李景辉', '', '站内用户', '', NULL, NULL, '3', '鉴定专家', '古瓷修复鉴定专家', '', '0000-00-00 00:00:00', '2014-04-01 18:34:18', 0, 0, NULL, 1, 0, NULL, 0),
(36, 'Kid', '', '站内用户', 'test1@gg.cn', '123456', NULL, NULL, NULL, NULL, NULL, '2014-04-04 14:23:35', '0000-00-00 00:00:00', 0, 0, NULL, 0, 0, NULL, 0),
(37, 'Kid', '', '站内用户', 'test3@gg.cn', '123456', NULL, NULL, NULL, NULL, NULL, '2014-04-04 14:26:51', '0000-00-00 00:00:00', 0, 0, NULL, 0, 0, NULL, 0),
(38, 'Kid', '', '站内用户', '11@gg.cn', '123456', NULL, NULL, NULL, NULL, NULL, '2014-04-04 14:28:09', '0000-00-00 00:00:00', 0, 0, NULL, 0, 0, NULL, 0),
(39, 'Kid', '', '站内用户', '123@gg.cn', '123456', NULL, NULL, NULL, NULL, NULL, '2014-04-04 14:30:31', '0000-00-00 00:00:00', 0, 0, NULL, 0, 0, NULL, 0),
(44, 'lili', '', '站内用户', 'kid@gg.cn', '1111', NULL, NULL, NULL, NULL, NULL, '2014-04-18 10:17:19', '0000-00-00 00:00:00', 0, 0, NULL, 0, 0, NULL, 0),
(45, 'Kidliuxu0002', '', '站内用户', 'kidliuxu0002@gg.cn', '123456', NULL, NULL, NULL, NULL, NULL, '2014-04-18 10:17:56', '0000-00-00 00:00:00', 0, 0, NULL, 0, 0, NULL, 0),
(46, 'lili', '', '站内用户', 'kid1@gg.cn', '1111', NULL, NULL, NULL, NULL, NULL, '2014-04-18 10:46:22', '0000-00-00 00:00:00', 0, 0, NULL, 0, 0, NULL, 0),
(47, 'Kidliuxu0003', '', '站内用户', 'kidliuxu0003@gg.cn', '123456', NULL, NULL, NULL, NULL, NULL, '2014-04-18 10:48:51', '0000-00-00 00:00:00', 0, 0, NULL, 0, 0, NULL, 0),
(48, 'Kidliuxu0004', '', '站内用户', 'kidliuxu0004@gg.cn', '123456', NULL, NULL, NULL, NULL, NULL, '2014-04-18 10:50:03', '0000-00-00 00:00:00', 0, 0, NULL, 0, 0, NULL, 0),
(49, 'Kidliuxu0005', '', '站内用户', 'kidliuxu0005@gg.cn', '123456', NULL, NULL, NULL, NULL, NULL, '2014-04-18 10:54:27', '0000-00-00 00:00:00', 0, 0, NULL, 0, 0, NULL, 0),
(50, 'Kidliuxu0006', '', '站内用户', 'kidliuxu0006@gg.cn', '12', NULL, NULL, NULL, NULL, NULL, '2014-04-18 10:56:33', '0000-00-00 00:00:00', 0, 0, NULL, 0, 0, NULL, 0),
(51, 'lili', '', '站内用户', 'kid2@gg.cn', '1111', NULL, NULL, NULL, NULL, NULL, '2014-04-18 11:30:33', '0000-00-00 00:00:00', 0, 0, NULL, 0, 0, NULL, 0),
(52, 'Kidliuxu0008', '', '站内用户', 'kidliuxu0008@gg.cn', '12', NULL, NULL, NULL, NULL, NULL, '2014-04-18 11:40:45', '0000-00-00 00:00:00', 0, 0, NULL, 0, 0, NULL, 0),
(53, 'Kidliuxu0009', '', '站内用户', 'kidliuxu0009@gg.cn', '12', NULL, NULL, NULL, NULL, NULL, '2014-04-18 11:42:24', '0000-00-00 00:00:00', 0, 0, NULL, 0, 0, NULL, 0),
(54, 'Kidliuxu0010', '', '站内用户', 'kidliuxu0010@gg.cn', '12', NULL, NULL, NULL, NULL, NULL, '2014-04-18 13:41:26', '0000-00-00 00:00:00', 0, 0, NULL, 0, 0, NULL, 0),
(55, 'kidliu001', '', '站内用户', 'kidliu001@gg.cn', '12', NULL, NULL, NULL, NULL, NULL, '2014-04-18 13:52:53', '0000-00-00 00:00:00', 0, 0, NULL, 0, 0, NULL, 0),
(56, 'kidliu02', '', '站内用户', 'kidliu02@gg.cn', '12', NULL, NULL, NULL, NULL, NULL, '2014-04-18 13:54:45', '0000-00-00 00:00:00', 0, 0, NULL, 0, 0, NULL, 0),
(57, 'kidliu03', '', '站内用户', 'kidliu03@gg.cn', '12', NULL, NULL, NULL, NULL, NULL, '2014-04-18 13:55:40', '0000-00-00 00:00:00', 0, 0, NULL, 0, 0, NULL, 0),
(58, 'kidliu03', '', '站内用户', 'kidliu04@gg.cn', '12', NULL, NULL, NULL, NULL, NULL, '2014-04-18 14:53:14', '0000-00-00 00:00:00', 0, 0, NULL, 0, 0, NULL, 0),
(59, 'kidliu05', '', '站内用户', 'kidliu05@gg.cn', '12', NULL, NULL, NULL, NULL, NULL, '2014-04-18 14:56:04', '0000-00-00 00:00:00', 0, 0, NULL, 0, 0, NULL, 0),
(60, 'kidliu06', '', '站内用户', 'kidliu06@gg.cn', '12', NULL, NULL, NULL, NULL, NULL, '2014-04-18 15:00:41', '0000-00-00 00:00:00', 0, 0, NULL, 0, 0, NULL, 0),
(61, 'kidliu08', '', '站内用户', 'kidliu08@gg.cn', '12', NULL, NULL, NULL, NULL, NULL, '2014-04-18 15:01:57', '0000-00-00 00:00:00', 0, 0, NULL, 0, 0, NULL, 0),
(62, 'kidliu010', '', '站内用户', 'kidliu010@gg.cn', '12', NULL, NULL, NULL, NULL, NULL, '2014-04-18 15:22:35', '0000-00-00 00:00:00', 0, 0, NULL, 0, 0, NULL, 0),
(63, 'kidliu011', '', '站内用户', 'kidliu011@gg.cn', '12', NULL, NULL, NULL, NULL, NULL, '2014-04-18 15:24:02', '0000-00-00 00:00:00', 0, 0, NULL, 0, 0, NULL, 0),
(64, 'kidliu012', '', '站内用户', 'kidliu012@gg.cn', '12', NULL, NULL, NULL, NULL, NULL, '2014-04-18 15:26:57', '0000-00-00 00:00:00', 0, 0, NULL, 0, 0, NULL, 0),
(65, 'Kidliuxu', '', '站内用户', 'kidliu003@gg.cn', '123456', NULL, NULL, NULL, NULL, NULL, '2014-05-12 19:55:41', '0000-00-00 00:00:00', 0, 0, NULL, 0, 0, NULL, 0),
(72, 'longying3', '', '站内用户', 'longying3@126.com', '96e79218965eb72c92a549dd5a330112', NULL, '2', '2', '222', '222', '0000-00-00 00:00:00', '2014-05-14 19:33:18', 18, 3000, NULL, 0, 0, NULL, 0),
(70, 'longying1', '', '站内用户', 'longying1@126.com', '96e79218965eb72c92a549dd5a330112', '/Uploads/201405/5373487d5dbae.jpg', '', '', 'sadasfa', '', '0000-00-00 00:00:00', '2014-05-14 18:41:36', 18, 1000, NULL, 0, 0, NULL, 0),
(71, 'longying2', '', '站内用户', 'longying2@126.com', '96e79218965eb72c92a549dd5a330112', NULL, '2', 'titile', 'titile', '', '0000-00-00 00:00:00', '2014-05-14 19:04:59', 18, 1000, NULL, 0, 0, NULL, 0),
(73, 'QQ_20140525_194458', '13F1A3D80E796EFECE208F62839799FC', 'QQ', '', NULL, NULL, NULL, NULL, NULL, NULL, '2014-05-25 19:44:58', '2014-05-25 19:44:58', 0, 0, NULL, 0, 0, NULL, 0);

-- --------------------------------------------------------

--
-- 表的结构 `user_school`
--

CREATE TABLE IF NOT EXISTS `user_school` (
  `uid` int(11) NOT NULL AUTO_INCREMENT COMMENT 'uid',
  `loginname` varchar(100) NOT NULL COMMENT '用户登陆名',
  `password` varchar(128) NOT NULL COMMENT '密码',
  `email` varchar(100) NOT NULL COMMENT 'email',
  `schoolname` varchar(100) NOT NULL COMMENT '学校名称',
  `createtime` datetime NOT NULL COMMENT '注册时间',
  `state` int(4) NOT NULL DEFAULT '0' COMMENT '审核状态: 0等待审核，1审核通过,2 审核中',
  PRIMARY KEY (`uid`)
) ENGINE=MyISAM  DEFAULT CHARSET=utf8 COMMENT='学校用户表' AUTO_INCREMENT=21 ;

--
-- 转存表中的数据 `user_school`
--

INSERT INTO `user_school` (`uid`, `loginname`, `password`, `email`, `schoolname`, `createtime`, `state`) VALUES
(1, 'xiaoxi', '96e79218965eb72c92a549dd5a330112', 'longying@126.com', '北京师范大学附属实验中学（实验中学）', '2014-05-23 17:30:09', 1),
(17, 'baojie', 'e10adc3949ba59abbe56e057f20f883e', 'shibj@icesmart.cn', '零度智慧大学', '2014-06-04 10:12:40', 0),
(18, 'xiaoliu', 'e10adc3949ba59abbe56e057f20f883e', '1719451729@qq.com', '北京市第二中学', '2014-06-05 21:20:12', 0),
(19, 'xiaozhang', '96e79218965eb72c92a549dd5a330112', 'xiaozhang@126.com', '北京开放大学', '2014-06-05 21:11:13', 0),
(20, 'gao', 'e10adc3949ba59abbe56e057f20f883e', 'yagula@163.com', '人民大学', '2014-06-06 15:21:08', 0),
(16, 'kidliuxu', 'e10adc3949ba59abbe56e057f20f883e', 'liuxu@icesmart.cn', '测试学校', '2014-05-29 16:03:56', 0);

-- --------------------------------------------------------

--
-- 表的结构 `word_log`
--

CREATE TABLE IF NOT EXISTS `word_log` (
  `wlogid` int(11) NOT NULL AUTO_INCREMENT COMMENT '索引ID',
  `wordname` varchar(100) NOT NULL COMMENT '搜索词名称',
  `clickrate` int(11) NOT NULL COMMENT '搜索点击率',
  PRIMARY KEY (`wlogid`)
) ENGINE=MyISAM  DEFAULT CHARSET=utf8 COMMENT='搜索关键词日志表' AUTO_INCREMENT=24 ;

--
-- 转存表中的数据 `word_log`
--

INSERT INTO `word_log` (`wlogid`, `wordname`, `clickrate`) VALUES
(1, '人力资源', 2),
(2, '西游记', 2),
(3, '投资管理', 3),
(4, '企业投资', 4),
(5, '投资理财', 2),
(6, '财务管理', 4),
(7, '红楼梦', 5),
(8, '北京胡同', 6),
(9, '北京印象', 7),
(10, '水浒传', 8),
(11, '三国演义', 9),
(12, '金瓶梅', 1),
(13, '个人收藏', 10),
(14, 'Test', 1),
(15, '识破你', 1),
(16, '曹操', 2),
(17, '饭否', 1),
(18, 'Ddd', 2),
(19, '三国', 7),
(20, '视频', 1),
(21, '了俊', 1),
(22, 'Adsfasdf', 1),
(23, '', 22);

-- --------------------------------------------------------

--
-- 表的结构 `wrong_parper`
--

CREATE TABLE IF NOT EXISTS `wrong_parper` (
  `wid` int(11) NOT NULL AUTO_INCREMENT COMMENT '错题id',
  `qid` int(11) NOT NULL COMMENT '问题id',
  `eid` int(11) NOT NULL COMMENT '选项ID',
  `userid` int(11) NOT NULL COMMENT '用户ID',
  `errornum` int(11) NOT NULL DEFAULT '1' COMMENT '错误次数',
  `createtime` datetime NOT NULL COMMENT '创建时间',
  PRIMARY KEY (`wid`)
) ENGINE=MyISAM  DEFAULT CHARSET=utf8 COMMENT='错题表' AUTO_INCREMENT=57 ;

--
-- 转存表中的数据 `wrong_parper`
--

INSERT INTO `wrong_parper` (`wid`, `qid`, `eid`, `userid`, `errornum`, `createtime`) VALUES
(13, 16, 5, 13, 1, '2014-02-11 11:34:00'),
(14, 17, 59, 13, 1, '2014-02-11 11:37:00'),
(15, 33, 106, 13, 1, '2014-02-11 17:00:49'),
(18, 15, 52, 13, 1, '2014-02-11 17:00:49'),
(19, 29, 96, 13, 1, '2014-02-11 17:00:49'),
(20, 33, 106, 13, 1, '2014-02-11 17:00:59'),
(21, 32, 103, 13, 1, '2014-02-11 17:00:59'),
(22, 27, 89, 13, 1, '2014-02-11 17:00:59'),
(23, 15, 52, 13, 1, '2014-02-11 17:00:59'),
(24, 29, 96, 13, 1, '2014-02-11 17:00:59'),
(25, 23, 77, 13, 1, '2014-02-11 17:19:44'),
(26, 21, 70, 13, 1, '2014-02-11 17:19:44'),
(27, 28, 92, 13, 1, '2014-02-12 13:03:37'),
(28, 30, 98, 13, 1, '2014-02-12 13:03:37'),
(29, 16, 6, 13, 1, '2014-02-12 13:03:37'),
(30, 17, 59, 13, 1, '2014-02-12 13:03:37'),
(31, 22, 74, 13, 1, '2014-02-12 13:03:37'),
(32, 26, 87, 13, 1, '2014-02-12 13:03:37'),
(33, 33, 106, 13, 1, '2014-02-12 13:03:37'),
(34, 21, 70, 13, 1, '2014-02-12 13:03:37'),
(35, 18, 62, 13, 1, '2014-02-12 13:03:37'),
(36, 15, 54, 13, 1, '2014-02-12 13:03:37'),
(37, 31, 101, 13, 1, '2014-02-12 13:03:37'),
(38, 23, 76, 13, 1, '2014-02-12 13:03:37'),
(39, 20, 67, 13, 1, '2014-02-12 13:03:37'),
(40, 14, 55, 13, 1, '2014-02-12 13:22:09'),
(41, 32, 103, 13, 1, '2014-02-12 13:24:45'),
(42, 32, 103, 13, 1, '2014-02-12 13:26:58'),
(43, 15, 52, 13, 1, '2014-02-12 14:00:52'),
(44, 27, 89, 13, 1, '2014-02-12 14:00:52'),
(45, 17, 59, 13, 1, '2014-02-12 14:42:34'),
(46, 28, 91, 13, 1, '2014-02-12 14:42:34'),
(47, 29, 94, 13, 1, '2014-02-12 14:42:34'),
(48, 16, 5, 13, 1, '2014-02-12 14:42:34'),
(49, 14, 57, 13, 1, '2014-02-12 14:42:34'),
(50, 26, 86, 13, 1, '2014-02-12 14:42:34'),
(51, 13, 2, 13, 1, '2014-02-12 14:42:34'),
(52, 22, 74, 13, 1, '2014-02-12 14:42:34'),
(53, 20, 67, 13, 1, '2014-02-12 14:42:34'),
(54, 32, 103, 13, 1, '2014-02-12 14:42:34'),
(55, 18, 61, 13, 1, '2014-02-12 14:42:35'),
(56, 23, 77, 13, 1, '2014-02-12 14:42:35');

/*!40101 SET CHARACTER_SET_CLIENT=@OLD_CHARACTER_SET_CLIENT */;
/*!40101 SET CHARACTER_SET_RESULTS=@OLD_CHARACTER_SET_RESULTS */;
/*!40101 SET COLLATION_CONNECTION=@OLD_COLLATION_CONNECTION */;
